workload_id,arrival_pattern,burst_pattern,n_processes,arrival_mean,arrival_std,arrival_range,burst_mean,burst_std,burst_min,burst_max,burst_sum,burst_coefficient_of_variation,workload_density,short_job_ratio,arrival_clustering_score,burst_variability_index,priority_mean,priority_std,priority_min,priority_max,priority_span,best_algorithm
0,ordered,medium,9,8.11111111111111,5.506449641495053,20.0,7.666666666666667,1.632993161855452,5.0,10.0,69.0,0.21299910804031993,3.2857142857142856,0.0,0.7377881123097594,0.2721655269759087,5.555555555555555,2.5867659392939593,2.0,9.0,7.0,SJF_NP
1,scattered,short,5,11.2,3.249615361854384,9.0,2.8,0.7483314773547882,2.0,4.0,14.0,0.2672612418169739,1.4,1.0,0.6750384638145616,0.2494438257849294,5.2,2.4819347291981715,1.0,8.0,7.0,SJF_NP
2,clustered,short,5,10.6,0.7999999999999999,2.0,2.2,1.16619037896906,1.0,4.0,11.0,0.5300865356540788,3.6666666666666665,1.0,0.7333333333333334,0.291547594742265,6.6,2.0591260281974,4.0,10.0,6.0,SRTF
3,scattered,mixed,10,8.1,5.7,20.0,9.0,6.04979338490167,1.0,18.0,90.0,0.6721992649143856,4.285714285714286,0.4,0.7285714285714285,0.3360996324945372,5.8,2.4413111231467406,2.0,10.0,8.0,SRTF
4,mixed,mixed,5,9.2,4.445222154178573,12.0,10.2,5.075431016179808,6.0,20.0,51.0,0.49759127604727615,3.923076923076923,0.0,0.6580598342939559,0.3383620677453205,5.4,3.3823069050575527,2.0,10.0,8.0,SRTF
5,ordered,medium,12,9.333333333333334,5.169354139756941,17.0,8.166666666666666,1.724013405464767,5.0,10.0,98.0,0.21110368227595877,5.444444444444445,0.0,0.7128136589023921,0.28733556757746115,6.666666666666667,2.4267032964268394,3.0,10.0,7.0,SJF_NP
6,tight,medium,8,9.25,0.6614378277661477,2.0,6.75,1.5612494995995996,5.0,10.0,54.0,0.23129622212863754,18.0,0.0,0.7795207240779508,0.2602082499332666,6.375,2.341874249399399,3.0,10.0,7.0,SJF_NP
7,ordered,short,10,12.5,5.5362442142665635,17.0,2.6,1.2806248474865698,1.0,4.0,26.0,0.49254801807462373,1.4444444444444444,1.0,0.6924308769851909,0.32015621187164245,5.8,2.749545416973504,2.0,10.0,8.0,SRTF
8,scattered,short,6,8.833333333333334,4.6696419087073,15.0,2.3333333333333335,1.1055415967851334,1.0,4.0,14.0,0.4738035412762842,0.875,1.0,0.7081473807057937,0.27638539919628335,7.666666666666667,2.7487370837451075,3.0,10.0,7.0,FCFS
9,scattered,medium,12,9.166666666666666,6.242773600109348,19.0,7.166666666666667,1.51840559652405,5.0,9.0,86.0,0.21187054832262966,4.3,0.0,0.6878613199945326,0.30368111930481,5.583333333333333,2.396467307424734,2.0,10.0,8.0,SRTF
10,scattered,mixed,12,10.25,5.182100603680584,18.0,11.5,5.619905100029122,2.0,19.0,138.0,0.4886873999600378,7.2631578947368425,0.08333333333333333,0.7272578629641797,0.31221695000161787,6.416666666666667,2.5967394084804805,2.0,10.0,8.0,SRTF
11,ordered,short,12,11.916666666666666,5.024246764994287,16.0,3.0,1.224744871391589,1.0,4.0,36.0,0.4082482903277802,2.1176470588235294,1.0,0.7044560726473948,0.30618621784789724,5.916666666666667,3.0402393911591163,1.0,10.0,9.0,SRTF
12,tight,medium,8,19.5,0.5,1.0,6.375,1.653594569415369,5.0,10.0,51.0,0.2593873833970167,25.5,0.0,0.75,0.2755990949025615,5.75,2.9895651857753496,2.0,10.0,8.0,SJF_NP
13,mixed,mixed,10,7.7,4.605431575867782,14.0,12.5,5.6964901474504455,5.0,20.0,125.0,0.4557192117595781,8.333333333333334,0.0,0.6929712282754812,0.35603063421565284,5.3,3.1,1.0,10.0,9.0,SRTF
14,mixed,mixed,6,7.666666666666667,3.9440531887330774,13.0,13.833333333333334,5.550275268448904,2.0,18.0,83.0,0.40122471817212135,5.928571428571429,0.16666666666666666,0.7182819150904944,0.32648678049699437,5.166666666666667,2.4776781245530843,2.0,10.0,8.0,SRTF
15,clustered,mixed,6,8.833333333333334,3.6704525909242065,10.0,7.666666666666667,1.1055415967851332,6.0,9.0,46.0,0.14420107782273026,4.181818181818182,0.0,0.666322491734163,0.2763853991962833,5.833333333333333,3.624760528488591,1.0,10.0,9.0,SJF_NP
16,tight,short,7,6.714285714285714,0.6998542122237652,2.0,2.857142857142857,0.8329931278350429,2.0,4.0,20.0,0.29154759464022334,6.666666666666667,1.0,0.7667152625920782,0.2776643759450143,4.285714285714286,2.249716535431946,1.0,9.0,8.0,SJF_NP
17,clustered,short,8,6.625,2.912795049432761,7.0,2.625,1.2183492931011204,1.0,4.0,21.0,0.46413306386170944,2.625,1.0,0.6359006188209049,0.3045873232752801,6.25,2.436698586202241,2.0,10.0,8.0,SJF_NP
18,scattered,short,12,12.666666666666666,6.289320754704403,19.0,2.1666666666666665,1.0671873729054748,1.0,4.0,26.0,0.4925480180367355,1.3,1.0,0.6855339622647798,0.2667968432263687,5.166666666666667,2.9674156357941426,1.0,10.0,9.0,SRTF
19,scattered,long,11,10.545454545454545,5.883159886313977,17.0,14.363636363636363,2.3460887091934435,11.0,18.0,158.0,0.16333528986918475,8.777777777777779,0.0,0.673157784093668,0.29326108864918043,5.545454545454546,3.4473609501560984,1.0,10.0,9.0,SJF_NP
20,clustered,mixed,5,7.4,9.068627239003707,19.0,12.4,6.437390775772433,2.0,19.0,62.0,0.5191444173591361,3.1,0.2,0.5465686380498147,0.35763282087624626,4.2,3.6551333764994136,1.0,10.0,9.0,SRTF
21,clustered,short,6,8.166666666666666,4.740487551109298,11.0,1.8333333333333333,0.6871842709362768,1.0,3.0,11.0,0.3748277839426085,0.9166666666666666,1.0,0.6049593707408918,0.2290614236454256,8.833333333333334,0.8975274678557508,8.0,10.0,2.0,SJF_NP
22,scattered,mixed,7,13.857142857142858,5.026460595931195,14.0,9.857142857142858,4.323641700120445,5.0,19.0,69.0,0.43863031735902464,4.6,0.0,0.6649026269379203,0.28824278000802966,4.714285714285714,3.1943828249996997,1.0,10.0,9.0,SRTF
23,clustered,medium,6,12.166666666666666,5.550275268448904,12.0,6.833333333333333,1.7716909687891083,5.0,10.0,41.0,0.2592718490531468,3.1538461538461537,0.0,0.5730557485808535,0.29528182813151804,6.5,2.4324199198877374,2.0,10.0,8.0,SRTF
24,scattered,medium,8,7.375,6.323319934970869,20.0,8.0,1.8027756377319946,5.0,10.0,64.0,0.22534695468833094,3.0476190476190474,0.0,0.698889526906149,0.3004626062886658,7.0,3.4641016151377544,1.0,10.0,9.0,SJF_NP
25,scattered,medium,12,10.166666666666666,5.128894184476373,16.0,7.583333333333333,1.8465433171800283,5.0,10.0,91.0,0.2435002176180037,5.352941176470588,0.0,0.6983003420896252,0.30775721953000473,5.25,2.5860201081971503,1.0,10.0,9.0,SRTF
26,clustered,medium,5,13.0,3.687817782917155,8.0,7.6,2.1540659228538015,5.0,10.0,38.0,0.2834297266539963,4.222222222222222,0.0,0.5902424685647605,0.35901098714230023,6.4,1.4966629547095764,5.0,9.0,4.0,SRTF
27,clustered,short,10,8.8,4.354308211415448,10.0,2.1,1.1357816691600549,1.0,4.0,21.0,0.5408484136281935,1.9090909090909092,1.0,0.604153798962232,0.2839454172900137,5.3,3.2264531609803355,1.0,10.0,9.0,SRTF
28,scattered,short,8,10.5,4.272001872658765,13.0,3.25,1.0897247358851685,1.0,4.0,26.0,0.3352999186307288,1.8571428571428572,1.0,0.6948570090958025,0.2724311839712921,5.25,2.1065374432940898,2.0,8.0,6.0,SRTF
29,tight,short,9,9.777777777777779,0.7856742013183862,2.0,2.3333333333333335,1.0540925533894598,1.0,4.0,21.0,0.45175395125901674,7.0,1.0,0.7381085995605379,0.26352313834736496,5.666666666666667,2.6666666666666665,2.0,9.0,7.0,SJF_NP
30,scattered,medium,9,11.777777777777779,5.094174838376733,15.0,7.777777777777778,2.096440251568134,5.0,10.0,70.0,0.26954231802410467,4.375,0.0,0.6816140726014541,0.34940670859468903,5.888888888888889,2.0245407953653998,3.0,9.0,6.0,SJF_NP
31,clustered,mixed,8,13.25,2.817356917396161,7.0,9.125,4.621620386834038,3.0,16.0,73.0,0.5064789464468558,9.125,0.25,0.6478303853254799,0.330115741916717,6.0,2.449489742783178,3.0,10.0,7.0,SRTF
32,tight,medium,7,12.285714285714286,0.6998542122237652,2.0,6.571428571428571,1.2936264483053452,5.0,9.0,46.0,0.19685619862520487,15.333333333333334,0.0,0.7667152625920782,0.25872528966106906,4.857142857142857,2.9965967090575756,2.0,10.0,8.0,SRTF
33,ordered,medium,11,11.818181818181818,6.220467416202182,19.0,6.636363636363637,1.7200807207658637,5.0,10.0,73.0,0.2591902455558001,3.65,0.0,0.6889766291898909,0.28668012012764393,5.545454545454546,2.807899129360091,1.0,10.0,9.0,SJF_NP
34,clustered,medium,6,13.333333333333334,8.013876853447538,17.0,6.5,1.5,5.0,9.0,39.0,0.23076923073372782,2.1666666666666665,0.0,0.5547846192529146,0.3,6.5,2.4324199198877374,3.0,10.0,7.0,SJF_NP
35,scattered,mixed,10,5.8,4.28485705712571,13.0,11.7,5.622277118748239,3.0,20.0,117.0,0.4805365058348464,8.357142857142858,0.2,0.6939387816338778,0.3123487288193466,6.3,3.034798181098704,1.0,10.0,9.0,SJF_NP
36,scattered,medium,12,6.5,5.172040216394301,14.0,7.166666666666667,1.5723301886761007,5.0,9.0,86.0,0.21939491001721476,5.733333333333333,0.0,0.6551973189070466,0.31446603773522014,5.333333333333333,2.778888666755511,1.0,10.0,9.0,SJF_NP
37,ordered,medium,11,8.545454545454545,4.905722750266197,15.0,6.909090909090909,1.7814470856604931,5.0,10.0,76.0,0.2578410255188049,4.75,0.0,0.6933923281083627,0.2969078476100822,5.818181818181818,2.6566616720368104,1.0,10.0,9.0,SRTF
38,clustered,short,10,14.6,6.62117814289874,14.0,2.4,1.0198039027185568,1.0,4.0,24.0,0.42491829262234937,1.6,1.0,0.5585881238067507,0.2549509756796392,5.5,1.746424919657298,2.0,8.0,6.0,SRTF
39,scattered,mixed,6,11.666666666666666,4.6785562825394,13.0,7.0,4.203173404306164,1.0,13.0,42.0,0.6004533433865301,3.0,0.3333333333333333,0.6658174083900428,0.32332103110047417,3.1666666666666665,2.793842435706702,1.0,9.0,8.0,SRTF
40,scattered,medium,6,6.666666666666667,5.792715732327588,18.0,7.833333333333333,1.6749792701868151,5.0,10.0,47.0,0.2138271408476155,2.473684210526316,0.0,0.6951202246143375,0.2791632116978025,6.5,3.4034296427770228,1.0,10.0,9.0,SJF_NP
41,clustered,short,6,9.833333333333334,4.844813951249544,10.0,2.8333333333333335,1.0671873729054748,1.0,4.0,17.0,0.3766543667748778,1.5454545454545454,1.0,0.5595623680682232,0.2667968432263687,5.666666666666667,2.6874192494328497,2.0,9.0,7.0,SRTF
42,ordered,medium,5,11.4,6.151422599691879,15.0,8.0,1.2649110640673518,6.0,9.0,40.0,0.15811388298865472,2.5,0.0,0.6155360875192575,0.31622776601683794,5.4,2.8000000000000003,2.0,10.0,8.0,SJF_NP
43,clustered,medium,12,11.166666666666666,5.885481194336525,14.0,8.0,2.1213203435596424,5.0,10.0,96.0,0.26516504291180965,6.4,0.0,0.6076345870442317,0.35355339059327373,4.833333333333333,2.852873794770615,1.0,10.0,9.0,SRTF
44,clustered,medium,5,4.6,5.642694391866353,12.0,8.8,1.469693845669907,6.0,10.0,44.0,0.16701066426169273,3.3846153846153846,0.0,0.5659465852410497,0.29393876913398137,4.8,2.7856776554368237,2.0,9.0,7.0,SRTF
45,scattered,mixed,8,8.375,5.935855035291883,17.0,9.375,4.998437255783052,3.0,18.0,75.0,0.5331666405599877,4.166666666666667,0.25,0.6702302758171176,0.31240232848644073,4.875,3.179524335494226,1.0,10.0,9.0,SRTF
46,clustered,short,11,6.090909090909091,6.487113736331373,15.0,2.8181818181818183,0.8331955809010617,2.0,4.0,31.0,0.2956500447309525,1.9375,1.0,0.5945553914792892,0.2777318603003539,4.545454545454546,2.775334094995227,1.0,10.0,9.0,SJF_NP
47,ordered,medium,10,7.8,5.473572873361603,14.0,7.4,1.9595917942265424,5.0,10.0,74.0,0.2648097018867206,4.933333333333334,0.0,0.6350951417758931,0.3265986323710904,7.1,2.467792535850613,1.0,10.0,9.0,SRTF
48,scattered,medium,6,9.0,7.702813338860896,17.0,7.333333333333333,1.699673171197595,5.0,10.0,44.0,0.231773614222612,2.4444444444444446,0.0,0.5720659256188392,0.28327886186626583,3.3333333333333335,2.1343747458109497,1.0,7.0,6.0,SJF_NP
49,ordered,medium,7,8.571428571428571,6.253162465211225,20.0,7.857142857142857,1.551825784457174,5.0,9.0,55.0,0.19750509981486694,2.619047619047619,0.0,0.7022303587994655,0.3103651568914348,4.142857142857143,3.1815796359028696,1.0,9.0,8.0,SJF_NP
50,tight,medium,10,12.1,0.8306623862918076,2.0,7.0,1.7320508075688772,5.0,9.0,70.0,0.24743582961734875,23.333333333333332,0.0,0.7231125379027308,0.34641016151377546,5.6,2.33238075793812,1.0,10.0,9.0,SRTF
51,scattered,mixed,7,13.714285714285714,2.7105237087157534,8.0,8.571428571428571,5.150787536377128,1.0,15.0,60.0,0.6009252125072236,6.666666666666667,0.2857142857142857,0.6988306990315829,0.3433858357584752,7.714285714285714,2.710523708715754,3.0,10.0,7.0,SJF_NP
52,tight,short,7,1.8571428571428572,0.8329931278350429,2.0,2.4285714285714284,1.178030178747903,1.0,4.0,17.0,0.48507124987293077,5.666666666666667,1.0,0.7223356240549856,0.29450754468697576,7.285714285714286,2.813959371941744,2.0,10.0,8.0,SJF_NP
53,clustered,short,10,9.7,4.473253849269009,10.0,2.5,1.2041594578792296,1.0,4.0,25.0,0.48166378295902634,2.272727272727273,1.0,0.5933405591573628,0.3010398644698074,6.2,3.1240998703626617,2.0,10.0,8.0,SRTF
54,ordered,medium,7,10.428571428571429,5.924697529522206,17.0,7.571428571428571,1.6781914463529615,5.0,10.0,53.0,0.22164792684753198,2.9444444444444446,0.0,0.6708501372487663,0.2796985743921602,4.571428571428571,2.381904571504724,1.0,8.0,7.0,SRTF
55,tight,medium,6,15.666666666666666,0.7453559924999299,2.0,7.5,1.6072751268321592,5.0,10.0,45.0,0.21430335021571412,15.0,0.0,0.7515480025000234,0.26787918780535985,4.5,2.9860788111948193,1.0,10.0,9.0,SJF_NP
56,ordered,medium,6,7.833333333333333,7.690181330039552,17.0,7.166666666666667,1.2133516482134197,5.0,9.0,43.0,0.1693048811224346,2.388888888888889,0.0,0.5727677038866916,0.24267032964268392,4.833333333333333,1.3437096247164249,3.0,7.0,4.0,SJF_NP
57,scattered,short,10,7.0,5.403702434442518,19.0,2.5,1.2041594578792296,1.0,4.0,25.0,0.48166378295902634,1.25,1.0,0.7298148782778741,0.3010398644698074,5.1,2.7730849247724096,1.0,10.0,9.0,SRTF
58,scattered,short,5,4.4,3.1368774282716245,9.0,2.8,1.16619037896906,1.0,4.0,14.0,0.41649656376877264,1.4,1.0,0.6863122571728375,0.291547594742265,6.0,2.449489742783178,3.0,10.0,7.0,SRTF
59,clustered,medium,8,11.625,2.595067436503337,6.0,7.75,1.3919410907075054,6.0,10.0,62.0,0.1796053020036,8.857142857142858,0.0,0.6292760804995233,0.27838821814150105,4.875,3.018174116912409,1.0,10.0,9.0,SJF_NP
60,clustered,short,9,11.666666666666666,2.211083193570267,5.0,2.4444444444444446,1.2570787221094177,1.0,4.0,22.0,0.514259477016201,3.6666666666666665,1.0,0.6314861344049556,0.31426968052735443,5.111111111111111,3.0711722135745005,1.0,10.0,9.0,SJF_NP
61,scattered,mixed,9,10.444444444444445,5.459163776239221,18.0,8.777777777777779,4.916588197741686,2.0,20.0,79.0,0.5601176427168875,4.157894736842105,0.2222222222222222,0.7126755907242515,0.25876779988114135,5.0,2.5385910352879693,1.0,10.0,9.0,SJF_NP
62,ordered,short,12,10.666666666666666,4.588633299312068,15.0,2.3333333333333335,0.9428090415820634,1.0,4.0,28.0,0.40406101764771524,1.75,1.0,0.7132104187929957,0.23570226039551584,5.0,3.2914029430219167,1.0,10.0,9.0,SRTF
63,mixed,mixed,9,12.777777777777779,3.083208205669246,10.0,9.222222222222221,6.390579486465958,1.0,20.0,83.0,0.6929544020717715,7.545454545454546,0.3333333333333333,0.7197083449391595,0.3195289743232979,3.7777777777777777,2.6152449546532934,1.0,10.0,9.0,SRTF
64,scattered,mixed,5,7.6,5.9194594347794975,17.0,12.4,2.6532998322843198,9.0,17.0,62.0,0.2139757929088987,3.4444444444444446,0.0,0.6711411425122502,0.29481109247603554,5.6,2.6532998322843198,2.0,9.0,7.0,SRTF
65,tight,short,11,16.90909090909091,0.7925270806437589,2.0,1.8181818181818181,0.9359663764533637,1.0,3.0,20.0,0.5147815067662201,6.666666666666667,1.0,0.7358243064520804,0.31198879215112124,4.909090909090909,2.8429992311112526,1.0,10.0,9.0,SJF_NP
66,ordered,medium,8,6.875,5.797359312652615,15.0,7.125,1.8328597873268975,5.0,10.0,57.0,0.25724347888696897,3.5625,0.0,0.6376650429592116,0.3054766312211496,6.5,2.6457513110645907,3.0,10.0,7.0,SJF_NP
67,scattered,long,7,11.571428571428571,6.020373573058707,19.0,15.857142857142858,2.9485382057928993,11.0,19.0,111.0,0.18594385080404222,5.55,0.0,0.6989813213470646,0.327615356199211,6.428571428571429,2.3211538298959886,3.0,10.0,7.0,SRTF
68,scattered,long,7,6.571428571428571,3.9589732744431476,13.0,16.285714285714285,2.913725436338734,13.0,20.0,114.0,0.17891296537823462,8.142857142857142,0.0,0.7172161946826323,0.36421567954234174,5.0,3.116774889895918,1.0,10.0,9.0,SJF_NP
69,mixed,mixed,7,7.714285714285714,5.521756597167911,17.0,10.142857142857142,3.6811710647786073,5.0,16.0,71.0,0.3629323584635173,3.9444444444444446,0.0,0.6932357446017827,0.3067642553982173,6.0,3.3380918415851206,1.0,10.0,9.0,SRTF
70,tight,medium,11,17.0,0.8528028654224418,2.0,6.545454545454546,1.6160353486028343,5.0,10.0,72.0,0.24689428933215748,24.0,0.0,0.7157323781925193,0.26933922476713906,4.0,2.9232609437842774,1.0,10.0,9.0,SJF_NP
71,mixed,mixed,9,12.0,6.27162924074226,18.0,8.777777777777779,4.184037863058384,1.0,14.0,79.0,0.4766625413067783,4.157894736842105,0.2222222222222222,0.6699142504872495,0.29885984736131316,5.777777777777778,3.5832256659104664,1.0,10.0,9.0,SJF_NP
72,clustered,mixed,6,7.0,4.69041575982343,10.0,15.333333333333334,3.9440531887330774,7.0,19.0,92.0,0.2572208601179906,8.363636363636363,0.0,0.5735985672887791,0.30338870682562136,6.333333333333333,3.0368111930480994,1.0,10.0,9.0,SJF_NP
73,ordered,short,6,10.166666666666666,6.148622248565572,15.0,2.6666666666666665,1.247219128924647,1.0,4.0,16.0,0.46770717317135246,1.0,1.0,0.6157111094646517,0.31180478223116176,6.833333333333333,2.5440562537456244,4.0,10.0,6.0,SRTF
74,clustered,medium,7,13.428571428571429,5.499536158548617,16.0,7.285714285714286,1.8294640678379568,5.0,10.0,51.0,0.2511029112374113,3.0,0.0,0.676497873026552,0.3049106779729928,6.571428571428571,3.155817433482074,1.0,10.0,9.0,SJF_NP
75,scattered,long,6,10.833333333333334,7.3805299418281765,19.0,18.0,1.7320508075688772,16.0,20.0,108.0,0.09622504485959178,5.4,0.0,0.6309735029085912,0.34641016151377546,3.5,1.2583057392117916,2.0,5.0,3.0,SJF_NP
76,tight,short,5,7.8,0.9797958971132712,2.0,2.0,1.2649110640673518,1.0,4.0,10.0,0.6324555317174481,3.3333333333333335,1.0,0.6734013676289097,0.31622776601683794,4.0,1.6733200530681511,1.0,6.0,5.0,SJF_NP
77,scattered,short,12,12.0,6.879922480183431,20.0,2.8333333333333335,1.1426091000668408,1.0,4.0,34.0,0.4032737998812589,1.619047619047619,1.0,0.672384643800789,0.2856522750167102,6.5,2.6299556396765835,1.0,10.0,9.0,SJF_NP
78,scattered,medium,10,8.4,5.986651818838307,19.0,8.0,2.0,5.0,10.0,80.0,0.24999999996875,4.0,0.0,0.7006674090580847,0.3333333333333333,4.6,3.4409301068170506,1.0,10.0,9.0,SJF_NP
79,ordered,medium,8,11.125,6.41165930161608,19.0,7.625,0.9921567416492215,6.0,9.0,61.0,0.13011891692053804,3.05,0.0,0.679417034919196,0.24803918541230538,4.75,2.6339134382131846,1.0,8.0,7.0,SJF_NP
80,ordered,medium,5,12.8,3.370459909270543,10.0,8.0,1.8973665961010275,5.0,10.0,40.0,0.23717082448298207,3.6363636363636362,0.0,0.693594553702678,0.31622776601683794,5.4,2.727636339397171,3.0,10.0,7.0,SJF_NP
81,ordered,short,9,7.666666666666667,5.557777333511022,18.0,3.0,0.9428090415820634,2.0,4.0,27.0,0.3142696804225979,1.4210526315789473,1.0,0.7074854034994199,0.31426968052735443,6.444444444444445,2.499382639822665,3.0,10.0,7.0,SRTF
82,clustered,mixed,12,6.583333333333333,6.1027088702932195,13.0,10.833333333333334,4.65176191231762,1.0,19.0,130.0,0.4293934072512209,9.285714285714286,0.08333333333333333,0.5640922235504844,0.24482957433250632,6.833333333333333,2.4438130497691968,2.0,10.0,8.0,SJF_NP
83,ordered,short,8,8.125,6.029873547596169,17.0,1.75,0.82915619758885,1.0,3.0,14.0,0.4738035412085979,0.7777777777777778,1.0,0.6650070251335463,0.2763853991962833,5.625,3.07967124868873,1.0,10.0,9.0,SJF_NP
84,tight,medium,10,8.7,0.7810249675906655,2.0,6.9,1.57797338380595,5.0,10.0,69.0,0.22869179472134174,23.0,0.0,0.7396583441364448,0.26299556396765833,7.3,2.72213151776324,1.0,10.0,9.0,SJF_NP
85,tight,medium,6,6.333333333333333,0.7453559924999298,2.0,7.666666666666667,1.7950549357115013,5.0,10.0,46.0,0.23413760027965613,15.333333333333334,0.0,0.7515480025000234,0.29917582261858355,7.166666666666667,3.2360813064912666,1.0,10.0,9.0,SRTF
86,scattered,short,11,11.818181818181818,3.432946834272583,13.0,2.4545454545454546,1.233150906022776,1.0,4.0,27.0,0.5023948133601553,1.9285714285714286,1.0,0.7547895118376726,0.308287726505694,5.454545454545454,2.4995867427031855,1.0,8.0,7.0,SRTF
87,mixed,mixed,11,10.454545454545455,6.213820905685477,19.0,11.818181818181818,5.621681757723748,2.0,20.0,130.0,0.4756807640748365,6.5,0.09090909090909091,0.6893089547157262,0.29587798724861836,4.7272727272727275,3.1934851036818714,1.0,10.0,9.0,SRTF
88,ordered,medium,6,12.666666666666666,6.394442031083626,20.0,7.333333333333333,1.247219128924647,5.0,9.0,44.0,0.1700753357392598,2.0952380952380953,0.0,0.6955027604245893,0.2494438257849294,5.666666666666667,1.5986105077709065,4.0,9.0,5.0,SJF_NP
89,tight,medium,7,1.0,0.9258200997725514,2.0,8.0,1.4142135623730951,6.0,10.0,56.0,0.1767766952745398,18.666666666666668,0.0,0.6913933000758161,0.282842712474619,6.714285714285714,2.657296462534039,2.0,10.0,8.0,SJF_NP
90,clustered,short,12,8.583333333333334,6.849067251985647,16.0,2.4166666666666665,0.8620067027323834,1.0,4.0,29.0,0.3566924285692515,1.7058823529411764,1.0,0.5971136910596678,0.21550167568309586,4.583333333333333,2.871072196158703,1.0,10.0,9.0,SRTF
91,ordered,medium,9,7.666666666666667,4.618802153517006,17.0,8.555555555555555,1.4989708403591155,5.0,10.0,77.0,0.17520438391760002,4.277777777777778,0.0,0.7433998803601664,0.24982847339318592,5.111111111111111,2.8846122190549264,1.0,10.0,9.0,SJF_NP
92,scattered,medium,6,8.5,5.9651767227244274,17.0,7.333333333333333,2.1343747458109497,5.0,10.0,44.0,0.29105110166180437,2.4444444444444446,0.0,0.6686012931819763,0.35572912430182496,5.333333333333333,1.7950549357115013,2.0,7.0,5.0,SJF_NP
93,clustered,mixed,6,13.666666666666666,4.0276819911981905,9.0,8.166666666666666,4.913134324327891,1.0,14.0,49.0,0.6016082845379123,4.9,0.3333333333333333,0.5972318008801809,0.3509381660234208,5.333333333333333,1.699673171197595,3.0,8.0,5.0,SRTF
94,tight,short,7,8.714285714285714,0.880630571852711,2.0,3.0,1.0690449676496976,1.0,4.0,21.0,0.3563483224311164,7.0,1.0,0.7064564760490963,0.2672612419124244,6.571428571428571,2.381904571504724,3.0,10.0,7.0,SJF_NP
95,mixed,mixed,12,8.916666666666666,5.751207602659539,20.0,9.0,4.358898943540674,1.0,19.0,108.0,0.4843221047840391,5.142857142857143,0.16666666666666666,0.7261329713019267,0.2294157338705618,5.333333333333333,3.009245014211298,1.0,10.0,9.0,SRTF
96,mixed,mixed,7,10.857142857142858,5.303060340934453,16.0,9.285714285714286,3.953815000885156,2.0,14.0,65.0,0.4257954615879311,3.823529411764706,0.14285714285714285,0.6880552740626792,0.3041396154527043,5.428571428571429,2.498979383505129,2.0,10.0,8.0,SJF_NP
97,tight,medium,7,4.142857142857143,0.8329931278350429,2.0,7.857142857142857,1.9587584572574412,5.0,10.0,55.0,0.2492965308919457,18.333333333333332,0.0,0.7223356240549856,0.3264597428762402,6.285714285714286,3.1036515689143473,1.0,9.0,8.0,SRTF
98,scattered,long,5,9.4,7.631513611335565,18.0,17.0,3.286335345030997,11.0,20.0,85.0,0.19331384381398137,4.473684210526316,0.0,0.5983413888770754,0.3286335345030997,7.2,1.32664991614216,5.0,9.0,4.0,SJF_NP
99,scattered,medium,11,10.909090909090908,5.64808166073057,18.0,8.090909090909092,1.5048132142951682,5.0,10.0,89.0,0.18598815005843797,4.684210526315789,0.0,0.7027325441720753,0.25080220238252804,4.636363636363637,3.364864640603954,1.0,10.0,9.0,SRTF
100,ordered,medium,6,13.166666666666666,6.121455890735652,18.0,8.0,1.5275252316519468,5.0,10.0,48.0,0.19094065393262577,2.526315789473684,0.0,0.677818111013913,0.2545875386086578,3.3333333333333335,1.3743685418725535,2.0,6.0,4.0,SJF_NP
101,ordered,medium,11,8.090909090909092,5.1425947722658,17.0,7.909090909090909,1.6211413181933645,5.0,10.0,87.0,0.20497189078014158,4.833333333333333,0.0,0.7143002904296778,0.27019021969889406,5.0,2.9541957835039856,1.0,10.0,9.0,SRTF
102,ordered,short,9,13.666666666666666,4.346134936801766,12.0,2.6666666666666665,1.4907119849998598,1.0,4.0,24.0,0.559016994165316,1.8461538461538463,1.0,0.6656819279383257,0.37267799624996495,6.0,2.70801280154532,1.0,10.0,9.0,SJF_NP
103,scattered,long,6,8.166666666666666,5.2094998693625945,15.0,16.833333333333332,3.0776975521032313,11.0,20.0,101.0,0.18283351793586522,6.3125,0.0,0.6744062581648378,0.3077697552103231,5.0,2.943920288775949,1.0,10.0,9.0,SJF_NP
104,scattered,long,12,10.583333333333334,5.55965126804031,16.0,14.0,2.8284271247461903,11.0,19.0,168.0,0.2020305088960114,9.882352941176471,0.0,0.672961690115276,0.3142696805273545,5.25,3.467107343785787,1.0,10.0,9.0,SJF_NP
105,tight,medium,9,16.11111111111111,0.7370277311900888,2.0,7.111111111111111,2.0245407953653998,5.0,10.0,64.0,0.28470104930822326,21.333333333333332,0.0,0.7543240896033038,0.3374234658942333,5.0,2.8674417556808756,1.0,10.0,9.0,SJF_NP
106,scattered,short,8,10.0,8.170067319184096,20.0,2.875,0.7806247497997998,2.0,4.0,23.0,0.27152165200983586,1.0952380952380953,1.0,0.6109491752769478,0.2602082499332666,4.5,2.7838821814150108,1.0,9.0,8.0,SJF_NP
107,clustered,medium,10,13.6,2.615339366124404,7.0,7.5,1.5,5.0,10.0,75.0,0.19999999997333334,9.375,0.0,0.6730825792344495,0.25,6.4,2.939387691339814,2.0,10.0,8.0,SRTF
108,scattered,short,10,11.8,4.749736834815167,17.0,2.1,0.9433981132056604,1.0,4.0,21.0,0.4492371965506777,1.1666666666666667,1.0,0.7361257313991574,0.2358495283014151,6.1,3.176476034853718,2.0,10.0,8.0,SRTF
109,clustered,medium,6,9.666666666666666,9.672412085697939,20.0,7.666666666666667,1.1055415967851332,6.0,9.0,46.0,0.14420107782273026,2.1904761904761907,0.0,0.5394089483000981,0.2763853991962833,4.5,2.9860788111948193,1.0,10.0,9.0,SJF_NP
110,clustered,short,12,7.5,5.024937810560445,11.0,3.0833333333333335,0.9537935951882998,1.0,4.0,37.0,0.30933846320398745,3.0833333333333335,1.0,0.5812551824532963,0.23844839879707494,4.083333333333333,2.396467307424734,1.0,8.0,7.0,SJF_NP
111,scattered,short,8,10.5,6.782329983125268,19.0,2.5,1.3228756555322954,1.0,4.0,20.0,0.529150262001258,1.0,1.0,0.6608835008437366,0.33071891388307384,4.375,2.4462982238476156,1.0,9.0,8.0,SRTF
112,ordered,short,5,12.6,4.498888751680798,12.0,3.4,0.4898979485566356,3.0,4.0,17.0,0.1440876318860435,1.3076923076923077,1.0,0.6539316344860925,0.2449489742783178,7.0,3.687817782917155,2.0,10.0,8.0,FCFS
113,scattered,medium,5,6.6,7.1442284397967,18.0,8.0,1.4142135623730951,6.0,10.0,40.0,0.1767766952745398,2.1052631578947367,0.0,0.6239879768528052,0.282842712474619,3.2,1.8330302779823362,1.0,5.0,4.0,SRTF
114,tight,short,6,16.166666666666668,0.6871842709362768,2.0,2.0,1.1547005383792515,1.0,4.0,12.0,0.5773502689009505,4.0,1.0,0.7709385763545744,0.28867513459481287,6.5,2.565800719723442,2.0,10.0,8.0,SRTF
115,scattered,medium,5,10.4,5.9531504264548865,17.0,5.2,0.39999999999999997,5.0,6.0,26.0,0.07692307690828401,1.4444444444444444,0.0,0.6692694207525063,0.19999999999999998,7.4,1.3564659966250536,5.0,9.0,4.0,FCFS
116,tight,medium,10,11.1,0.9433981132056604,2.0,8.1,1.6401219466856725,5.0,10.0,81.0,0.20248419092385042,27.0,0.0,0.6855339622647798,0.2733536577809454,5.6,3.5270384177096794,1.0,10.0,9.0,SJF_NP
117,scattered,long,5,8.6,4.963869458396342,14.0,17.6,1.0198039027185568,16.0,19.0,88.0,0.05794340356026212,5.866666666666666,0.0,0.6690753694402438,0.2549509756796392,6.0,2.0976176963403033,3.0,8.0,5.0,SJF_NP
118,ordered,medium,8,8.25,5.2141634036535525,15.0,7.375,2.057759704144291,5.0,10.0,59.0,0.27901826493088444,3.6875,0.0,0.674114787271653,0.3429599506907152,7.5,2.3979157616563596,3.0,10.0,7.0,SJF_NP
119,tight,medium,8,2.875,0.7806247497997998,2.0,7.0,1.7320508075688772,5.0,10.0,56.0,0.24743582961734875,18.666666666666668,0.0,0.7397917500667335,0.28867513459481287,3.625,2.4462982238476156,1.0,8.0,7.0,SJF_NP
120,clustered,short,12,11.916666666666666,3.277660073216189,8.0,3.0,1.1547005383792515,1.0,4.0,36.0,0.38490017933145043,4.0,1.0,0.6358155474204235,0.28867513459481287,4.916666666666667,2.5644470922381863,1.0,9.0,8.0,SRTF
121,ordered,short,12,5.75,5.356071321407137,17.0,2.1666666666666665,1.2133516482134197,1.0,4.0,26.0,0.5600084527631128,1.4444444444444444,1.0,0.702440482144048,0.3033379120533549,4.916666666666667,3.06752705321766,1.0,10.0,9.0,SJF_NP
122,scattered,mixed,10,9.5,5.5362442142665635,19.0,11.3,6.542935121182236,1.0,20.0,113.0,0.5790208071330278,5.65,0.2,0.7231877892866718,0.3271467560591118,4.9,1.8681541692269403,2.0,8.0,6.0,SRTF
123,tight,medium,6,8.333333333333334,0.4714045207910317,1.0,7.166666666666667,1.4624940645653537,5.0,9.0,43.0,0.20406893921320252,21.5,0.0,0.7642977396044841,0.2924988129130707,4.666666666666667,3.197221015541813,1.0,9.0,8.0,SJF_NP
124,mixed,mixed,5,9.4,4.673328578219169,14.0,5.6,3.6110940170535577,2.0,12.0,28.0,0.6448382172158428,1.8666666666666667,0.6,0.6884447614520555,0.3282812742775962,7.8,1.9390719429665317,5.0,10.0,5.0,SRTF
125,scattered,mixed,10,7.8,6.063002556489648,15.0,11.9,6.518435395092905,3.0,20.0,119.0,0.5477676802138771,7.4375,0.2,0.621062340219397,0.3621352997273836,4.2,2.749545416973504,1.0,10.0,9.0,SRTF
126,clustered,short,12,8.416666666666666,5.922532303743804,13.0,2.8333333333333335,1.2801909579781012,1.0,4.0,34.0,0.4518321026563302,2.4285714285714284,1.0,0.5769619783040141,0.3200477394945253,5.5,2.8136571693556887,1.0,10.0,9.0,SJF_NP
127,ordered,medium,10,8.9,5.262128846769148,16.0,7.4,1.9078784028338915,5.0,10.0,74.0,0.25782140575352297,4.352941176470588,0.0,0.6904630090135795,0.3179797338056486,5.0,3.1622776601683795,1.0,10.0,9.0,SJF_NP
128,clustered,medium,5,13.2,4.749736834815167,10.0,8.2,1.16619037896906,7.0,10.0,41.0,0.14221833888132215,3.727272727272727,0.0,0.5682057422895304,0.291547594742265,4.0,1.6733200530681511,1.0,6.0,5.0,SJF_NP
129,tight,medium,11,11.0,0.8528028654224418,2.0,6.7272727272727275,1.3545149477955765,5.0,9.0,74.0,0.20134681653427736,24.666666666666668,0.0,0.7157323781925193,0.2709029895591153,4.7272727272727275,2.2998382983042758,2.0,9.0,7.0,SJF_NP
130,scattered,medium,8,7.5,4.949747468305833,16.0,7.375,1.7275343701356567,5.0,10.0,59.0,0.23424194846120877,3.4705882352941178,0.0,0.7088383842173039,0.28792239502260947,5.375,3.1991209730174317,1.0,9.0,8.0,SJF_NP
131,scattered,mixed,6,14.666666666666666,5.055250296034367,15.0,13.333333333333334,3.39934634239519,8.0,18.0,80.0,0.2549509756605179,5.0,0.0,0.6840468564978521,0.30903148567229,5.833333333333333,2.7938424357067015,1.0,9.0,8.0,SJF_NP
132,clustered,medium,6,12.166666666666666,8.610394235392993,19.0,6.666666666666667,0.9428090415820634,5.0,8.0,40.0,0.1414213562160963,2.0,0.0,0.5694802882303504,0.23570226039551584,6.0,2.943920288775949,2.0,10.0,8.0,SJF_NP
133,ordered,short,8,11.25,6.887488656977955,17.0,2.75,0.9682458365518543,1.0,4.0,22.0,0.35208939498173264,1.2222222222222223,1.0,0.6173617412790025,0.24206145913796356,6.625,3.2379584617471546,2.0,10.0,8.0,SRTF
134,scattered,mixed,10,10.6,7.512655988397179,20.0,12.9,3.7,8.0,20.0,129.0,0.28682170540412233,6.142857142857143,0.0,0.6422544767429914,0.2846153846153846,6.2,2.9597297173897483,2.0,10.0,8.0,SRTF
135,scattered,mixed,6,8.333333333333334,5.82141639885766,19.0,14.0,3.958114029012639,7.0,18.0,84.0,0.2827224306235655,4.2,0.0,0.708929180057117,0.3298428357510533,5.0,2.160246899469287,1.0,8.0,7.0,SRTF
136,scattered,medium,7,9.0,4.840306956027833,15.0,7.428571428571429,1.3997084244475304,5.0,10.0,52.0,0.18842228788103377,3.25,0.0,0.6974808152482604,0.23328473740792174,4.285714285714286,2.1189138534559038,2.0,9.0,7.0,SJF_NP
137,ordered,medium,8,12.375,5.851014869234225,17.0,7.75,1.3919410907075054,5.0,10.0,62.0,0.1796053020036,3.4444444444444446,0.0,0.6749436183758764,0.23199018178458422,7.25,2.1065374432940898,5.0,10.0,5.0,SJF_NP
138,scattered,mixed,6,12.166666666666666,6.202598021976132,14.0,8.333333333333334,5.676462121975467,1.0,18.0,50.0,0.6811754545553149,3.3333333333333335,0.3333333333333333,0.5864934652015912,0.3153590067764148,5.833333333333333,2.793842435706702,1.0,10.0,9.0,SRTF
139,scattered,short,6,16.5,1.6072751268321592,5.0,2.1666666666666665,1.3437096247164249,1.0,4.0,13.0,0.6201736726598083,2.1666666666666665,1.0,0.7321208121946401,0.3359274061791062,4.333333333333333,2.808716591058786,1.0,9.0,8.0,SRTF
140,clustered,medium,8,9.125,4.044672421840859,9.0,7.75,1.6393596310755,5.0,10.0,62.0,0.21153027495018964,6.2,0.0,0.5955327578159141,0.27322660517925,6.75,2.9895651857753496,1.0,10.0,9.0,SJF_NP
141,tight,medium,8,15.75,0.82915619758885,2.0,6.75,1.5612494995995996,5.0,9.0,54.0,0.23129622212863754,18.0,0.0,0.7236146008037168,0.3122498999199199,6.375,2.496873044429772,2.0,10.0,8.0,SJF_NP
142,clustered,short,6,10.333333333333334,0.74535599249993,2.0,1.8333333333333333,0.6871842709362768,1.0,3.0,11.0,0.3748277839426085,3.6666666666666665,1.0,0.7515480025000233,0.2290614236454256,6.0,2.516611478423583,2.0,10.0,8.0,SRTF
143,tight,short,7,3.7142857142857144,0.880630571852711,2.0,3.0,0.9258200997725514,2.0,4.0,21.0,0.3086066998213149,7.0,1.0,0.7064564760490963,0.3086066999241838,4.0,3.0237157840738176,1.0,10.0,9.0,SJF_NP
144,tight,medium,8,10.25,0.82915619758885,2.0,7.625,1.4947825928876748,5.0,10.0,61.0,0.19603706133660823,20.333333333333332,0.0,0.7236146008037168,0.2491304321479458,3.0,2.3979157616563596,1.0,9.0,8.0,SRTF
145,mixed,mixed,8,10.625,6.799586384479573,19.0,8.125,6.392133837772798,1.0,20.0,65.0,0.7867241645521321,3.25,0.5,0.6600206807760214,0.3196066918886399,7.5,2.8284271247461903,2.0,10.0,8.0,SRTF
146,ordered,short,9,9.444444444444445,6.929984946450078,18.0,2.888888888888889,0.8748897637790901,1.0,4.0,26.0,0.30284645658793047,1.368421052631579,1.0,0.635263950186838,0.21872244094477253,7.333333333333333,2.0548046676563256,3.0,10.0,7.0,SRTF
147,tight,short,8,8.75,0.82915619758885,2.0,2.5,1.224744871391589,1.0,4.0,20.0,0.4898979483606764,6.666666666666667,1.0,0.7236146008037168,0.30618621784789724,6.0,2.8284271247461903,1.0,9.0,8.0,SJF_NP
148,tight,short,9,18.444444444444443,0.4969039949999533,1.0,2.888888888888889,1.1967032904743342,1.0,4.0,26.0,0.4142434465592622,13.0,1.0,0.7515480025000234,0.29917582261858355,5.444444444444445,2.586765939293959,1.0,9.0,8.0,SJF_NP
149,clustered,mixed,10,10.1,1.0440306508910548,3.0,11.5,5.852349955359813,4.0,19.0,115.0,0.5088999960739924,28.75,0.2,0.7389923372772362,0.3657718722099883,6.0,2.8635642126552705,1.0,10.0,9.0,SRTF
150,scattered,medium,5,10.0,6.0,16.0,8.2,0.9797958971132713,7.0,10.0,41.0,0.11948730451143709,2.411764705882353,0.0,0.6470588235294117,0.24494897427831783,3.4,1.624807680927192,1.0,6.0,5.0,SJF_NP
151,ordered,medium,12,10.583333333333334,5.950606878480734,18.0,7.583333333333333,1.6051133570215186,5.0,10.0,91.0,0.2116632997991018,4.7894736842105265,0.0,0.6868101642904877,0.26751889283691976,5.0,2.972092416687835,1.0,10.0,9.0,SJF_NP
152,clustered,medium,8,11.25,2.817356917396161,7.0,7.625,1.2183492931011204,6.0,10.0,61.0,0.15978351382837205,7.625,0.0,0.6478303853254799,0.24366985862022408,5.75,2.222048604328897,3.0,9.0,6.0,SJF_NP
153,clustered,mixed,8,15.375,4.688749833377763,10.0,7.5,5.916079783099616,2.0,19.0,60.0,0.7888106376414408,5.454545454545454,0.5,0.5737500151474761,0.32867109906108977,5.125,3.018174116912409,1.0,10.0,9.0,SRTF
154,mixed,mixed,8,11.5,5.979130371550699,16.0,12.5,4.123105625617661,5.0,19.0,100.0,0.329848450023025,5.882352941176471,0.0,0.6482864487323119,0.2748737083745107,5.125,3.0998991919093113,2.0,10.0,8.0,SJF_NP
155,ordered,medium,12,8.333333333333334,6.182412330330469,18.0,8.0,1.6832508230603465,5.0,10.0,96.0,0.2104063528562425,5.052631578947368,0.0,0.674609877351028,0.28054180384339106,6.333333333333333,2.094967514996089,3.0,10.0,7.0,SJF_NP
156,ordered,medium,6,8.0,6.191391873668904,16.0,7.0,1.4142135623730951,5.0,9.0,42.0,0.20203050888158067,2.4705882352941178,0.0,0.6358004780194763,0.282842712474619,7.0,1.4142135623730951,5.0,9.0,4.0,SJF_NP
157,scattered,short,11,8.636363636363637,4.734260569560559,16.0,3.0,0.9534625892455924,1.0,4.0,33.0,0.3178208629759238,1.9411764705882353,1.0,0.7215140841434966,0.2383656473113981,5.0,2.522624895547565,2.0,9.0,7.0,SRTF
158,mixed,mixed,5,9.8,3.059411708155671,7.0,3.8,3.9191835884530852,1.0,11.0,19.0,1.0313641019530846,2.375,0.6,0.6175735364805411,0.35628941713209866,3.0,3.03315017762062,1.0,9.0,8.0,SJF_NP
159,scattered,medium,6,15.5,3.4034296427770228,10.0,7.833333333333333,1.6749792701868151,6.0,10.0,47.0,0.2138271408476155,4.2727272727272725,0.0,0.6905973052020888,0.33499585403736304,5.333333333333333,3.1446603773522015,1.0,10.0,9.0,SJF_NP
160,scattered,mixed,9,9.88888888888889,4.9316313380382555,15.0,10.222222222222221,5.977323402805673,3.0,20.0,92.0,0.5847381589129176,5.75,0.3333333333333333,0.6917730413726091,0.33207352237809296,5.111111111111111,3.2470309324894346,1.0,10.0,9.0,SRTF
161,tight,medium,10,3.1,0.9433981132056604,2.0,7.0,1.4142135623730951,5.0,9.0,70.0,0.20203050888158067,23.333333333333332,0.0,0.6855339622647798,0.282842712474619,5.1,3.6728735344413916,1.0,10.0,9.0,SJF_NP
162,scattered,long,6,9.833333333333334,6.0667582410671,18.0,14.166666666666666,2.192157739660984,11.0,17.0,85.0,0.15474054631808778,4.473684210526316,0.0,0.680696934680679,0.31316539138014055,7.166666666666667,1.863389981249825,4.0,10.0,6.0,SRTF
163,scattered,long,12,7.75,4.90110531751087,17.0,15.166666666666666,2.6087459737497545,11.0,19.0,182.0,0.17200522902710436,10.11111111111111,0.0,0.7277163712493961,0.2898606637499727,6.083333333333333,3.174332825790152,1.0,10.0,9.0,SRTF
164,tight,short,9,2.888888888888889,0.5665577237325317,2.0,2.888888888888889,0.9938079899999066,1.0,4.0,26.0,0.3440104579578102,8.666666666666666,1.0,0.8111474254224894,0.24845199749997665,6.222222222222222,3.3259176771323924,1.0,10.0,9.0,SJF_NP
165,scattered,medium,8,12.625,6.66966078597705,20.0,8.25,1.479019945774904,5.0,10.0,66.0,0.17927514492068228,3.142857142857143,0.0,0.6823971054296643,0.24650332429581734,7.0,1.6583123951777,4.0,9.0,5.0,SRTF
166,tight,medium,9,11.777777777777779,0.7856742013183862,2.0,6.888888888888889,1.5947444549341472,5.0,10.0,62.0,0.2314951627794172,20.666666666666668,0.0,0.7381085995605379,0.2657907424890245,6.222222222222222,2.298684540619689,3.0,10.0,7.0,SJF_NP
167,scattered,short,11,12.272727272727273,7.110695006191334,20.0,2.5454545454545454,1.233150906022776,1.0,4.0,28.0,0.4844521414614844,1.3333333333333333,1.0,0.6613954758956507,0.308287726505694,4.545454545454546,2.104697618689132,1.0,9.0,8.0,SJF_NP
168,tight,medium,6,13.5,0.7637626158259734,2.0,6.333333333333333,1.3743685418725535,5.0,9.0,38.0,0.21700555920877074,12.666666666666666,0.0,0.7454124613913422,0.2748737083745107,6.166666666666667,1.6749792701868151,3.0,8.0,5.0,SJF_NP
169,scattered,short,12,10.5,5.139714648369758,16.0,2.5833333333333335,1.1873172373979173,1.0,4.0,31.0,0.45960667236321695,1.8235294117647058,1.0,0.6976638442135437,0.2968293093494793,4.75,2.4537386440559095,1.0,8.0,7.0,SJF_NP
170,scattered,mixed,9,8.777777777777779,5.2446327649804205,15.0,9.555555555555555,4.499657051403686,4.0,17.0,86.0,0.4708943425394782,5.375,0.1111111111111111,0.6722104521887238,0.32140407510026325,5.555555555555555,3.4995590551163605,1.0,10.0,9.0,SJF_NP
171,clustered,mixed,7,13.428571428571429,7.306692487168242,15.0,8.428571428571429,3.539860483818248,2.0,12.0,59.0,0.41998344718284497,3.6875,0.14285714285714285,0.5433317195519849,0.32180549852893164,5.142857142857143,3.2261685116103473,1.0,9.0,8.0,SRTF
172,tight,short,7,11.571428571428571,0.4948716593053935,1.0,2.2857142857142856,1.1605769149479943,1.0,4.0,16.0,0.5077524000676058,8.0,1.0,0.7525641703473033,0.2901442287369986,4.857142857142857,3.0904725218262765,1.0,8.0,7.0,SJF_NP
173,clustered,mixed,9,9.88888888888889,5.065009475573991,11.0,9.555555555555555,4.297573245736381,4.0,17.0,86.0,0.44974603729743856,7.166666666666667,0.1111111111111111,0.5779158770355008,0.30696951755259866,4.666666666666667,1.632993161855452,3.0,8.0,5.0,SJF_NP
174,scattered,short,5,9.8,4.261455150532504,12.0,2.6,1.019803902718557,1.0,4.0,13.0,0.3922322701255095,1.0,1.0,0.6721957576513459,0.25495097567963926,6.4,3.3823069050575527,2.0,10.0,8.0,FCFS
175,clustered,mixed,7,6.857142857142857,6.749149606295838,16.0,11.142857142857142,6.266203485560374,1.0,17.0,78.0,0.5623515948075148,4.588235294117647,0.2857142857142857,0.6029911996296566,0.3686002050329632,6.571428571428571,1.049781318335648,5.0,8.0,3.0,SRTF
176,clustered,mixed,12,8.666666666666666,5.676462121975468,12.0,9.166666666666666,4.913134324327892,1.0,17.0,110.0,0.5359782898682088,8.461538461538462,0.25,0.5633490675403486,0.2890079014310525,5.25,2.520747243709029,1.0,9.0,8.0,SRTF
177,tight,short,5,3.4,0.8,2.0,2.8,1.16619037896906,1.0,4.0,14.0,0.41649656376877264,4.666666666666667,1.0,0.7333333333333334,0.291547594742265,8.2,1.5999999999999999,5.0,9.0,4.0,SJF_NP
178,clustered,mixed,5,12.6,0.48989794855663565,1.0,10.4,5.0039984012787215,6.0,20.0,52.0,0.4811536923843815,26.0,0.0,0.7550510257216821,0.33359989341858143,6.0,3.5777087639996634,2.0,10.0,8.0,SJF_NP
179,mixed,mixed,12,8.75,6.098155458825234,20.0,11.0,6.137317546507322,2.0,19.0,132.0,0.5579379587226713,6.285714285714286,0.25,0.709611644817846,0.34096208591707344,5.333333333333333,2.8087165910587863,2.0,10.0,8.0,SRTF
180,tight,medium,8,4.25,0.82915619758885,2.0,7.625,1.3169567191065923,6.0,10.0,61.0,0.1727156352700166,20.333333333333332,0.0,0.7236146008037168,0.26339134382131846,4.375,2.117634293262177,1.0,8.0,7.0,SJF_NP
181,mixed,mixed,12,10.833333333333334,5.742144392317405,18.0,10.166666666666666,4.412734098291241,5.0,20.0,122.0,0.43403941946136415,6.421052631578948,0.0,0.6977818740885576,0.2757958811432026,5.5,2.140872096444188,1.0,9.0,8.0,SRTF
182,scattered,long,5,11.6,4.673328578219169,13.0,13.8,3.3105890714493698,11.0,20.0,69.0,0.23989775878329506,4.928571428571429,0.0,0.666190815841488,0.33105890714493696,5.0,2.1908902300206643,2.0,8.0,6.0,SJF_NP
183,clustered,short,7,10.0,2.2677868380553634,6.0,1.8571428571428572,0.8329931278350429,1.0,3.0,13.0,0.44853476090042743,1.8571428571428572,1.0,0.6760304517063767,0.2776643759450143,5.428571428571429,3.3319725113401715,1.0,10.0,9.0,SJF_NP
184,scattered,short,8,9.5,3.605551275463989,12.0,2.125,1.2686114456365274,1.0,4.0,17.0,0.5969936211950747,1.3076923076923077,1.0,0.7226499018873854,0.31715286140913185,5.0,2.5,1.0,8.0,7.0,SRTF
185,mixed,mixed,8,8.5,5.315072906367325,18.0,7.0,5.267826876426369,1.0,19.0,56.0,0.7525466965248317,2.9473684210526314,0.375,0.7202593207175092,0.27725404612770366,4.0,3.1622776601683795,1.0,10.0,9.0,SRTF
186,scattered,short,5,9.2,7.025667228100119,17.0,3.0,1.0954451150103321,1.0,4.0,15.0,0.3651483715483946,0.8333333333333334,1.0,0.6096851539944379,0.27386127875258304,7.6,1.7435595774162693,5.0,10.0,5.0,FCFS
187,clustered,medium,6,9.666666666666666,0.7453559924999299,2.0,7.5,1.6072751268321592,5.0,10.0,45.0,0.21430335021571412,15.0,0.0,0.7515480025000234,0.26787918780535985,7.0,2.516611478423583,3.0,10.0,7.0,SJF_NP
188,scattered,short,11,9.090909090909092,6.74812493087114,18.0,2.727272727272727,1.052348809344566,1.0,4.0,30.0,0.3858612299515251,1.5789473684210527,1.0,0.6448355299541506,0.2630872023361415,6.818181818181818,1.8982375470746455,2.0,9.0,7.0,SJF_NP
189,tight,short,11,3.909090909090909,0.668042657122685,2.0,2.1818181818181817,0.9359663764533636,1.0,4.0,24.0,0.4289845890111737,8.0,1.0,0.7773191142924384,0.2339915941133409,5.636363636363637,2.5680812530591877,2.0,9.0,7.0,SJF_NP
190,tight,medium,7,11.0,0.5345224838248488,2.0,7.142857142857143,0.989743318610787,6.0,9.0,50.0,0.1385640645861112,16.666666666666668,0.0,0.8218258387250504,0.24743582965269675,4.857142857142857,3.0904725218262765,1.0,9.0,8.0,SJF_NP
191,scattered,short,10,11.0,6.526867548832288,17.0,2.6,1.2000000000000002,1.0,4.0,26.0,0.4615384613609468,1.4444444444444444,1.0,0.6373962472870951,0.30000000000000004,4.0,3.1937438845342623,1.0,10.0,9.0,SJF_NP
192,scattered,medium,12,9.5,6.251666444503684,19.0,7.333333333333333,1.5986105077709065,5.0,10.0,88.0,0.21799234193903375,4.4,0.0,0.6874166777748159,0.2664350846284844,5.0,2.886751345948129,1.0,10.0,9.0,SRTF
193,scattered,long,11,12.363636363636363,6.064392756421061,19.0,15.818181818181818,3.2141217326661256,11.0,19.0,174.0,0.20319160377639237,8.7,0.0,0.696780362178947,0.35712463696290286,5.818181818181818,3.5628941713209867,1.0,10.0,9.0,SJF_NP
194,ordered,short,8,8.375,6.4213997695206615,18.0,1.875,0.7806247497997998,1.0,3.0,15.0,0.41633319967118215,0.7894736842105263,1.0,0.6620315910778599,0.2602082499332666,3.75,3.2691742076555053,1.0,10.0,9.0,FCFS
195,ordered,medium,9,14.0,4.666666666666667,16.0,7.222222222222222,1.617802197617893,5.0,10.0,65.0,0.22400338117761548,3.823529411764706,0.0,0.7254901960784313,0.26963369960298217,6.222222222222222,3.5206621150566355,1.0,10.0,9.0,SJF_NP
196,scattered,mixed,7,13.0,5.7817446699565895,17.0,7.428571428571429,5.2333311668612,1.0,18.0,52.0,0.7044868877518652,2.888888888888889,0.2857142857142857,0.6787919627801895,0.29074062038117776,4.857142857142857,2.9485382057928993,1.0,9.0,8.0,SRTF
197,scattered,medium,5,6.0,6.324555320336759,18.0,7.4,1.8547236990991407,5.0,10.0,37.0,0.25063833768223004,1.9473684210526316,0.0,0.6671286673506969,0.30912061651652345,6.0,2.6832815729997477,2.0,9.0,7.0,SRTF
198,ordered,short,6,11.0,3.958114029012639,12.0,3.0,1.1547005383792515,1.0,4.0,18.0,0.38490017933145043,1.3846153846153846,1.0,0.6955296900759509,0.28867513459481287,7.166666666666667,1.863389981249825,5.0,9.0,4.0,SRTF
199,ordered,short,11,10.181818181818182,5.540235994615488,16.0,2.6363636363636362,1.0679400113155209,1.0,4.0,29.0,0.4050806937936152,1.7058823529411764,1.0,0.6741037650226184,0.2669850028288802,3.3636363636363638,2.267266166061805,1.0,8.0,7.0,SRTF
200,scattered,short,6,13.666666666666666,4.818944098266987,13.0,3.0,0.5773502691896257,2.0,4.0,18.0,0.19245008966572522,1.2857142857142858,1.0,0.6557897072666439,0.19245008972987523,4.333333333333333,2.6246692913372702,2.0,9.0,7.0,FCFS
201,scattered,medium,12,10.583333333333334,5.604437725786791,18.0,7.666666666666667,1.699673171197595,5.0,10.0,92.0,0.2216965005620737,4.842105263157895,0.0,0.7050295933796427,0.28327886186626583,5.166666666666667,2.576604138956718,1.0,8.0,7.0,SRTF
202,ordered,medium,12,11.0,5.773502691896258,17.0,8.166666666666666,1.6244657241348273,5.0,10.0,98.0,0.19891417027786693,5.444444444444445,0.0,0.6792498504502078,0.2707442873558045,5.083333333333333,2.782634642844,1.0,10.0,9.0,SJF_NP
203,ordered,short,5,7.4,6.118823416311343,18.0,2.4,1.2000000000000002,1.0,4.0,12.0,0.49999999979166676,0.631578947368421,1.0,0.6779566622994031,0.30000000000000004,5.6,2.939387691339814,2.0,10.0,8.0,SRTF
204,clustered,medium,12,4.25,6.166103577895309,17.0,7.083333333333333,1.2555432644432805,5.0,10.0,85.0,0.17725316671990973,4.722222222222222,0.0,0.6574386901169273,0.20925721074054673,5.083333333333333,2.812422838447701,1.0,9.0,8.0,SJF_NP
205,scattered,mixed,12,11.333333333333334,5.022173057773121,17.0,7.75,5.903741751352837,1.0,19.0,93.0,0.7617731291085243,5.166666666666667,0.4166666666666667,0.720990385679271,0.31072325007120194,5.25,2.553592241007427,1.0,10.0,9.0,SRTF
206,mixed,mixed,5,10.8,6.734983296193095,16.0,9.6,5.748043145279966,3.0,20.0,48.0,0.5987544942376262,2.823529411764706,0.2,0.6038245119886415,0.31933573029333145,8.6,1.8547236990991407,5.0,10.0,5.0,SRTF
207,scattered,mixed,8,10.25,7.066647012551285,18.0,14.25,3.799671038392666,5.0,19.0,114.0,0.26664358162287877,6.0,0.0,0.6280712098657218,0.25331140255951107,5.375,2.496873044429772,1.0,10.0,9.0,SJF_NP
208,clustered,mixed,12,11.75,3.6314597615834874,9.0,9.916666666666666,5.282965286865154,1.0,19.0,119.0,0.5327359952604119,11.9,0.25,0.6368540238416512,0.2780508045718502,4.5,2.9011491975882016,1.0,10.0,9.0,SRTF
209,ordered,medium,6,7.666666666666667,5.120763831912405,15.0,8.166666666666666,1.7716909687891083,5.0,10.0,49.0,0.2169417512537347,3.0625,0.0,0.6799522605054746,0.29528182813151804,5.166666666666667,2.266911751455907,1.0,8.0,7.0,SJF_NP
210,clustered,short,11,14.272727272727273,6.716207115368682,16.0,3.090909090909091,0.7925270806437588,2.0,4.0,34.0,0.2564058201253201,2.0,1.0,0.6049289932136069,0.2641756935479196,6.636363636363637,2.67217062849074,2.0,10.0,8.0,SJF_NP
211,clustered,medium,11,13.909090909090908,3.553603688307648,8.0,7.363636363636363,1.6663911618021234,5.0,10.0,81.0,0.2263000342880748,9.0,0.0,0.6051551457435946,0.2777318603003539,4.818181818181818,2.5873180855923104,1.0,10.0,9.0,SRTF
212,scattered,medium,8,9.625,6.122448448129228,18.0,8.0,1.6583123951777,5.0,10.0,64.0,0.20728904937130135,3.3684210526315788,0.0,0.6777658711510932,0.2763853991962833,6.625,2.8256636388643286,2.0,9.0,7.0,SRTF
213,tight,short,6,0.6666666666666666,0.4714045207910317,1.0,2.3333333333333335,1.1055415967851334,1.0,4.0,14.0,0.4738035412762842,7.0,1.0,0.7642977396044841,0.27638539919628335,6.0,2.516611478423583,3.0,10.0,7.0,SJF_NP
214,ordered,short,6,11.666666666666666,4.853406592853679,16.0,2.8333333333333335,1.0671873729054748,1.0,4.0,17.0,0.3766543667748778,1.0,1.0,0.7145054945380189,0.2667968432263687,7.666666666666667,1.1055415967851332,6.0,9.0,3.0,SRTF
215,scattered,medium,7,5.571428571428571,4.2378277069118075,11.0,6.142857142857143,0.9897433186107869,5.0,8.0,43.0,0.16112100532901535,3.5833333333333335,0.0,0.6468476910906826,0.24743582965269673,4.857142857142857,2.4743582965269675,2.0,9.0,7.0,SJF_NP
216,scattered,mixed,9,10.11111111111111,6.756798131338121,20.0,8.555555555555555,5.335647646019098,2.0,17.0,77.0,0.6236471273838838,3.6666666666666665,0.3333333333333333,0.6782477080315181,0.3334779778761936,5.555555555555555,2.454524670486058,1.0,9.0,8.0,SRTF
217,clustered,short,7,4.428571428571429,5.122977450583173,11.0,1.8571428571428572,0.989743318610787,1.0,4.0,13.0,0.532938709734226,1.0833333333333333,1.0,0.5730852124514023,0.24743582965269675,5.857142857142857,2.294625486315573,3.0,10.0,7.0,SJF_NP
218,clustered,medium,9,10.444444444444445,6.32650704243856,14.0,6.555555555555555,1.7069212773041351,5.0,10.0,59.0,0.2603778219219291,3.933333333333333,0.0,0.5782328638374293,0.2844868795506892,6.888888888888889,2.7666443551086073,2.0,10.0,8.0,SJF_NP
219,scattered,medium,8,13.0,3.7080992435478315,11.0,7.75,1.8540496217739157,5.0,10.0,62.0,0.23923220923028174,5.166666666666667,0.0,0.6909917297043473,0.30900827029565264,6.125,2.9764702249476644,1.0,10.0,9.0,SJF_NP
220,scattered,mixed,9,8.11111111111111,5.839414819320406,17.0,12.555555555555555,5.3771349478057155,2.0,18.0,113.0,0.42826738518935425,6.277777777777778,0.1111111111111111,0.6755880655933109,0.3163020557532774,2.4444444444444446,1.4989708403591155,1.0,5.0,4.0,SJF_NP
221,clustered,short,8,13.0,3.278719262151,8.0,1.625,0.6959705453537527,1.0,3.0,13.0,0.4282895661079773,1.4444444444444444,1.0,0.6356978597609999,0.23199018178458422,6.75,3.112474899497183,1.0,10.0,9.0,SJF_NP
222,tight,short,7,10.0,0.9258200997725514,2.0,2.4285714285714284,1.049781318335648,1.0,4.0,17.0,0.4322628956072762,5.666666666666667,1.0,0.6913933000758161,0.262445329583912,7.857142857142857,1.5518257844571735,6.0,10.0,4.0,SJF_NP
223,tight,medium,8,4.875,0.7806247497997998,2.0,7.25,1.299038105676658,5.0,9.0,58.0,0.1791776697237904,19.333333333333332,0.0,0.7397917500667335,0.2598076211353316,4.875,3.059309562630104,1.0,10.0,9.0,SJF_NP
224,clustered,short,5,7.6,4.223742416388575,11.0,2.0,1.0954451150103321,1.0,4.0,10.0,0.5477225572313048,0.8333333333333334,1.0,0.6480214653009522,0.27386127875258304,5.6,2.244994432064365,2.0,9.0,7.0,SJF_NP
225,ordered,medium,7,13.0,5.477225575051661,17.0,7.857142857142857,1.5518257844571737,5.0,10.0,55.0,0.1975050998148669,3.0555555555555554,0.0,0.6957096902749077,0.2586376307428623,4.285714285714286,2.762725657973388,1.0,10.0,9.0,SJF_NP
226,scattered,short,9,9.222222222222221,5.92129448643299,19.0,2.888888888888889,1.286204100310025,1.0,4.0,26.0,0.44522449610704634,1.3,1.0,0.7039352756783505,0.32155102507750627,5.444444444444445,2.3622546250521443,2.0,10.0,8.0,SRTF
227,tight,medium,5,12.0,0.8944271909999159,2.0,6.6,1.019803902718557,5.0,8.0,33.0,0.15451574281273353,11.0,0.0,0.7018576030000281,0.25495097567963926,7.0,3.03315017762062,1.0,9.0,8.0,SJF_NP
228,ordered,medium,6,9.166666666666666,5.66911711723165,16.0,8.166666666666666,1.462494064565354,6.0,10.0,49.0,0.17908090584321712,2.8823529411764706,0.0,0.6665225225157854,0.2924988129130708,6.0,1.5275252316519468,4.0,8.0,4.0,SJF_NP
229,scattered,long,6,14.166666666666666,5.30461015427985,13.0,16.166666666666668,2.4094720491334933,13.0,20.0,97.0,0.14903950818460537,6.928571428571429,0.0,0.6210992746942965,0.30118400614168667,7.166666666666667,1.9507833184532708,3.0,9.0,6.0,SRTF
230,scattered,medium,11,9.090909090909092,4.870216449446863,18.0,7.818181818181818,1.526623238522424,5.0,10.0,86.0,0.19526576304184584,4.526315789473684,0.0,0.7436728184501651,0.254437206420404,6.818181818181818,3.0396824540546343,1.0,10.0,9.0,SJF_NP
231,scattered,medium,8,12.875,3.179524335494226,10.0,8.75,1.479019945774904,6.0,10.0,70.0,0.1690308509263855,6.363636363636363,0.0,0.7109523331368885,0.2958039891549808,6.75,2.680951323690902,1.0,10.0,9.0,SJF_NP
232,tight,medium,10,1.3,0.6403124237432849,2.0,7.7,1.5524174696260025,5.0,10.0,77.0,0.20161265836680387,25.666666666666668,0.0,0.786562525418905,0.25873624493766706,6.4,3.0724582991474434,1.0,10.0,9.0,SJF_NP
233,clustered,short,5,8.0,6.0,15.0,3.0,0.8944271909999159,2.0,4.0,15.0,0.29814239690059113,0.9375,1.0,0.625,0.29814239699997197,5.2,1.469693845669907,3.0,7.0,4.0,SJF_NP
234,ordered,short,12,11.583333333333334,6.129958310534329,18.0,2.5,1.0408329997330663,1.0,4.0,30.0,0.41633319972669325,1.5789473684210527,1.0,0.6773706152350354,0.2602082499332666,5.5,3.1490739379485304,1.0,10.0,9.0,SJF_NP
235,mixed,mixed,11,11.818181818181818,4.344655689217643,14.0,10.909090909090908,4.699217448480032,3.0,19.0,120.0,0.43076159940451647,8.0,0.18181818181818182,0.7103562873854905,0.27642455579294306,4.181818181818182,3.0989200998289657,1.0,10.0,9.0,SRTF
236,scattered,mixed,5,1.0,0.8944271909999159,2.0,13.0,5.865151319446072,2.0,18.0,65.0,0.4511654860765313,21.666666666666668,0.2,0.7018576030000281,0.3450089011438866,5.2,3.4292856398964497,1.0,10.0,9.0,SRTF
237,ordered,medium,8,9.5,4.5,16.0,6.75,1.6393596310755,5.0,9.0,54.0,0.24286809345668622,3.176470588235294,0.0,0.7352941176470589,0.32787192621510003,4.0,2.5495097567963922,1.0,9.0,8.0,SJF_NP
238,clustered,short,9,6.444444444444445,6.993824436380541,15.0,2.2222222222222223,1.0304020550550783,1.0,4.0,20.0,0.4636809245661288,1.25,1.0,0.5628859727262162,0.2576005137637696,3.7777777777777777,2.249828525701843,1.0,8.0,7.0,SJF_NP
239,tight,short,11,0.2727272727272727,0.4453617714151233,1.0,2.3636363636363638,1.0679400113155209,1.0,4.0,26.0,0.45182077382695,13.0,1.0,0.7773191142924384,0.2669850028288802,6.181818181818182,3.0989200998289657,1.0,10.0,9.0,SJF_NP
240,scattered,short,8,9.625,6.632071697441154,18.0,3.25,0.9682458365518543,1.0,4.0,26.0,0.29792179577044076,1.368421052631579,1.0,0.6509435948715182,0.24206145913796356,6.5,2.29128784747792,2.0,9.0,7.0,SRTF
241,ordered,medium,9,9.555555555555555,6.929984946450078,18.0,8.222222222222221,1.4740554623801776,6.0,10.0,74.0,0.17927701567308252,3.8947368421052633,0.0,0.635263950186838,0.29481109247603554,5.222222222222222,2.3465235646603193,2.0,10.0,8.0,SJF_NP
242,clustered,short,12,10.083333333333334,8.5289539543578,18.0,2.75,1.0103629710818451,1.0,4.0,33.0,0.3674047166234329,1.736842105263158,1.0,0.5511076866127473,0.2525907427704613,6.583333333333333,2.32588095615881,3.0,10.0,7.0,SJF_NP
243,scattered,short,12,9.333333333333334,5.70574758954123,18.0,2.6666666666666665,0.8498365855987975,2.0,4.0,32.0,0.3186887194800408,1.6842105263157894,1.0,0.6996974952873036,0.28327886186626583,3.8333333333333335,2.9953667926019047,1.0,10.0,9.0,SJF_NP
244,scattered,long,9,8.777777777777779,6.745826327404684,19.0,16.11111111111111,2.4241582476968255,12.0,20.0,145.0,0.15046499467529134,7.25,0.0,0.6627086836297658,0.26935091641075837,4.0,2.6246692913372702,1.0,9.0,8.0,SJF_NP
245,clustered,short,5,8.8,3.4292856398964493,9.0,3.4,0.8,2.0,4.0,17.0,0.23529411757785468,1.7,1.0,0.6570714360103551,0.26666666666666666,5.8,2.4,3.0,10.0,7.0,SJF_NP
246,mixed,mixed,11,7.909090909090909,6.185827576801454,17.0,10.454545454545455,6.140234469370284,2.0,20.0,115.0,0.5873267752748915,6.388888888888889,0.2727272727272727,0.6563429123999192,0.323170235230015,6.0,3.1908961408698624,1.0,10.0,9.0,SRTF
247,tight,medium,5,13.0,0.8944271909999159,2.0,8.0,1.7888543819998317,5.0,10.0,40.0,0.2236067977220281,13.333333333333334,0.0,0.7018576030000281,0.29814239699997197,3.2,1.32664991614216,1.0,5.0,4.0,SJF_NP
248,clustered,mixed,9,13.777777777777779,6.745826327404684,14.0,11.11111111111111,5.363341504954298,3.0,19.0,100.0,0.4827007354024438,6.666666666666667,0.1111111111111111,0.5502782448396877,0.31549067676201753,5.666666666666667,2.5385910352879697,1.0,10.0,9.0,SRTF
249,scattered,short,11,10.090909090909092,6.584479622629752,18.0,2.4545454545454546,1.233150906022776,1.0,4.0,27.0,0.5023948133601553,1.4210526315789473,1.0,0.6534484409142236,0.308287726505694,4.545454545454546,3.1727142484754816,1.0,10.0,9.0,SRTF
250,scattered,medium,9,7.666666666666667,5.395471352079548,17.0,7.0,1.7638342073763937,5.0,10.0,63.0,0.2519763153034882,3.5,0.0,0.7002515915511363,0.2939723678960656,5.333333333333333,2.309401076758503,1.0,9.0,8.0,SJF_NP
251,mixed,mixed,5,13.0,6.324555320336759,18.0,12.0,6.2289646009589745,1.0,19.0,60.0,0.5190803833699912,3.1578947368421053,0.2,0.6671286673506969,0.3278402421557355,4.8,2.85657137141714,1.0,9.0,8.0,SRTF
252,scattered,long,6,9.166666666666666,7.581043610362773,17.0,14.333333333333334,2.808716591058786,11.0,19.0,86.0,0.1959569714555462,4.777777777777778,0.0,0.5788309105354015,0.312079621228754,4.0,1.9148542155126762,2.0,8.0,6.0,SRTF
253,scattered,short,11,10.727272727272727,7.361952669464672,20.0,2.0,1.2060453783110545,1.0,4.0,22.0,0.6030226888540159,1.0476190476190477,1.0,0.6494308252635871,0.30151134457776363,6.363636363636363,2.8049542946439114,3.0,10.0,7.0,SRTF
254,clustered,medium,6,5.0,6.027713773341708,14.0,8.333333333333334,2.054804667656325,5.0,10.0,50.0,0.2465765600891698,3.3333333333333335,0.0,0.5981524151105528,0.34246744460938755,4.5,2.753785273643051,1.0,10.0,9.0,SRTF
255,tight,medium,5,16.6,0.8,2.0,8.2,2.2271057451320084,5.0,10.0,41.0,0.2715982615683427,13.666666666666666,0.0,0.7333333333333334,0.3711842908553347,5.8,2.039607805437114,2.0,8.0,6.0,SRTF
256,clustered,mixed,5,9.4,1.3564659966250536,4.0,11.4,5.2,5.0,18.0,57.0,0.4561403508371807,11.4,0.0,0.7287068006749893,0.37142857142857144,2.0,0.8944271909999159,1.0,3.0,2.0,SRTF
257,scattered,short,10,10.1,4.968903299521938,15.0,2.4,1.1135528725660044,1.0,4.0,24.0,0.46398036337584336,1.5,1.0,0.6894435437798789,0.2783882181415011,6.6,2.4166091947189146,2.0,10.0,8.0,SJF_NP
258,clustered,medium,9,10.0,5.830951894845301,13.0,7.444444444444445,1.4989708403591155,5.0,10.0,67.0,0.20135429196149032,4.785714285714286,0.0,0.5835034360824785,0.24982847339318592,6.777777777777778,3.3591592128513277,1.0,10.0,9.0,SRTF
259,scattered,short,9,8.11111111111111,5.858411700650697,18.0,2.5555555555555554,0.8314794192830981,1.0,4.0,23.0,0.32536151176607087,1.2105263157894737,1.0,0.691662542071016,0.20786985482077452,4.888888888888889,3.5728744868474505,1.0,10.0,9.0,SJF_NP
260,clustered,medium,6,12.5,2.5,6.0,8.0,1.2909944487358056,6.0,10.0,48.0,0.16137430607180392,6.857142857142857,0.0,0.6428571428571428,0.2581988897471611,5.333333333333333,2.560381915956203,2.0,10.0,8.0,SJF_NP
261,ordered,medium,10,9.5,3.442382895611701,12.0,7.4,1.8547236990991407,5.0,10.0,74.0,0.25063833768223004,5.6923076923076925,0.0,0.7352013157221768,0.30912061651652345,5.5,2.692582403567252,1.0,10.0,9.0,SJF_NP
262,ordered,medium,7,10.857142857142858,4.642307659791977,13.0,7.714285714285714,1.5779087167410373,6.0,10.0,54.0,0.2045437225139899,3.857142857142857,0.0,0.6684065957291445,0.31558174334820743,4.571428571428571,2.920721185751553,1.0,9.0,8.0,SJF_NP
263,clustered,medium,9,4.777777777777778,4.416579314300398,11.0,8.88888888888889,1.8525924445036739,5.0,10.0,80.0,0.20841664998321643,6.666666666666667,0.0,0.6319517238083001,0.308765407417279,6.0,2.748737083745107,2.0,10.0,8.0,SJF_NP
264,tight,medium,6,17.333333333333332,0.7453559924999298,2.0,7.333333333333333,1.5986105077709065,5.0,10.0,44.0,0.21799234193903375,14.666666666666666,0.0,0.7515480025000234,0.2664350846284844,5.333333333333333,2.4267032964268394,2.0,10.0,8.0,SJF_NP
265,clustered,mixed,10,12.0,3.82099463490856,8.0,9.3,5.000999900019995,2.0,19.0,93.0,0.537741924675511,10.333333333333334,0.2,0.5754450405657155,0.2778333277788886,5.7,3.0347981810987035,2.0,10.0,8.0,SJF_NP
266,mixed,mixed,11,11.363636363636363,4.940973906073161,16.0,11.818181818181818,5.669987683459155,5.0,20.0,130.0,0.47976818855979425,7.647058823529412,0.0,0.7093544761133435,0.3543742302161972,6.181818181818182,2.9485954073139737,2.0,10.0,8.0,SJF_NP
267,scattered,mixed,6,7.166666666666667,2.4094720491334933,6.0,8.333333333333334,4.714045207910317,2.0,15.0,50.0,0.5656854248813558,7.142857142857143,0.16666666666666666,0.6557897072666439,0.3367175148507369,6.166666666666667,2.034425935955617,3.0,8.0,5.0,SJF_NP
268,scattered,long,5,8.8,3.655133376499413,10.0,14.2,2.7856776554368237,11.0,19.0,71.0,0.196174482763426,6.454545454545454,0.0,0.6677151475909624,0.3095197394929804,6.4,2.65329983228432,2.0,9.0,7.0,SRTF
269,scattered,long,7,9.571428571428571,5.551245493635842,16.0,16.857142857142858,2.5314350209527645,11.0,19.0,118.0,0.15016987411540816,6.9411764705882355,0.0,0.6734561474331857,0.2812705578836405,5.428571428571429,2.3211538298959886,3.0,10.0,7.0,SJF_NP
270,clustered,mixed,7,11.428571428571429,3.2450904833144425,8.0,9.142857142857142,3.6421567954234177,2.0,14.0,64.0,0.3983608994558656,7.111111111111111,0.14285714285714285,0.6394343907428397,0.2801659073402629,4.714285714285714,3.0572763655760995,2.0,10.0,8.0,SJF_NP
271,scattered,long,5,8.8,7.858753081755401,20.0,16.4,2.0591260281974,14.0,19.0,82.0,0.12555646512633192,3.9047619047619047,0.0,0.6257736627735524,0.34318767136623335,6.6,2.4979991993593593,4.0,10.0,6.0,SJF_NP
272,clustered,medium,12,7.166666666666667,4.4503433076062295,10.0,7.916666666666667,1.70579079087156,5.0,10.0,95.0,0.21546831039866418,8.636363636363637,0.0,0.595423335672161,0.28429846514525997,4.25,2.742413778650722,1.0,9.0,8.0,SJF_NP
273,clustered,mixed,9,11.666666666666666,4.96655480858378,11.0,13.11111111111111,4.3574825669172395,4.0,20.0,118.0,0.33235036524800005,9.833333333333334,0.1111111111111111,0.5861204326180183,0.2563225039363082,4.333333333333333,2.3570226039551585,1.0,9.0,8.0,SJF_NP
274,ordered,medium,12,12.666666666666666,6.1553951042064625,19.0,7.416666666666667,1.846543317180028,5.0,10.0,89.0,0.24897213261991763,4.45,0.0,0.6922302447896769,0.3077572195300047,6.916666666666667,3.147971127920684,1.0,10.0,9.0,SJF_NP
275,mixed,mixed,9,6.666666666666667,4.0,12.0,9.11111111111111,4.7945442245314265,1.0,15.0,82.0,0.5262304636103264,6.3076923076923075,0.2222222222222222,0.6923076923076923,0.31963628163542845,5.666666666666667,3.2317865716108862,1.0,10.0,9.0,SRTF
276,scattered,mixed,11,8.090909090909092,6.487113736331372,18.0,9.545454545454545,5.7265511810995,3.0,20.0,105.0,0.5999244093856698,5.526315789473684,0.2727272727272727,0.6585729612457173,0.31814173228330556,4.7272727272727275,3.492613220417917,1.0,10.0,9.0,SRTF
277,scattered,long,6,13.333333333333334,5.96284793999944,16.0,15.666666666666666,3.636237371545238,11.0,20.0,94.0,0.2321002577433918,5.529411764705882,0.0,0.6492442388235624,0.3636237371545238,5.5,2.4324199198877374,2.0,10.0,8.0,SJF_NP
278,mixed,mixed,5,8.8,6.177378084592201,16.0,12.0,5.761944116355173,5.0,18.0,60.0,0.48016200965625094,3.5294117647058822,0.0,0.6366248185534,0.41156743688251235,4.8,3.059411708155671,2.0,9.0,7.0,SRTF
279,clustered,mixed,7,9.0,2.9277002188455996,7.0,12.714285714285714,5.495824017620384,1.0,18.0,89.0,0.43225582157659437,11.125,0.14285714285714285,0.6340374726443001,0.3053235565344658,4.0,2.138089935299395,1.0,7.0,6.0,SRTF
280,scattered,short,6,12.666666666666666,6.548960901462833,20.0,3.0,0.816496580927726,2.0,4.0,18.0,0.2721655268851868,0.8571428571428571,1.0,0.6881447189779604,0.2721655269759087,4.0,2.6457513110645907,1.0,8.0,7.0,SJF_NP
281,tight,short,9,8.777777777777779,0.9162456945817022,2.0,2.4444444444444446,1.1653431646335017,1.0,4.0,22.0,0.4767312944277697,7.333333333333333,1.0,0.694584768472766,0.29133579115837543,5.111111111111111,2.8458329944145997,1.0,10.0,9.0,SJF_NP
282,scattered,mixed,12,12.0,5.033222956847166,15.0,11.75,4.205650960315181,3.0,18.0,141.0,0.3579277412729577,8.8125,0.08333333333333333,0.6854235651970522,0.2628531850196988,6.75,3.2177890960513036,1.0,10.0,9.0,SRTF
283,tight,short,12,14.083333333333334,0.4930066485916347,2.0,2.25,1.0103629710818451,1.0,4.0,27.0,0.44905020917013105,9.0,1.0,0.8356644504694551,0.2525907427704613,6.166666666666667,2.852873794770615,2.0,10.0,8.0,SRTF
284,clustered,short,8,4.625,6.872726896945637,17.0,2.875,0.9270248108869579,1.0,4.0,23.0,0.3224434123702659,1.2777777777777777,1.0,0.6181818390585757,0.23175620272173947,4.875,2.6190408549696205,2.0,9.0,7.0,SJF_NP
285,scattered,mixed,7,7.714285714285714,4.558016038155376,15.0,11.857142857142858,5.5915387973659785,3.0,20.0,83.0,0.4715755611838653,5.1875,0.14285714285714285,0.715123997615289,0.3106410442981099,6.142857142857143,3.1815796359028696,1.0,10.0,9.0,SRTF
286,scattered,short,8,7.25,4.710360920354193,16.0,2.625,1.2183492931011204,1.0,4.0,21.0,0.46413306386170944,1.2352941176470589,1.0,0.7229199458615181,0.3045873232752801,5.875,2.4206145913796355,2.0,9.0,7.0,SJF_NP
287,scattered,mixed,7,9.571428571428571,5.6532454106883945,16.0,10.142857142857142,6.4681322415267255,2.0,19.0,71.0,0.6377031786791995,4.176470588235294,0.2857142857142857,0.6674561523124474,0.35934068008481806,5.714285714285714,2.5475077857324298,2.0,9.0,7.0,SRTF
288,clustered,medium,10,12.3,4.879549159502341,11.0,7.8,1.98997487421324,5.0,10.0,78.0,0.25512498384078397,6.5,0.0,0.5933709033748049,0.33166247903553997,5.3,2.8301943396169813,1.0,10.0,9.0,SRTF
289,scattered,medium,11,13.727272727272727,5.171440964846506,18.0,7.090909090909091,1.2398346997259868,5.0,9.0,78.0,0.17484848327003233,4.105263157894737,0.0,0.727818896587026,0.24796693994519736,6.636363636363637,2.307014098263549,3.0,10.0,7.0,SJF_NP
290,clustered,short,8,5.625,6.498797965777979,14.0,2.75,1.0897247358851685,1.0,4.0,22.0,0.3962635401777836,1.4666666666666666,1.0,0.5667468022814681,0.2724311839712921,6.25,2.1065374432940898,3.0,10.0,7.0,SRTF
291,ordered,medium,12,14.25,5.614341754233824,20.0,8.333333333333334,1.6499158227686108,5.0,10.0,100.0,0.1979898987084745,4.761904761904762,0.0,0.7326503926555321,0.27498597046143514,6.416666666666667,2.8999521068842196,2.0,10.0,8.0,SJF_NP
292,clustered,mixed,6,11.0,6.377042156569663,14.0,7.0,4.725815626252608,1.0,16.0,42.0,0.6751165179396416,2.8,0.3333333333333333,0.5748638562286892,0.295363476640788,6.0,3.1091263510296048,2.0,10.0,8.0,SRTF
293,tight,medium,5,19.2,0.7483314773547883,2.0,8.0,1.0954451150103321,6.0,9.0,40.0,0.13693063935917518,13.333333333333334,0.0,0.7505561742150706,0.27386127875258304,7.4,1.8547236990991407,5.0,10.0,5.0,SJF_NP
294,scattered,short,6,9.666666666666666,2.8674417556808756,7.0,2.6666666666666665,0.4714045207910317,2.0,3.0,16.0,0.17677669523034562,2.0,1.0,0.6415697805398906,0.23570226039551584,3.0,1.632993161855452,1.0,6.0,5.0,SJF_NP
295,clustered,short,9,12.88888888888889,3.478327964999673,8.0,1.7777777777777777,1.227262335243029,1.0,4.0,16.0,0.6903350631858903,1.7777777777777777,1.0,0.6135191150000363,0.30681558381075724,6.444444444444445,2.8717439962933526,2.0,10.0,8.0,SJF_NP
296,ordered,short,6,10.833333333333334,6.039223643997813,19.0,2.8333333333333335,0.6871842709362768,2.0,4.0,17.0,0.24253562495073214,0.85,1.0,0.6980388178001093,0.2290614236454256,5.166666666666667,2.7938424357067015,1.0,9.0,8.0,FCFS
297,scattered,short,11,10.727272727272727,5.706310845990988,17.0,2.727272727272727,0.9620913858416693,1.0,4.0,30.0,0.35276684134593095,1.6666666666666667,1.0,0.6829827307782785,0.24052284646041733,4.181818181818182,2.8225772175018227,1.0,9.0,8.0,SJF_NP
298,ordered,short,9,10.666666666666666,6.073622386096199,18.0,2.2222222222222223,1.227262335243029,1.0,4.0,20.0,0.5522680506108424,1.0526315789473684,1.0,0.6803356638896738,0.30681558381075724,5.888888888888889,2.078698548207745,3.0,9.0,6.0,SRTF
299,clustered,medium,6,7.666666666666667,7.673909622147559,16.0,6.833333333333333,1.5723301886761007,5.0,9.0,41.0,0.23009710074819567,2.411764705882353,0.0,0.5485935516383789,0.31446603773522014,7.333333333333333,2.4267032964268394,3.0,10.0,7.0,SJF_NP
300,clustered,medium,9,14.666666666666666,4.642796092394707,12.0,8.0,1.4907119849998598,6.0,10.0,72.0,0.1863389981016901,5.538461538461538,0.0,0.642861839046561,0.29814239699997197,4.555555555555555,2.3147407395555177,2.0,8.0,6.0,SRTF
301,ordered,short,7,8.857142857142858,5.054801717986894,15.0,2.0,1.0690449676496976,1.0,4.0,14.0,0.5345224835575876,0.875,1.0,0.6840748926258191,0.2672612419124244,6.714285714285714,2.762725657973388,3.0,10.0,7.0,SRTF
302,scattered,medium,10,8.3,6.341135544995076,19.0,7.3,1.1,6.0,10.0,73.0,0.15068493148620757,3.65,0.0,0.6829432227502462,0.22000000000000003,4.3,3.1,1.0,9.0,8.0,SJF_NP
303,ordered,short,5,10.0,6.723094525588644,17.0,2.8,0.9797958971132712,1.0,4.0,14.0,0.3499271059869086,0.7777777777777778,1.0,0.6264947485784087,0.2449489742783178,4.8,3.4292856398964493,1.0,10.0,9.0,FCFS
304,clustered,short,11,7.0,7.675225788801975,16.0,2.4545454545454546,0.8907235428302466,1.0,4.0,27.0,0.36288736915336856,1.588235294117647,1.0,0.5485161300704721,0.22268088570756164,7.0,2.256304299271065,3.0,10.0,7.0,SJF_NP
305,mixed,mixed,10,8.3,4.796873982084583,16.0,8.7,5.020956084253277,1.0,16.0,87.0,0.5771213889282938,5.117647058823529,0.2,0.7178309422303186,0.3138097552658298,5.4,2.7640549922170505,1.0,9.0,8.0,SRTF
306,scattered,short,6,17.0,3.265986323710904,8.0,3.0,0.816496580927726,2.0,4.0,18.0,0.2721655268851868,2.0,1.0,0.6371126306987884,0.2721655269759087,5.833333333333333,2.733536577809454,2.0,9.0,7.0,SRTF
307,tight,medium,10,17.1,0.8306623862918073,2.0,7.6,1.8,5.0,10.0,76.0,0.23684210523199448,25.333333333333332,0.0,0.7231125379027309,0.3,7.5,2.247220505424423,3.0,10.0,7.0,SJF_NP
308,mixed,mixed,6,10.166666666666666,5.983774357005414,17.0,15.0,5.259911279353167,4.0,20.0,90.0,0.35066075193350044,5.0,0.16666666666666666,0.6675680912774771,0.30940654584430394,4.5,2.140872096444188,1.0,7.0,6.0,SJF_NP
309,mixed,mixed,7,10.571428571428571,6.343886660335576,17.0,11.142857142857142,3.270149469217028,8.0,17.0,78.0,0.2934749523392932,4.333333333333333,0.0,0.6475618522035791,0.3270149469217028,5.0,2.878491668515698,1.0,9.0,8.0,SRTF
310,scattered,mixed,6,12.833333333333334,6.86577664134866,17.0,6.833333333333333,5.4594464513864,1.0,18.0,41.0,0.7989433830127985,2.2777777777777777,0.3333333333333333,0.6185679643695189,0.30330258063257776,8.0,1.1547005383792515,7.0,10.0,3.0,SRTF
311,clustered,mixed,10,8.7,9.230926280715279,19.0,8.2,4.894895300208167,1.0,18.0,82.0,0.5969384511721011,4.1,0.2,0.538453685964236,0.2719386277893426,6.0,2.792848008753788,2.0,10.0,8.0,SJF_NP
312,ordered,medium,7,9.571428571428571,6.161102472242235,20.0,7.0,1.4142135623730951,5.0,9.0,49.0,0.20203050888158067,2.3333333333333335,0.0,0.706614167988465,0.282842712474619,7.0,2.9760952365713798,2.0,10.0,8.0,SJF_NP
313,clustered,medium,11,4.909090909090909,7.216830649814305,17.0,7.7272727272727275,1.656442468935327,5.0,10.0,85.0,0.21436314301094825,4.722222222222222,0.0,0.5990649638992053,0.2760737448225545,6.454545454545454,2.387986461193399,3.0,10.0,7.0,SJF_NP
314,clustered,medium,5,13.8,5.075431016179809,11.0,7.2,0.7483314773547882,6.0,8.0,36.0,0.10393492739595184,3.0,0.0,0.5770474153183494,0.2494438257849294,6.8,3.1240998703626617,3.0,10.0,7.0,SJF_NP
315,scattered,medium,12,10.666666666666666,6.168918507773917,18.0,7.166666666666667,1.4624940645653537,5.0,10.0,86.0,0.20406893921320252,4.526315789473684,0.0,0.675320078538215,0.24374901076089228,4.083333333333333,3.094574104604524,1.0,10.0,9.0,SJF_NP
316,clustered,short,5,16.6,6.800000000000001,17.0,1.8,0.7483314773547883,1.0,3.0,9.0,0.4157397094105825,0.5,1.0,0.6222222222222222,0.24944382578492943,6.0,2.9664793948382653,1.0,9.0,8.0,SJF_NP
317,clustered,short,12,10.416666666666666,7.099980438157715,15.0,3.1666666666666665,0.6871842709362768,2.0,4.0,38.0,0.2170055591745067,2.375,1.0,0.5562512226151428,0.2290614236454256,4.083333333333333,2.289771944005681,1.0,9.0,8.0,SJF_NP
318,clustered,mixed,9,8.11111111111111,3.0711722135745005,7.0,11.88888888888889,6.261779023824609,2.0,19.0,107.0,0.5266916935484229,13.375,0.2222222222222222,0.6161034733031874,0.34787661243470047,5.666666666666667,1.3333333333333333,3.0,7.0,4.0,SRTF
319,clustered,mixed,11,7.0,4.767312946227961,11.0,9.818181818181818,5.733762556807811,1.0,16.0,108.0,0.5839943344302035,9.0,0.2727272727272727,0.6027239211476698,0.3583601598004882,5.636363636363637,2.267266166061805,2.0,9.0,7.0,SRTF
320,clustered,short,11,7.090909090909091,7.774720637536473,16.0,2.272727272727273,1.2128785512842122,1.0,4.0,25.0,0.53366656233024,1.4705882352941178,1.0,0.5426634919096193,0.30321963782105305,8.181818181818182,2.4052284646041735,4.0,10.0,6.0,SJF_NP
321,scattered,long,10,11.8,4.975942121849891,15.0,16.6,2.615339366124404,11.0,19.0,166.0,0.15755056421487068,10.375,0.0,0.6890036173843819,0.2905932629027116,5.2,2.7856776554368237,1.0,10.0,9.0,SJF_NP
322,clustered,mixed,10,8.9,8.870738413458037,19.0,11.8,6.968500556073739,1.0,20.0,118.0,0.5905508945324736,5.9,0.3,0.5564630793270982,0.34842502780368695,6.1,2.981610303175115,2.0,10.0,8.0,SRTF
323,clustered,mixed,9,13.333333333333334,2.8674417556808756,7.0,11.11111111111111,7.355186294860163,1.0,20.0,100.0,0.6619667664778377,12.5,0.3333333333333333,0.6415697805398906,0.36775931474300816,3.3333333333333335,1.9436506316151,1.0,7.0,6.0,SRTF
324,mixed,mixed,5,13.0,6.985699678629192,20.0,11.8,3.4871191548325386,5.0,15.0,59.0,0.2955185724183915,2.8095238095238093,0.0,0.6673476343509909,0.31701083225750354,4.2,1.7204650534085253,2.0,7.0,5.0,SRTF
325,scattered,long,5,13.0,6.387487769068525,19.0,12.2,1.16619037896906,11.0,14.0,61.0,0.09558937531749759,3.05,0.0,0.6806256115465737,0.291547594742265,7.4,1.624807680927192,5.0,10.0,5.0,SJF_NP
326,ordered,short,10,10.5,5.818075283115543,17.0,2.0,1.0,1.0,4.0,20.0,0.49999999975,1.1111111111111112,1.0,0.6767735953824698,0.25,7.2,2.4819347291981715,1.0,10.0,9.0,SRTF
327,clustered,mixed,12,9.75,1.479019945774904,4.0,13.0,5.830951894845301,3.0,20.0,156.0,0.44853476110744356,31.2,0.16666666666666666,0.7041960108450191,0.32394177193585005,6.416666666666667,3.121386800054674,1.0,10.0,9.0,SRTF
328,scattered,short,12,11.416666666666666,6.824689655133696,20.0,2.8333333333333335,1.1426091000668408,1.0,4.0,34.0,0.4032737998812589,1.619047619047619,1.0,0.6750147783269669,0.2856522750167102,5.083333333333333,2.782634642844,1.0,10.0,9.0,SJF_NP
329,clustered,short,7,11.428571428571429,9.03733751653412,19.0,1.8571428571428572,0.8329931278350429,1.0,3.0,13.0,0.44853476090042743,0.65,1.0,0.5481331241732941,0.2776643759450143,6.571428571428571,2.2587697572631282,2.0,9.0,7.0,SJF_NP
330,clustered,mixed,5,16.8,4.915282290977803,13.0,10.2,6.968500556073739,1.0,20.0,51.0,0.6831863289598581,3.642857142857143,0.4,0.6489084077872997,0.34842502780368695,6.8,2.785677655436824,2.0,10.0,8.0,SRTF
331,ordered,short,10,7.0,6.0332412515993425,19.0,2.4,0.9165151389911681,1.0,4.0,24.0,0.38188130775386947,1.2,1.0,0.6983379374200329,0.22912878474779202,4.9,2.5865034312755126,2.0,10.0,8.0,SRTF
332,ordered,medium,7,9.428571428571429,6.651683843898752,18.0,6.714285714285714,1.577908716741037,5.0,9.0,47.0,0.23500768118174906,2.473684210526316,0.0,0.6499113766369078,0.31558174334820743,7.571428571428571,2.0603150145508513,5.0,10.0,5.0,SRTF
333,tight,short,7,12.0,0.7559289460184544,2.0,2.7142857142857144,0.6998542122237652,2.0,4.0,19.0,0.2578410254611299,6.333333333333333,1.0,0.7480236846605153,0.23328473740792174,4.0,2.878491668515698,1.0,9.0,8.0,SJF_NP
334,tight,short,10,13.0,0.7745966692414834,2.0,2.4,1.1135528725660044,1.0,4.0,24.0,0.46398036337584336,8.0,1.0,0.7418011102528388,0.2783882181415011,6.0,3.255764119219941,1.0,10.0,9.0,SJF_NP
335,scattered,mixed,8,11.875,6.352902879786531,17.0,10.125,5.109733358992424,2.0,17.0,81.0,0.5046650230605194,4.5,0.25,0.6470609511229706,0.3193583349370265,4.5,2.958039891549808,1.0,9.0,8.0,SRTF
336,tight,short,8,12.625,0.6959705453537527,2.0,2.375,0.9921567416492215,1.0,4.0,19.0,0.4177502068343037,6.333333333333333,1.0,0.7680098182154158,0.24803918541230538,6.5,2.179449471770337,3.0,10.0,7.0,SJF_NP
337,mixed,mixed,7,9.0,6.117889458675388,17.0,11.142857142857142,5.303060340934453,2.0,16.0,78.0,0.4759156715796124,4.333333333333333,0.14285714285714285,0.6601172522958118,0.3535373560622969,5.142857142857143,2.996596709057576,1.0,10.0,9.0,SRTF
338,ordered,medium,10,11.6,6.390618123468182,17.0,7.6,1.42828568570857,5.0,9.0,76.0,0.18793232704218918,4.222222222222222,0.0,0.6449656598073232,0.285657137141714,6.1,2.662705391138869,1.0,10.0,9.0,SJF_NP
339,clustered,short,5,17.0,5.513619500836088,14.0,1.8,1.1661903789690604,1.0,4.0,9.0,0.6478835435117649,0.6,1.0,0.6324253666109274,0.2915475947422651,5.8,1.7204650534085253,3.0,8.0,5.0,SRTF
340,ordered,medium,9,8.11111111111111,4.581228472908512,15.0,7.0,1.632993161855452,5.0,9.0,63.0,0.23328473737459532,3.9375,0.0,0.713673220443218,0.32659863237109044,4.111111111111111,2.8458329944145997,1.0,9.0,8.0,SJF_NP
341,ordered,short,9,9.0,6.182412330330469,19.0,2.2222222222222223,1.0304020550550783,1.0,4.0,20.0,0.4636809245661288,1.0,1.0,0.6908793834834766,0.2576005137637696,7.111111111111111,2.3306863292670035,4.0,10.0,6.0,SJF_NP
342,scattered,medium,12,8.416666666666666,6.957709552878894,20.0,7.5,1.6583123951777,5.0,10.0,90.0,0.22110831932754554,4.285714285714286,0.0,0.6686804974819573,0.2763853991962833,5.916666666666667,3.2521360501813095,1.0,10.0,9.0,SJF_NP
343,scattered,mixed,8,13.5,4.387482193696061,12.0,14.25,3.8649062084350767,8.0,20.0,114.0,0.2712214882922004,8.76923076923077,0.0,0.6625013697156876,0.29730047757192896,6.25,2.9895651857753496,1.0,10.0,9.0,SRTF
344,clustered,short,9,12.0,8.73053390247253,18.0,2.7777777777777777,0.9162456945817024,2.0,4.0,25.0,0.3298484499306674,1.3157894736842106,1.0,0.5404982156593405,0.3054152315272341,6.333333333333333,3.559026084010437,1.0,10.0,9.0,SRTF
345,scattered,mixed,11,6.818181818181818,4.858323351231777,18.0,9.363636363636363,5.56405227203613,2.0,18.0,103.0,0.5942191746200098,5.421052631578948,0.2727272727272727,0.7442987709878012,0.3272971924727135,7.181818181818182,2.4052284646041735,2.0,10.0,8.0,SRTF
346,scattered,short,10,8.2,5.758472019555188,20.0,2.4,1.2806248474865698,1.0,4.0,24.0,0.5335936862304067,1.1428571428571428,1.0,0.7257870466878482,0.32015621187164245,6.0,2.7202941017470885,1.0,10.0,9.0,SRTF
347,scattered,mixed,7,13.428571428571429,3.619674131234265,10.0,11.857142857142858,6.468132241526726,1.0,19.0,83.0,0.5455051287574524,7.545454545454546,0.14285714285714285,0.6709387153423396,0.34042801271193296,4.142857142857143,2.5872528966106905,1.0,9.0,8.0,SRTF
348,ordered,short,8,9.25,7.292976072907411,20.0,2.625,1.3169567191065923,1.0,4.0,21.0,0.5016977975637693,1.0,1.0,0.6527154250996471,0.32923917977664807,2.875,1.5360257159305635,1.0,5.0,4.0,SRTF
349,scattered,medium,7,12.0,3.927922024247863,11.0,6.714285714285714,1.1605769149479943,5.0,9.0,47.0,0.17285188092395737,3.9166666666666665,0.0,0.6726731646460113,0.23211538298959886,4.428571428571429,2.1285234893930487,1.0,7.0,6.0,SJF_NP
350,clustered,mixed,8,12.25,9.243240773668076,20.0,14.0,4.55521678957215,7.0,20.0,112.0,0.3253726278033412,5.333333333333333,0.0,0.5598456774443774,0.3253726278265821,7.25,2.9047375096555625,2.0,10.0,8.0,SRTF
351,ordered,medium,11,11.545454545454545,5.710654099832513,18.0,7.545454545454546,1.6713433009863852,5.0,10.0,83.0,0.2215033290170325,4.368421052631579,0.0,0.699439257903552,0.2785572168310642,6.090909090909091,2.7120788891229632,1.0,10.0,9.0,SJF_NP
352,scattered,mixed,8,11.375,6.781177995009422,20.0,11.875,5.348773223833667,4.0,20.0,95.0,0.4504230082849047,4.523809523809524,0.125,0.6770867621424085,0.3146337190490392,5.125,2.4717149916606487,2.0,10.0,8.0,SJF_NP
353,mixed,mixed,10,13.5,4.8218253804964775,17.0,8.6,6.036555309114628,1.0,17.0,86.0,0.7019250358619422,4.777777777777778,0.3,0.7321208121946401,0.3550914887714487,5.4,2.8354893757515653,1.0,10.0,9.0,SRTF
354,tight,short,7,8.285714285714286,0.4517539514526256,1.0,2.0,1.0690449676496976,1.0,4.0,14.0,0.5345224835575876,7.0,1.0,0.7741230242736872,0.2672612419124244,4.285714285714286,2.813959371941744,1.0,9.0,8.0,SJF_NP
355,scattered,mixed,11,11.454545454545455,5.742404253583184,17.0,9.818181818181818,7.158188976374373,1.0,20.0,108.0,0.7290748030749841,6.0,0.36363636363636365,0.6809775414676009,0.35790944881871867,5.7272727272727275,2.8948515141983013,1.0,10.0,9.0,SRTF
356,ordered,medium,10,9.6,4.363484845854286,14.0,7.8,1.469693845669907,5.0,10.0,78.0,0.1884222878822416,5.2,0.0,0.709101010276381,0.24494897427831783,4.0,1.8439088914585775,1.0,7.0,6.0,SJF_NP
357,scattered,short,5,14.0,5.329165037789691,15.0,2.8,1.16619037896906,1.0,4.0,14.0,0.41649656376877264,0.875,1.0,0.6669271851381443,0.291547594742265,6.6,2.727636339397171,3.0,10.0,7.0,SRTF
358,scattered,medium,8,8.875,4.9355217555999085,16.0,7.375,1.4947825928876748,5.0,9.0,59.0,0.20268238544881254,3.4705882352941178,0.0,0.7096751908470642,0.29895651857753497,5.0,1.9364916731037085,2.0,8.0,6.0,SJF_NP
359,clustered,mixed,9,10.88888888888889,1.9688939051854832,5.0,12.555555555555555,5.871042139387959,2.0,19.0,113.0,0.46760512610870075,18.833333333333332,0.2222222222222222,0.6718510158024195,0.3261690077437755,7.222222222222222,2.3934065809486684,2.0,10.0,8.0,SRTF
360,scattered,long,7,6.714285714285714,5.310751512983172,15.0,14.285714285714286,1.6659862556700857,12.0,17.0,100.0,0.11661903788874266,6.25,0.0,0.6680780304385517,0.2776643759450143,4.571428571428571,3.2888184094918107,1.0,10.0,9.0,SRTF
361,mixed,mixed,11,11.636363636363637,6.285231279070401,19.0,12.454545454545455,4.185768884807759,5.0,20.0,137.0,0.3360836330597695,6.85,0.0,0.68573843604648,0.26161055530048494,5.0,1.9069251784911847,1.0,7.0,6.0,SRTF
362,tight,short,10,11.9,0.8306623862918074,2.0,2.5,1.02469507659596,1.0,4.0,25.0,0.4098780304744327,8.333333333333334,1.0,0.7231125379027308,0.25617376914899,6.1,2.1656407827707715,3.0,10.0,7.0,SJF_NP
363,tight,medium,5,7.0,0.6324555320336759,2.0,7.2,1.7204650534085253,5.0,10.0,36.0,0.23895347960688496,12.0,0.0,0.7891814893221081,0.28674417556808757,4.8,2.3151673805580453,2.0,8.0,6.0,SJF_NP
364,scattered,medium,10,9.7,5.950630218724736,20.0,6.8,1.9390719429665317,5.0,10.0,68.0,0.28515763862961385,3.238095238095238,0.0,0.716636656251203,0.3231786571610886,4.0,2.569046515733026,1.0,8.0,7.0,SJF_NP
365,scattered,long,10,9.9,5.804308744372581,16.0,15.5,2.29128784747792,12.0,19.0,155.0,0.1478250224083932,9.117647058823529,0.0,0.6585700738604364,0.28641098093474,6.1,2.6627053911388696,3.0,10.0,7.0,SJF_NP
366,tight,short,9,0.7777777777777778,0.7856742013183862,2.0,3.2222222222222223,0.9162456945817024,1.0,4.0,29.0,0.28435211202331556,9.666666666666666,1.0,0.7381085995605379,0.2290614236454256,5.666666666666667,2.943920288775949,1.0,10.0,9.0,SJF_NP
367,tight,medium,10,10.9,0.7,2.0,7.7,1.5524174696260025,5.0,10.0,77.0,0.20161265836680387,25.666666666666668,0.0,0.7666666666666667,0.25873624493766706,4.6,2.5377155080899043,1.0,8.0,7.0,SJF_NP
368,ordered,short,7,8.0,5.9281411203561225,14.0,2.2857142857142856,1.1605769149479943,1.0,4.0,16.0,0.5077524000676058,1.0666666666666667,1.0,0.6047905919762585,0.2901442287369986,7.142857142857143,2.695423180587601,2.0,10.0,8.0,SRTF
369,tight,short,12,5.666666666666667,0.8498365855987975,2.0,2.4166666666666665,1.2555432644432805,1.0,4.0,29.0,0.5195351436925842,9.666666666666666,1.0,0.7167211381337342,0.3138858161108201,3.75,2.48746859276655,1.0,9.0,8.0,SJF_NP
370,mixed,mixed,12,10.25,6.273289939630295,18.0,9.083333333333334,5.5895487792446685,1.0,19.0,109.0,0.6153631682894648,5.7368421052631575,0.25,0.6698268452826162,0.29418677785498254,5.25,2.680951323690902,1.0,10.0,9.0,SRTF
371,tight,medium,9,7.333333333333333,0.6666666666666666,2.0,6.888888888888889,1.6629588385661962,5.0,10.0,62.0,0.24139725072456758,20.666666666666668,0.0,0.7777777777777778,0.2771598064276994,5.444444444444445,2.2662308949301266,3.0,10.0,7.0,SRTF
372,tight,medium,7,17.571428571428573,0.4948716593053935,1.0,7.285714285714286,1.577908716741037,5.0,10.0,51.0,0.21657570618963196,25.5,0.0,0.7525641703473033,0.2629847861235062,7.571428571428571,3.0169588688489823,2.0,10.0,8.0,SJF_NP
373,scattered,long,10,13.2,5.473572873361603,18.0,17.5,1.6278820596099706,14.0,20.0,175.0,0.09302183197239706,9.210526315789474,0.0,0.7119172171914945,0.2325545799442815,6.1,2.913760456866693,1.0,9.0,8.0,SRTF
374,tight,short,9,3.888888888888889,0.7370277311900889,2.0,2.0,1.0540925533894598,1.0,4.0,18.0,0.5270462764312067,6.0,1.0,0.7543240896033037,0.26352313834736496,5.888888888888889,3.2470309324894346,1.0,10.0,9.0,SJF_NP
375,clustered,short,6,12.0,5.354126134736337,12.0,1.6666666666666667,0.7453559924999299,1.0,3.0,10.0,0.44721359523162973,0.7692307692307693,1.0,0.5881441434818202,0.24845199749997662,4.166666666666667,2.6718699236468995,2.0,10.0,8.0,SJF_NP
376,scattered,mixed,5,12.0,5.621387729022079,15.0,10.2,3.655133376499413,7.0,16.0,51.0,0.3583464094255948,3.1875,0.0,0.6486632669361201,0.3655133376499413,6.0,2.898275349237888,1.0,10.0,9.0,SJF_NP
377,ordered,medium,10,10.1,4.134005321718878,15.0,7.5,1.5652475842498528,5.0,10.0,75.0,0.20869967787215374,4.6875,0.0,0.7416246673925702,0.2608745973749755,5.5,2.29128784747792,1.0,9.0,8.0,SJF_NP
378,tight,medium,8,3.125,0.9270248108869579,2.0,8.375,1.653594569415369,6.0,10.0,67.0,0.19744412766781194,22.333333333333332,0.0,0.6909917297043473,0.33071891388307384,4.375,1.7275343701356567,2.0,7.0,5.0,SJF_NP
379,ordered,medium,11,5.545454545454546,3.8462174184193056,13.0,7.545454545454546,1.5587661999529314,5.0,10.0,83.0,0.20658347225554008,5.928571428571429,0.0,0.725270184398621,0.2597943666588219,6.636363636363637,2.459590774267033,1.0,9.0,8.0,SJF_NP
380,clustered,short,10,12.0,8.0,16.0,2.1,1.2206555615733703,1.0,4.0,21.0,0.5812645528533836,1.2352941176470589,1.0,0.5294117647058824,0.3051638903933426,4.9,2.8442925306655784,1.0,9.0,8.0,SJF_NP
381,scattered,medium,8,10.125,6.152997237119484,18.0,7.25,1.5612494995995996,5.0,10.0,58.0,0.2153447585357593,3.0526315789473686,0.0,0.6761580401516061,0.2602082499332666,5.375,2.2878756522153907,1.0,8.0,7.0,SJF_NP
382,clustered,short,5,8.4,5.0039984012787215,11.0,3.2,0.7483314773547882,2.0,4.0,16.0,0.23385358660029207,1.3333333333333333,1.0,0.5830001332267731,0.2494438257849294,5.8,1.469693845669907,3.0,7.0,4.0,SJF_NP
383,clustered,short,5,12.8,6.368673331236264,13.0,3.2,0.7483314773547882,2.0,4.0,16.0,0.23385358660029207,1.1428571428571428,1.0,0.5450947620545525,0.2494438257849294,6.6,3.2619012860600183,1.0,10.0,9.0,SJF_NP
384,clustered,medium,12,10.833333333333334,6.974158650969226,15.0,7.166666666666667,1.6244657241348273,5.0,10.0,86.0,0.22666963589416153,5.375,0.0,0.5641150843144234,0.2707442873558045,6.583333333333333,2.752524094152291,2.0,10.0,8.0,SRTF
385,tight,medium,7,17.428571428571427,0.7284313590846835,2.0,7.428571428571429,1.8405855323893037,5.0,10.0,52.0,0.24777112932674475,17.333333333333332,0.0,0.7571895469717722,0.3067642553982173,6.142857142857143,2.8996833043120627,1.0,10.0,9.0,SJF_NP
386,scattered,long,10,9.1,5.8728187440104085,20.0,15.8,3.655133376499413,11.0,20.0,158.0,0.23133755546000478,7.523809523809524,0.0,0.7203419645709329,0.3655133376499413,5.5,2.80178514522438,2.0,10.0,8.0,SJF_NP
387,scattered,mixed,6,9.833333333333334,5.145116346811044,17.0,10.0,6.831300510639732,1.0,19.0,60.0,0.6831300509956602,3.3333333333333335,0.3333333333333333,0.7141602029549421,0.35954213213893327,5.5,2.9860788111948193,1.0,9.0,8.0,SJF_NP
388,mixed,mixed,9,12.11111111111111,5.724109721062781,16.0,9.444444444444445,4.058218303944372,3.0,15.0,85.0,0.42969370272508356,5.0,0.2222222222222222,0.6632876634668952,0.3121706387649517,3.5555555555555554,2.3147407395555173,1.0,6.0,5.0,SRTF
389,mixed,mixed,5,11.8,4.534313619501853,14.0,9.6,5.314132102234569,2.0,17.0,48.0,0.553555427258439,3.2,0.2,0.6977124253665431,0.33213325638966057,6.2,1.8330302779823358,4.0,8.0,4.0,SRTF
390,scattered,medium,12,8.666666666666666,6.871842709362768,19.0,7.083333333333333,1.4409680388158819,5.0,10.0,85.0,0.20343078192175781,4.25,0.0,0.6564078645318616,0.24016133980264698,5.5,2.101586702153082,3.0,10.0,7.0,SJF_NP
391,clustered,mixed,8,9.625,2.54644359843292,8.0,4.875,2.8912583765550943,1.0,10.0,39.0,0.5930786412229776,4.333333333333333,0.625,0.7170618223963422,0.2891258376555094,4.75,2.0463381929681126,2.0,9.0,7.0,SRTF
392,tight,medium,10,5.2,0.9797958971132713,2.0,7.9,1.7,5.0,10.0,79.0,0.2151898733904823,26.333333333333332,0.0,0.6734013676289096,0.2833333333333333,5.9,2.5865034312755126,3.0,10.0,7.0,SJF_NP
393,clustered,mixed,7,8.285714285714286,3.953815000885156,10.0,12.142857142857142,5.383269623261935,2.0,20.0,85.0,0.44332808658506173,7.7272727272727275,0.14285714285714285,0.640562272646804,0.28332998017168076,6.142857142857143,2.099562636671296,3.0,9.0,6.0,SRTF
394,scattered,mixed,12,9.083333333333334,7.193264596520522,20.0,11.0,5.369667897862337,4.0,19.0,132.0,0.4881516270340169,6.285714285714286,0.16666666666666666,0.65746359064188,0.33560424361639607,4.25,2.6496855159307744,1.0,8.0,7.0,SJF_NP
395,clustered,mixed,5,13.2,6.305553108173779,14.0,14.0,6.723094525588644,1.0,19.0,70.0,0.48022103750774453,4.666666666666667,0.2,0.5796297927884148,0.3538470802941392,5.8,2.1354156504062622,3.0,9.0,6.0,SRTF
396,ordered,short,9,12.11111111111111,6.349880916546466,18.0,2.2222222222222223,1.227262335243029,1.0,4.0,20.0,0.5522680506108424,1.0526315789473684,1.0,0.6657957412343964,0.30681558381075724,3.7777777777777777,2.096440251568134,1.0,8.0,7.0,SRTF
397,scattered,short,6,8.666666666666666,6.394442031083626,17.0,2.5,0.9574271077563381,1.0,4.0,15.0,0.3829708429493469,0.8333333333333334,1.0,0.6447532204953541,0.23935677693908453,5.5,2.5,3.0,9.0,6.0,FCFS
398,ordered,short,11,8.727272727272727,5.863460180580763,17.0,2.272727272727273,0.9620913858416694,1.0,4.0,25.0,0.4233202095840736,1.3888888888888888,1.0,0.6742522121899577,0.24052284646041736,5.181818181818182,3.379569144625655,1.0,10.0,9.0,SJF_NP
399,tight,short,7,0.14285714285714285,0.3499271061118826,1.0,2.5714285714285716,1.049781318335648,1.0,4.0,18.0,0.4082482903050998,9.0,1.0,0.8250364469440588,0.262445329583912,5.571428571428571,2.1285234893930487,3.0,9.0,6.0,SJF_NP
400,clustered,medium,12,8.416666666666666,3.121386800054674,7.0,7.416666666666667,1.6051133570215186,5.0,10.0,89.0,0.2164197784456313,11.125,0.0,0.6098266499931657,0.26751889283691976,6.333333333333333,2.778888666755511,1.0,10.0,9.0,SJF_NP
401,clustered,mixed,10,11.8,3.627671429443411,8.0,14.1,4.968903299521938,4.0,20.0,141.0,0.3524044893028038,15.666666666666666,0.1,0.59692539672851,0.2922884293836434,6.1,3.144837038703278,2.0,10.0,8.0,SJF_NP
402,clustered,mixed,11,7.818181818181818,8.84017874992234,19.0,12.363636363636363,6.342823106368148,1.0,20.0,136.0,0.5130224570912234,6.8,0.18181818181818182,0.5579910625038831,0.3171411553184074,5.818181818181818,3.325334756031251,1.0,10.0,9.0,SJF_NP
403,mixed,mixed,8,7.875,7.183966522750506,19.0,10.0,5.656854249492381,1.0,20.0,80.0,0.5656854248926695,4.0,0.125,0.6408016738624747,0.282842712474619,5.0,3.391164991562634,1.0,10.0,9.0,SRTF
404,tight,medium,5,7.0,0.8944271909999159,2.0,6.0,0.6324555320336759,5.0,7.0,30.0,0.10540925532137776,10.0,0.0,0.7018576030000281,0.21081851067789195,3.8,2.4000000000000004,1.0,7.0,6.0,SJF_NP
405,ordered,short,8,9.75,5.0682837331783235,14.0,1.875,1.0532687216470449,1.0,4.0,15.0,0.5617433179121608,1.0,1.0,0.6621144177881118,0.2633171804117612,3.5,2.1213203435596424,1.0,7.0,6.0,FCFS
406,scattered,mixed,10,9.6,5.553377350765928,16.0,8.8,5.635601121442148,1.0,19.0,88.0,0.6404092182729249,5.176470588235294,0.2,0.6733307440725924,0.29661058533906043,5.5,2.5,1.0,8.0,7.0,SRTF
407,scattered,mixed,7,11.142857142857142,6.663945022680343,17.0,8.428571428571429,5.341405455954262,2.0,16.0,59.0,0.633726070970233,3.2777777777777777,0.42857142857142855,0.6297808320733143,0.35609369706361743,6.857142857142857,2.641891715558133,3.0,10.0,7.0,SRTF
408,clustered,mixed,6,9.333333333333334,4.784233364802441,13.0,10.333333333333334,6.497862896539309,1.0,17.0,62.0,0.6288254415397242,4.428571428571429,0.3333333333333333,0.6582690453712542,0.38222722920819463,6.666666666666667,1.9720265943665387,3.0,9.0,6.0,SJF_NP
409,scattered,short,7,9.714285714285714,3.057276365576099,10.0,2.857142857142857,0.989743318610787,1.0,4.0,20.0,0.3464101613925319,1.8181818181818181,1.0,0.7220657849476273,0.24743582965269675,3.4285714285714284,2.3211538298959886,1.0,7.0,6.0,SJF_NP
410,clustered,medium,11,13.545454545454545,6.719897677300484,14.0,8.454545454545455,1.3726971700492272,6.0,10.0,93.0,0.1623620308468335,6.2,0.0,0.5520068215133012,0.27453943400984543,6.181818181818182,2.3671302847802798,2.0,10.0,8.0,SJF_NP
411,ordered,medium,7,11.428571428571429,4.370588154508101,11.0,6.285714285714286,1.6659862556700857,5.0,10.0,44.0,0.26504326790534766,3.6666666666666665,0.0,0.6357843204576583,0.2776643759450143,6.285714285714286,2.3733211036908783,2.0,10.0,8.0,SJF_NP
412,clustered,mixed,10,9.6,3.583294573433783,8.0,10.1,4.657252408878008,2.0,17.0,101.0,0.4611140998432568,11.222222222222221,0.1,0.6018561585073574,0.2910782755548755,6.5,2.4596747752497685,2.0,10.0,8.0,SJF_NP
413,scattered,long,6,8.333333333333334,2.981423969999719,8.0,14.5,2.140872096444188,11.0,18.0,87.0,0.147646351468727,9.666666666666666,0.0,0.6687306700000313,0.2676090120555235,6.166666666666667,3.337497399083464,1.0,9.0,8.0,SRTF
414,tight,short,11,11.181818181818182,0.7158188976374373,2.0,2.090909090909091,0.899954085146515,1.0,3.0,23.0,0.4304128231250923,7.666666666666667,1.0,0.7613937007875209,0.29998469504883835,7.818181818181818,2.0368505911280073,3.0,10.0,7.0,SJF_NP
415,scattered,long,6,11.666666666666666,7.340905181848413,19.0,14.5,2.29128784747792,11.0,17.0,87.0,0.15801985153930345,4.35,0.0,0.6329547409075793,0.32732683535398854,4.166666666666667,3.435921354681384,1.0,9.0,8.0,SRTF
416,tight,medium,8,19.125,0.9270248108869579,2.0,6.625,1.1110243021644486,5.0,9.0,53.0,0.16770178143347123,17.666666666666668,0.0,0.6909917297043473,0.22220486043288973,5.125,3.585997071945263,1.0,10.0,9.0,SJF_NP
417,clustered,mixed,12,11.166666666666666,4.740487551109298,11.0,9.916666666666666,6.8368893186562225,1.0,20.0,119.0,0.6894342169378275,9.916666666666666,0.3333333333333333,0.6049593707408918,0.34184446593281115,7.083333333333333,2.0999338613923584,3.0,10.0,7.0,SRTF
418,ordered,short,6,7.5,6.898067362191626,19.0,2.6666666666666665,1.247219128924647,1.0,4.0,16.0,0.46770717317135246,0.8,1.0,0.6550966318904187,0.31180478223116176,7.0,3.605551275463989,1.0,10.0,9.0,SJF_NP
419,scattered,short,10,12.9,5.467174773134658,18.0,2.5,1.2041594578792296,1.0,4.0,25.0,0.48166378295902634,1.3157894736842106,1.0,0.7122539593087023,0.3010398644698074,5.6,3.104834939252005,1.0,10.0,9.0,SRTF
420,ordered,medium,10,12.1,5.5578772926361015,15.0,6.5,1.3601470508735443,5.0,9.0,65.0,0.2092533924098909,4.0625,0.0,0.6526326692102437,0.27202941017470883,5.4,2.727636339397171,1.0,9.0,8.0,SJF_NP
421,scattered,long,7,9.428571428571429,5.205962045225314,15.0,17.0,2.0701966780270626,13.0,19.0,119.0,0.1217762751708992,7.4375,0.0,0.674627372173418,0.29574238257529467,7.0,2.2677868380553634,2.0,9.0,7.0,SJF_NP
422,tight,short,9,18.11111111111111,0.8748897637790901,2.0,2.7777777777777777,0.7856742013183862,2.0,4.0,25.0,0.2828427123727956,8.333333333333334,1.0,0.7083700787403033,0.2618914004394621,5.666666666666667,3.018461712712472,1.0,10.0,9.0,SJF_NP
423,scattered,short,9,13.444444444444445,5.459163776239221,17.0,2.6666666666666665,1.247219128924647,1.0,4.0,24.0,0.46770717317135246,1.3333333333333333,1.0,0.6967131235422654,0.31180478223116176,5.0,3.39934634239519,1.0,10.0,9.0,SJF_NP
424,clustered,mixed,9,8.222222222222221,3.3920750049941657,9.0,8.333333333333334,6.110100926607786,1.0,20.0,75.0,0.7332121111049488,7.5,0.3333333333333333,0.6607924995005834,0.30550504633038933,5.666666666666667,2.0548046676563256,1.0,9.0,8.0,SRTF
425,scattered,mixed,5,5.8,2.9257477676655586,8.0,9.4,4.841487374764082,2.0,17.0,47.0,0.5150518483243649,5.222222222222222,0.2,0.6749169147038268,0.3025929609227551,7.4,1.624807680927192,5.0,9.0,4.0,SJF_NP
426,clustered,medium,11,14.272727272727273,6.2826009247894525,13.0,7.454545454545454,1.5587661999529316,5.0,10.0,82.0,0.20910278289246487,5.857142857142857,0.0,0.5512427910864677,0.25979436665882194,5.181818181818182,3.2422826363867285,1.0,10.0,9.0,SJF_NP
427,clustered,mixed,8,8.75,2.436698586202241,6.0,9.875,2.8034576865007255,6.0,15.0,79.0,0.28389444923714746,11.285714285714286,0.0,0.6519002019711084,0.28034576865007255,6.375,2.4462982238476156,1.0,9.0,8.0,SJF_NP
428,clustered,mixed,8,11.5,6.59545297913646,14.0,11.125,5.085211401701998,2.0,19.0,89.0,0.45709765404448544,5.933333333333334,0.125,0.560303134724236,0.2825117445389999,6.25,2.222048604328897,1.0,9.0,8.0,SRTF
429,scattered,medium,7,12.571428571428571,2.3211538298959886,6.0,6.857142857142857,1.5518257844571737,5.0,10.0,48.0,0.22630792686700127,6.857142857142857,0.0,0.6684065957291445,0.2586376307428623,6.285714285714286,2.913725436338734,2.0,10.0,8.0,SJF_NP
430,scattered,short,9,13.333333333333334,5.792715732327589,17.0,3.111111111111111,1.0999438818457405,1.0,4.0,28.0,0.3535533904796316,1.5555555555555556,1.0,0.678182459315134,0.27498597046143514,6.666666666666667,2.211083193570267,3.0,9.0,6.0,SRTF
431,tight,medium,7,16.0,0.9258200997725514,2.0,7.571428571428571,1.498298354528788,5.0,10.0,53.0,0.19788846189276033,17.666666666666668,0.0,0.6913933000758161,0.24971639242146468,5.857142857142857,2.799416848895061,1.0,9.0,8.0,SJF_NP
432,clustered,medium,7,6.428571428571429,5.421047417431507,12.0,7.285714285714286,1.4846149779161806,6.0,10.0,51.0,0.20377068321542882,3.923076923076923,0.0,0.5829963525052687,0.2969229955832361,5.0,3.295017884191656,1.0,10.0,9.0,SJF_NP
433,ordered,medium,12,8.75,5.340489990004039,17.0,7.333333333333333,1.8408935028645437,5.0,10.0,88.0,0.25103093217456995,4.888888888888889,0.0,0.7033061116664423,0.3068155838107573,5.666666666666667,2.953340857778225,2.0,10.0,8.0,SRTF
434,ordered,medium,11,8.818181818181818,6.1617320737565615,19.0,7.2727272727272725,1.813630667569091,5.0,10.0,80.0,0.24937421675646107,4.0,0.0,0.691913396312172,0.30227177792818183,6.363636363636363,2.307014098263549,2.0,10.0,8.0,SRTF
435,scattered,short,6,9.833333333333334,4.487637339278753,13.0,2.1666666666666665,1.0671873729054748,1.0,4.0,13.0,0.4925480180367355,0.9285714285714286,1.0,0.6794544757658034,0.2667968432263687,3.1666666666666665,1.9507833184532706,1.0,6.0,5.0,SRTF
436,scattered,mixed,5,8.8,8.034923770640267,19.0,8.8,4.166533331199932,2.0,13.0,44.0,0.47346969667346156,2.2,0.2,0.5982538114679866,0.3472111109333276,6.4,2.4166091947189146,3.0,9.0,6.0,FCFS
437,scattered,short,6,11.166666666666666,3.387066905483596,10.0,1.6666666666666667,1.1055415967851332,1.0,4.0,10.0,0.6633249576730849,0.9090909090909091,1.0,0.6920848267742186,0.2763853991962833,6.166666666666667,2.9107081994288304,1.0,10.0,9.0,SRTF
438,scattered,long,8,9.875,4.728570079844435,14.0,16.375,2.4462982238476156,12.0,20.0,131.0,0.14939225793576938,8.733333333333333,0.0,0.6847619946770377,0.2718109137608462,4.5,3.5355339059327378,1.0,10.0,9.0,SRTF
439,scattered,long,6,4.333333333333333,4.346134936801766,13.0,15.833333333333334,3.387066905483596,12.0,20.0,95.0,0.21392001506966374,6.785714285714286,0.0,0.6895617902284452,0.3763407672759551,6.0,3.1091263510296048,2.0,10.0,8.0,SRTF
440,ordered,medium,5,6.6,7.391887445030531,20.0,8.2,1.5999999999999999,6.0,10.0,41.0,0.19512195119571685,1.9523809523809523,0.0,0.6480053597604509,0.31999999999999995,6.8,2.5612496949731396,3.0,10.0,7.0,SJF_NP
441,ordered,short,11,10.818181818181818,5.373642438593327,19.0,2.1818181818181817,1.113404428537808,1.0,4.0,24.0,0.5103103628459364,1.2,1.0,0.7313178780703337,0.278351107134452,5.454545454545454,3.114880308911239,1.0,9.0,8.0,SRTF
442,tight,short,6,11.833333333333334,0.6871842709362769,2.0,3.5,0.7637626158259734,2.0,4.0,21.0,0.21821789017364443,7.0,1.0,0.7709385763545744,0.2545875386086578,6.166666666666667,3.0230595245361758,2.0,10.0,8.0,SJF_NP
443,clustered,short,11,13.454545454545455,6.40118790628507,14.0,1.7272727272727273,0.9620913858416692,1.0,4.0,19.0,0.5570002756911241,1.2666666666666666,1.0,0.5732541395809954,0.2405228464604173,4.0,2.8284271247461903,1.0,10.0,9.0,SJF_NP
444,clustered,medium,6,14.333333333333334,4.149966532662911,10.0,7.666666666666667,1.3743685418725535,5.0,9.0,46.0,0.1792654619599941,4.181818181818182,0.0,0.6227303152124626,0.2748737083745107,6.833333333333333,2.91070819942883,2.0,10.0,8.0,SRTF
445,ordered,short,10,11.6,5.748043145279966,17.0,2.1,1.2206555615733703,1.0,4.0,21.0,0.5812645528533836,1.1666666666666667,1.0,0.6806642697066685,0.3051638903933426,2.3,1.1,1.0,4.0,3.0,SJF_NP
446,mixed,mixed,8,10.625,8.214887400323878,19.0,11.125,5.555121510822243,2.0,20.0,89.0,0.4993367649728455,4.45,0.125,0.5892556299838061,0.2923748163590654,5.5,2.8722813232690143,1.0,10.0,9.0,SRTF
447,scattered,medium,10,7.5,5.783597496368502,17.0,7.8,1.5999999999999999,5.0,10.0,78.0,0.20512820510190663,4.333333333333333,0.0,0.6786890279795277,0.26666666666666666,5.5,2.9068883707497264,1.0,10.0,9.0,SRTF
448,scattered,long,10,8.4,5.388877434122992,18.0,17.5,2.7658633371878665,13.0,20.0,175.0,0.15804933354456097,9.210526315789474,0.0,0.7163748718882637,0.3457329171484833,5.6,3.0397368307141326,1.0,10.0,9.0,SRTF
449,scattered,medium,9,11.11111111111111,5.68515502465157,18.0,7.777777777777778,1.1331154474650633,6.0,10.0,70.0,0.14568627179820562,3.6842105263157894,0.0,0.7007813144920226,0.22662308949301266,5.888888888888889,2.5141574442188355,3.0,10.0,7.0,SJF_NP
450,scattered,short,11,11.454545454545455,5.499812168092427,17.0,2.4545454545454546,1.1570838237598051,1.0,4.0,27.0,0.47140452059897797,1.5,1.0,0.6944548795504207,0.2892709559399513,4.545454545454546,2.7423823870906103,1.0,8.0,7.0,SRTF
451,clustered,short,7,10.857142857142858,5.667666978536392,12.0,2.857142857142857,0.989743318610787,1.0,4.0,20.0,0.3464101613925319,1.5384615384615385,1.0,0.5640256170356621,0.24743582965269675,4.714285714285714,2.962348764761103,1.0,9.0,8.0,SJF_NP
452,ordered,medium,7,9.0,6.524678426668135,18.0,6.857142857142857,1.7261494247992246,5.0,10.0,48.0,0.25173012441317627,2.526315789473684,0.0,0.6565958722806244,0.2876915707998708,6.285714285714286,2.1189138534559038,3.0,10.0,7.0,SJF_NP
453,clustered,mixed,6,8.166666666666666,0.8975274678557508,3.0,15.166666666666666,2.4094720491334933,12.0,20.0,91.0,0.158866288943382,22.75,0.0,0.7756181330360623,0.26771911657038816,5.333333333333333,2.8674417556808756,1.0,10.0,9.0,SRTF
454,mixed,mixed,8,7.5,4.092676385936225,14.0,9.0,5.656854249492381,1.0,19.0,72.0,0.6285393609848713,4.8,0.375,0.7271549076042516,0.2977291710259148,7.25,2.0463381929681126,3.0,9.0,6.0,SRTF
455,scattered,medium,10,8.8,6.6,17.0,8.0,1.7888543819998317,5.0,10.0,80.0,0.2236067977220281,4.444444444444445,0.0,0.6333333333333333,0.29814239699997197,7.6,1.4966629547095764,6.0,10.0,4.0,SJF_NP
456,mixed,mixed,12,10.666666666666666,5.421151989096864,17.0,11.333333333333334,6.699917080747261,1.0,20.0,136.0,0.5911691541314198,7.555555555555555,0.25,0.6988248894946187,0.33499585403736304,6.25,2.419538523492996,1.0,10.0,9.0,SRTF
457,ordered,medium,11,12.181818181818182,5.669987683459155,19.0,6.909090909090909,1.6762808104168887,5.0,10.0,76.0,0.24261959094627578,3.8,0.0,0.7165006158270423,0.27938013506948145,4.0,2.412090756622109,1.0,8.0,7.0,SJF_NP
458,scattered,medium,12,9.583333333333334,7.158425494168082,20.0,7.083333333333333,1.552328000849763,5.0,10.0,85.0,0.21915218832432154,4.0476190476190474,0.0,0.6591225955158057,0.2587213334749605,6.083333333333333,2.1778557242286634,3.0,10.0,7.0,SRTF
459,clustered,short,7,6.857142857142857,8.322578093502575,19.0,2.142857142857143,1.3552618543578767,1.0,4.0,15.0,0.6324555317385299,0.75,1.0,0.5838710953248712,0.3388154635894692,5.142857142857143,3.1815796359028696,1.0,10.0,9.0,SJF_NP
460,ordered,medium,6,9.666666666666666,3.7267799624996494,12.0,6.666666666666667,1.3743685418725535,5.0,8.0,40.0,0.20615528124995972,3.076923076923077,0.0,0.7133246182692577,0.3435921354681384,4.833333333333333,2.266911751455907,2.0,9.0,7.0,SJF_NP
461,scattered,medium,6,9.333333333333334,6.128258770283411,19.0,7.333333333333333,1.5986105077709065,6.0,10.0,44.0,0.21799234193903375,2.2,0.0,0.6935870614858295,0.3197221015541813,5.833333333333333,2.9107081994288304,2.0,10.0,8.0,SJF_NP
462,ordered,short,11,6.818181818181818,6.42181200452704,20.0,2.8181818181818183,1.2662171161076472,1.0,4.0,31.0,0.44930284749167054,1.4761904761904763,1.0,0.6941994283558552,0.3165542790269118,3.8181818181818183,2.1242402628268953,1.0,7.0,6.0,SRTF
463,scattered,short,12,9.166666666666666,5.225471802196961,17.0,2.6666666666666665,0.8498365855987975,2.0,4.0,32.0,0.3186887194800408,1.7777777777777777,1.0,0.7096960109890578,0.28327886186626583,4.416666666666667,3.06752705321766,1.0,10.0,9.0,SJF_NP
464,tight,medium,9,3.0,0.816496580927726,2.0,7.777777777777778,1.547598697464902,5.0,10.0,70.0,0.1989769753627618,23.333333333333332,0.0,0.7278344730240913,0.25793311624415033,5.222222222222222,2.4845199749997664,1.0,10.0,9.0,SRTF
465,ordered,medium,8,8.75,6.887488656977955,19.0,7.25,1.5612494995995996,5.0,9.0,58.0,0.2153447585357593,2.9,0.0,0.6556255671511022,0.3122498999199199,6.625,2.7357585785299112,2.0,10.0,8.0,SJF_NP
466,scattered,medium,12,8.5,5.057996968497839,18.0,7.916666666666667,1.7057907908715602,5.0,10.0,95.0,0.21546831039866424,5.0,0.0,0.7337896332369558,0.28429846514526,7.333333333333333,2.494438257849294,3.0,10.0,7.0,SJF_NP
467,ordered,medium,10,14.2,3.515679166249389,10.0,6.9,1.6401219466856725,5.0,9.0,69.0,0.2376988328185469,6.2727272727272725,0.0,0.6803928030682374,0.3280243893371345,5.0,2.5298221281347035,1.0,8.0,7.0,SRTF
468,scattered,short,10,6.4,5.238320341483518,18.0,2.5,1.118033988749895,1.0,4.0,25.0,0.4472135953210725,1.3157894736842106,1.0,0.7242989293956044,0.2795084971874737,7.1,2.3853720883753127,3.0,10.0,7.0,SRTF
469,clustered,mixed,12,6.5,4.444097208657794,10.0,9.833333333333334,6.6687496745808525,1.0,20.0,118.0,0.678177932939255,10.727272727272727,0.3333333333333333,0.5959911628492914,0.33343748372904264,5.083333333333333,2.1392496088322392,2.0,9.0,7.0,SRTF
470,tight,short,9,18.22222222222222,0.628539361054709,2.0,2.2222222222222223,1.1331154474650633,1.0,4.0,20.0,0.5099019511298226,6.666666666666667,1.0,0.7904868796484303,0.28327886186626583,4.888888888888889,2.5141574442188355,1.0,9.0,8.0,SRTF
471,clustered,mixed,7,5.428571428571429,4.8064582403602065,11.0,8.142857142857142,6.104531605491856,1.0,18.0,57.0,0.7496793198806183,4.75,0.42857142857142855,0.599461813303316,0.3391406447495476,4.0,1.7728105208558367,2.0,7.0,5.0,SRTF
472,ordered,medium,10,10.4,5.141984052872977,16.0,7.0,1.4832396974191326,5.0,9.0,70.0,0.21189138531532017,4.117647058823529,0.0,0.6975303498310014,0.2966479394838265,4.6,2.76405499221705,1.0,9.0,8.0,SJF_NP
473,tight,short,6,5.5,0.7637626158259734,2.0,2.5,1.118033988749895,1.0,4.0,15.0,0.4472135953210725,5.0,1.0,0.7454124613913422,0.2795084971874737,5.166666666666667,2.4094720491334933,3.0,9.0,6.0,SJF_NP
474,scattered,long,8,9.75,5.717298313014636,20.0,14.875,2.666341125962693,11.0,18.0,119.0,0.1792498235820802,5.666666666666667,0.0,0.7277476993802554,0.3332926407453366,4.125,2.4717149916606487,1.0,9.0,8.0,SJF_NP
475,scattered,long,7,12.142857142857142,5.792324266489512,14.0,13.714285714285714,2.710523708715754,11.0,19.0,96.0,0.1976423537461123,6.4,0.0,0.6138450489006992,0.3011693009684171,4.571428571428571,2.969229955832361,1.0,10.0,9.0,SJF_NP
476,tight,medium,9,5.0,0.816496580927726,2.0,7.333333333333333,2.1081851067789197,5.0,10.0,66.0,0.2874797872488327,22.0,0.0,0.7278344730240913,0.35136418446315326,6.0,2.943920288775949,1.0,10.0,9.0,SJF_NP
477,clustered,short,5,13.2,5.075431016179809,11.0,3.0,1.2649110640673518,1.0,4.0,15.0,0.4216370212152382,1.25,1.0,0.5770474153183494,0.31622776601683794,6.8,3.1874754901018454,1.0,10.0,9.0,SJF_NP
478,tight,medium,5,18.0,0.8944271909999159,2.0,8.4,1.3564659966250536,7.0,10.0,42.0,0.161484047198044,14.0,0.0,0.7018576030000281,0.3391164991562634,5.4,2.244994432064365,3.0,9.0,6.0,SJF_NP
479,tight,short,5,8.0,0.6324555320336759,2.0,3.0,0.8944271909999159,2.0,4.0,15.0,0.29814239690059113,5.0,1.0,0.7891814893221081,0.29814239699997197,7.2,0.7483314773547882,6.0,8.0,2.0,SRTF
480,clustered,mixed,8,3.75,4.205650960315181,10.0,5.875,2.7585095613392387,3.0,12.0,47.0,0.4695335422756945,4.2727272727272725,0.5,0.6176680945168018,0.27585095613392385,6.625,2.117634293262177,4.0,10.0,6.0,SJF_NP
481,mixed,mixed,5,11.0,8.246211251235321,19.0,7.6,5.953150426454887,1.0,16.0,38.0,0.783309266535734,1.9,0.4,0.587689437438234,0.37207190165343046,6.2,2.9257477676655586,3.0,10.0,7.0,SRTF
482,clustered,short,6,13.833333333333334,4.179978734661485,9.0,3.3333333333333335,0.7453559924999298,2.0,4.0,20.0,0.22360679768289687,2.0,1.0,0.5820021265338515,0.2484519974999766,6.166666666666667,2.6718699236468995,1.0,10.0,9.0,FCFS
483,scattered,mixed,9,8.666666666666666,6.128258770283412,17.0,11.666666666666666,5.656854249492381,1.0,19.0,105.0,0.48487322134350064,5.833333333333333,0.2222222222222222,0.6595411794286994,0.2977291710259148,6.111111111111111,2.4241582476968255,2.0,9.0,7.0,SRTF
484,scattered,medium,5,15.6,3.0724582991474434,8.0,7.8,1.469693845669907,6.0,10.0,39.0,0.1884222878822416,4.333333333333333,0.0,0.6586157445391729,0.29393876913398137,5.0,3.63318042491699,1.0,10.0,9.0,SJF_NP
485,tight,short,6,8.166666666666666,0.6871842709362769,2.0,2.5,1.2583057392117916,1.0,4.0,15.0,0.5033222954833877,5.0,1.0,0.7709385763545744,0.3145764348029479,4.0,1.2909944487358056,2.0,6.0,4.0,SRTF
486,tight,short,5,7.6,0.48989794855663565,1.0,2.6,0.4898979485566356,2.0,3.0,13.0,0.18842228783392817,6.5,1.0,0.7550510257216821,0.2449489742783178,6.2,2.039607805437114,4.0,10.0,6.0,SJF_NP
487,ordered,short,6,6.0,4.58257569495584,12.0,2.5,1.2583057392117916,1.0,4.0,15.0,0.5033222954833877,1.1538461538461537,1.0,0.6474941773110893,0.3145764348029479,6.166666666666667,2.9674156357941426,2.0,10.0,8.0,SJF_NP
488,clustered,mixed,7,7.0,6.07100838882165,13.0,5.142857142857143,2.531435020952764,1.0,9.0,36.0,0.49222347620066065,2.5714285714285716,0.42857142857142855,0.5663565436555964,0.28127055788364047,4.714285714285714,3.4934340744678525,1.0,9.0,8.0,SRTF
489,scattered,short,10,11.8,5.1536394906900505,14.0,2.8,1.077032961426901,1.0,4.0,28.0,0.3846546289436594,1.8666666666666667,1.0,0.6564240339539966,0.26925824035672524,6.0,2.8284271247461903,1.0,10.0,9.0,SJF_NP
490,clustered,medium,7,11.714285714285714,9.003400718050703,19.0,8.0,1.7728105208558367,5.0,10.0,56.0,0.2216013150792794,2.8,0.0,0.5498299640974649,0.29546842014263947,4.0,3.2071349029490928,1.0,10.0,9.0,SJF_NP
491,tight,short,7,2.4285714285714284,0.7284313590846836,2.0,2.142857142857143,1.124858267715973,1.0,4.0,15.0,0.5249338580224849,5.0,1.0,0.7571895469717721,0.28121456692899327,4.571428571428571,2.5555062599997598,1.0,9.0,8.0,SJF_NP
492,clustered,medium,10,7.9,5.3188344587888805,12.0,7.3,1.4866068747318506,5.0,9.0,73.0,0.20364477733263095,5.615384615384615,0.0,0.5908588877854708,0.2973213749463701,5.7,2.9,1.0,10.0,9.0,SJF_NP
493,clustered,short,12,10.666666666666666,8.67307455417179,18.0,2.6666666666666665,1.247219128924647,1.0,4.0,32.0,0.46770717317135246,1.6842105263157894,1.0,0.5435223918856953,0.31180478223116176,5.166666666666667,3.435921354681384,1.0,10.0,9.0,SJF_NP
494,clustered,short,6,14.333333333333334,6.968181653455623,16.0,2.8333333333333335,1.3437096247164249,1.0,4.0,17.0,0.47425045561488505,1.0,1.0,0.5901069615614339,0.3359274061791062,4.333333333333333,2.6246692913372702,1.0,9.0,8.0,SJF_NP
495,ordered,short,5,10.4,3.4985711369071804,10.0,2.4,1.2,1.0,4.0,12.0,0.49999999979166665,1.0909090909090908,1.0,0.6819480784629837,0.3,5.6,2.0591260281974,2.0,8.0,6.0,SRTF
496,clustered,short,11,10.545454545454545,0.9875254992000196,3.0,2.090909090909091,1.1642044068059725,1.0,4.0,23.0,0.55679341168439,5.75,1.0,0.7531186251999951,0.2910511017014931,5.7272727272727275,2.9260867162601962,2.0,10.0,8.0,SJF_NP
497,scattered,short,5,9.4,4.363484845854286,13.0,2.0,1.2649110640673518,1.0,4.0,10.0,0.6324555317174481,0.7142857142857143,1.0,0.6883225110104081,0.31622776601683794,5.0,2.3664319132398464,1.0,8.0,7.0,RR
498,scattered,mixed,7,7.714285714285714,3.806546455564065,12.0,9.857142857142858,7.139999428342743,3.0,19.0,69.0,0.7243477680192575,5.3076923076923075,0.42857142857142855,0.7071887341873796,0.41999996637310255,6.857142857142857,2.899683304312063,1.0,10.0,9.0,SJF_NP
499,scattered,mixed,6,12.0,4.242640687119285,12.0,5.166666666666667,2.91070819942883,2.0,11.0,31.0,0.5633628771997677,2.3846153846153846,0.5,0.6736430240677473,0.291070819942883,7.833333333333333,2.1921577396609844,4.0,10.0,6.0,SJF_NP
500,clustered,mixed,5,5.8,6.112282715974449,16.0,12.0,5.89915248150105,5.0,20.0,60.0,0.4915960400841211,3.5294117647058822,0.0,0.640453957883856,0.3686970300938156,6.4,2.33238075793812,3.0,9.0,6.0,FCFS
501,tight,medium,9,17.77777777777778,0.6285393610547089,2.0,7.777777777777778,1.314684396244359,6.0,9.0,70.0,0.16903085092397077,23.333333333333332,0.0,0.7904868796484303,0.32867109906108977,4.555555555555555,3.235604395235786,1.0,10.0,9.0,SJF_NP
502,scattered,mixed,8,8.875,7.114026637566098,20.0,11.0,8.411301920630361,1.0,20.0,88.0,0.7646638108968816,4.190476190476191,0.375,0.6612368267825668,0.42056509603151804,7.625,2.595067436503337,2.0,10.0,8.0,SRTF
503,tight,short,9,0.4444444444444444,0.4969039949999533,1.0,2.5555555555555554,0.8314794192830981,1.0,4.0,23.0,0.32536151176607087,11.5,1.0,0.7515480025000234,0.20786985482077452,6.444444444444445,1.7708197167232473,4.0,9.0,5.0,SJF_NP
504,mixed,mixed,8,10.625,6.0608889612003285,17.0,9.25,6.118619125260208,1.0,18.0,74.0,0.6614723377944579,4.111111111111111,0.375,0.6632839465999818,0.3399232847366782,6.625,2.595067436503337,2.0,10.0,8.0,SRTF
505,tight,short,7,15.714285714285714,0.6998542122237652,2.0,1.7142857142857142,0.6998542122237652,1.0,3.0,12.0,0.4082482902257182,4.0,1.0,0.7667152625920782,0.23328473740792174,4.142857142857143,1.8070158058105026,2.0,8.0,6.0,SJF_NP
506,scattered,short,5,8.6,5.2,16.0,2.2,0.9797958971132712,1.0,3.0,11.0,0.44536177121268605,0.6470588235294118,1.0,0.6941176470588235,0.3265986323710904,7.0,2.1908902300206643,4.0,10.0,6.0,SRTF
507,clustered,short,7,6.714285714285714,6.901641330960663,15.0,3.0,0.7559289460184544,2.0,4.0,21.0,0.2519763152554927,1.3125,1.0,0.5686474168149586,0.2519763153394848,5.428571428571429,2.4411439272335804,1.0,9.0,8.0,SRTF
508,clustered,mixed,8,12.875,6.6226410894748025,14.0,8.0,5.894913061275798,1.0,18.0,64.0,0.7368641325673667,4.266666666666667,0.375,0.5584905940350131,0.32749517007087764,4.125,2.9764702249476644,1.0,10.0,9.0,SJF_NP
509,scattered,mixed,8,7.875,4.399928976699511,13.0,10.5,5.385164807134504,3.0,19.0,84.0,0.5128728387258696,6.0,0.125,0.6857193588071778,0.3167744004196767,5.75,2.384848003542364,3.0,10.0,7.0,SRTF
510,ordered,medium,9,10.777777777777779,6.4769296185731875,17.0,7.666666666666667,1.4142135623730951,6.0,10.0,69.0,0.18446263854634337,3.8333333333333335,0.0,0.640170576745934,0.282842712474619,4.444444444444445,2.629368792488718,1.0,8.0,7.0,SJF_NP
511,clustered,medium,6,9.333333333333334,7.6739096221475585,16.0,8.333333333333334,1.7950549357115013,6.0,10.0,50.0,0.21540659225953135,2.9411764705882355,0.0,0.5485935516383789,0.3590109871423003,5.333333333333333,1.5986105077709065,2.0,7.0,5.0,SRTF
512,tight,medium,12,15.083333333333334,0.6400954789890507,2.0,8.166666666666666,0.7993052538854533,7.0,9.0,98.0,0.09787411270868317,32.666666666666664,0.0,0.786634840336983,0.2664350846284844,7.0,2.614064523559687,1.0,10.0,9.0,SJF_NP
513,clustered,medium,5,11.0,4.516635916254486,12.0,6.4,1.4966629547095764,5.0,9.0,32.0,0.23385358663683167,2.4615384615384617,0.0,0.6525664679804242,0.2993325909419153,3.8,2.039607805437114,1.0,7.0,6.0,SJF_NP
514,mixed,mixed,6,7.166666666666667,4.705198071164368,12.0,10.333333333333334,4.533823502911814,3.0,17.0,62.0,0.4387571131425539,4.769230769230769,0.16666666666666666,0.6380616868335102,0.30225490019412093,6.333333333333333,3.144660377352201,2.0,10.0,8.0,SRTF
515,clustered,medium,7,14.142857142857142,8.322578093502575,19.0,7.428571428571429,2.0603150145508513,5.0,10.0,52.0,0.277350098075279,2.6,0.0,0.5838710953248712,0.3433858357584752,7.142857142857143,2.4159335036125373,3.0,10.0,7.0,SJF_NP
516,mixed,mixed,5,4.6,5.122499389946279,14.0,11.8,7.413501197140255,1.0,20.0,59.0,0.6282628132637281,3.933333333333333,0.2,0.658500040670248,0.37067505985701277,7.6,1.624807680927192,6.0,10.0,4.0,SJF_NP
517,clustered,short,11,11.363636363636363,6.5404020904018,14.0,3.090909090909091,0.7925270806437588,2.0,4.0,34.0,0.2564058201253201,2.2666666666666666,1.0,0.5639731939732133,0.2641756935479196,5.545454545454546,2.709029895591153,2.0,10.0,8.0,SJF_NP
518,clustered,short,6,9.166666666666666,4.844813951249544,10.0,3.1666666666666665,1.2133516482134197,1.0,4.0,19.0,0.3831636782621861,1.7272727272727273,1.0,0.5595623680682232,0.3033379120533549,5.666666666666667,1.3743685418725535,4.0,8.0,4.0,SRTF
519,scattered,medium,8,9.25,5.889609494694874,16.0,6.75,1.3919410907075054,5.0,9.0,54.0,0.20621349488908028,3.176470588235294,0.0,0.6535523826650074,0.27838821814150105,6.25,2.1065374432940898,3.0,9.0,6.0,SJF_NP
520,scattered,mixed,5,11.4,7.144228439796701,19.0,11.0,5.621387729022079,2.0,19.0,55.0,0.5110352480464585,2.75,0.2,0.642788578010165,0.31229931827900437,8.0,1.6733200530681511,6.0,10.0,4.0,SRTF
521,scattered,medium,9,13.555555555555555,4.323350324076382,14.0,6.666666666666667,1.5634719199411433,5.0,9.0,60.0,0.23452078795599338,4.0,0.0,0.7117766450615746,0.3126943839882287,6.111111111111111,3.2470309324894346,1.0,10.0,9.0,SJF_NP
522,tight,medium,9,15.88888888888889,0.8748897637790901,2.0,7.111111111111111,1.3698697784375504,5.0,9.0,64.0,0.19263793756569084,21.333333333333332,0.0,0.7083700787403033,0.2739739556875101,6.555555555555555,2.3622546250521443,4.0,10.0,6.0,SJF_NP
523,mixed,mixed,11,11.454545454545455,4.185768884807759,14.0,9.454545454545455,5.193766129849346,2.0,18.0,104.0,0.5493406482913467,6.933333333333334,0.18181818181818182,0.7209487410128161,0.30551565469702036,6.181818181818182,2.757409252382382,2.0,10.0,8.0,SRTF
524,scattered,mixed,6,9.5,7.455423082115014,18.0,14.333333333333334,5.849976258261414,2.0,19.0,86.0,0.4081378784548797,4.526315789473684,0.16666666666666666,0.6076093114676309,0.324998681014523,5.333333333333333,2.8674417556808756,1.0,9.0,8.0,SRTF
525,mixed,mixed,11,12.727272727272727,3.7438655058134547,14.0,12.454545454545455,6.0507495608340855,3.0,20.0,137.0,0.48582660703526165,9.133333333333333,0.18181818181818182,0.750408966279103,0.33615275337967143,6.909090909090909,3.4497574474564137,1.0,10.0,9.0,SRTF
526,clustered,short,11,6.636363636363637,7.991731263940331,19.0,2.6363636363636362,1.2264306875665492,1.0,4.0,29.0,0.4651978468315471,1.45,1.0,0.6004134368029834,0.3066076718916373,5.0,2.6285149626910838,1.0,9.0,8.0,SJF_NP
527,ordered,short,9,10.222222222222221,6.19637488604386,18.0,2.0,1.247219128924647,1.0,4.0,18.0,0.6236095641505187,0.9473684210526315,1.0,0.6738750059976916,0.31180478223116176,4.111111111111111,2.997941680718231,1.0,10.0,9.0,SRTF
528,tight,medium,10,4.4,0.8,2.0,7.3,1.4177446878757827,5.0,9.0,73.0,0.19421160105227,24.333333333333332,0.0,0.7333333333333334,0.28354893757515653,6.0,3.22490309931942,1.0,10.0,9.0,SJF_NP
529,clustered,short,9,14.333333333333334,6.599663291074443,16.0,3.0,0.6666666666666666,2.0,4.0,27.0,0.22222222214814813,1.588235294117647,1.0,0.6117845122897386,0.2222222222222222,5.777777777777778,1.0304020550550783,4.0,7.0,3.0,SJF_NP
530,scattered,mixed,9,11.666666666666666,5.557777333511022,18.0,9.88888888888889,4.747969026493666,2.0,18.0,89.0,0.4801316992597956,4.684210526315789,0.1111111111111111,0.7074854034994199,0.27929229567609803,3.888888888888889,2.3306863292670035,1.0,8.0,7.0,SJF_NP
531,scattered,mixed,5,9.0,5.477225575051661,16.0,9.4,4.223742416388575,1.0,12.0,47.0,0.4493342995680043,2.764705882352941,0.2,0.6778102602910787,0.3519785346990479,6.4,3.2619012860600183,2.0,10.0,8.0,SRTF
532,scattered,long,6,6.833333333333333,6.282692274990255,20.0,16.333333333333332,1.7950549357115015,15.0,20.0,98.0,0.10990132258785308,4.666666666666667,0.0,0.7008241773814163,0.2991758226185836,5.833333333333333,2.4776781245530843,3.0,10.0,7.0,SJF_NP
533,scattered,short,6,15.333333333333334,4.642796092394707,13.0,2.0,0.816496580927726,1.0,3.0,12.0,0.40824829025973886,0.8571428571428571,1.0,0.6683717076860924,0.2721655269759087,4.666666666666667,2.2852182001336816,2.0,9.0,7.0,FCFS
534,tight,medium,10,3.7,0.9,2.0,8.4,1.9078784028338915,5.0,10.0,84.0,0.2271283812627099,28.0,0.0,0.7,0.3179797338056486,6.4,2.727636339397171,1.0,10.0,9.0,SJF_NP
535,clustered,short,5,11.4,1.2,3.0,1.6,1.2,1.0,4.0,8.0,0.7499999995312499,2.0,1.0,0.7,0.3,4.2,3.249615361854384,1.0,9.0,8.0,SJF_NP
536,scattered,short,8,7.0,4.8218253804964775,15.0,2.75,1.0897247358851685,1.0,4.0,22.0,0.3962635401777836,1.375,1.0,0.6986359137189702,0.2724311839712921,4.375,2.912795049432761,1.0,9.0,8.0,SJF_NP
537,clustered,short,12,5.5,5.008326400438906,11.0,2.0833333333333335,1.1873172373979173,1.0,4.0,25.0,0.5699122736774423,2.0833333333333335,1.0,0.5826394666300911,0.2968293093494793,5.5,2.9860788111948193,1.0,10.0,9.0,SJF_NP
538,scattered,long,5,8.2,5.946427498927402,18.0,15.6,2.4166091947189146,12.0,19.0,78.0,0.15491084580538486,4.105263157894737,0.0,0.6870301316353999,0.3020761493398643,6.2,2.993325909419153,1.0,9.0,8.0,SJF_NP
539,tight,short,5,11.4,0.7999999999999999,2.0,1.8,0.7483314773547883,1.0,3.0,9.0,0.4157397094105825,3.0,1.0,0.7333333333333334,0.24944382578492943,4.8,2.5612496949731396,1.0,8.0,7.0,FCFS
540,scattered,short,11,13.090909090909092,4.832739585455277,18.0,3.090909090909091,1.1642044068059723,1.0,4.0,34.0,0.37665436678595576,1.7894736842105263,1.0,0.745645284976038,0.29105110170149306,4.7272727272727275,3.4664865390795674,1.0,10.0,9.0,SJF_NP
541,clustered,short,6,9.333333333333334,4.384315479321969,10.0,3.3333333333333335,1.1055415967851334,1.0,4.0,20.0,0.3316624789360413,1.8181818181818181,1.0,0.6014258655161846,0.27638539919628335,5.333333333333333,3.636237371545238,1.0,10.0,9.0,SJF_NP
542,tight,short,9,11.11111111111111,0.5665577237325317,2.0,2.2222222222222223,0.9162456945817024,1.0,4.0,20.0,0.41231056237622626,6.666666666666667,1.0,0.8111474254224894,0.2290614236454256,5.0,2.943920288775949,2.0,10.0,8.0,SRTF
543,clustered,medium,5,9.4,5.238320341483518,11.0,6.6,1.4966629547095764,5.0,9.0,33.0,0.22676711431557717,2.75,0.0,0.5634733048763736,0.2993325909419153,4.8,2.6381811916545836,2.0,9.0,7.0,SRTF
544,scattered,short,8,13.25,3.418698582794336,11.0,2.625,0.9921567416492215,1.0,4.0,21.0,0.37796447286524076,1.75,1.0,0.7151084514338053,0.24803918541230538,5.0,3.570714214271425,1.0,10.0,9.0,SJF_NP
545,tight,short,10,17.8,0.6,2.0,2.2,1.0770329614269007,1.0,4.0,22.0,0.48956043678970007,7.333333333333333,1.0,0.8,0.2692582403567252,6.7,2.7586228448267445,1.0,10.0,9.0,SJF_NP
546,scattered,medium,8,12.125,4.985917668794783,17.0,7.5,1.5,5.0,10.0,60.0,0.19999999997333334,3.3333333333333335,0.0,0.7230045739558454,0.25,3.375,2.117634293262177,1.0,7.0,6.0,SJF_NP
547,tight,short,9,19.88888888888889,0.3142696805273545,1.0,2.6666666666666665,1.3333333333333333,1.0,4.0,24.0,0.4999999998125,12.0,1.0,0.8428651597363228,0.3333333333333333,5.444444444444445,2.8327886186626583,2.0,10.0,8.0,SRTF
548,ordered,short,10,6.6,4.673328578219169,16.0,2.2,1.1661903789690602,1.0,4.0,22.0,0.5300865356540789,1.2941176470588236,1.0,0.7250983189282842,0.29154759474226505,4.1,3.1128764832546763,1.0,9.0,8.0,SRTF
549,ordered,medium,11,8.272727272727273,6.510005014533875,20.0,7.363636363636363,1.7721444263289026,5.0,10.0,81.0,0.24066158872803273,3.857142857142857,0.0,0.6899997612126726,0.29535740438815045,5.7272727272727275,2.4528613751330983,1.0,9.0,8.0,SJF_NP
550,scattered,long,8,9.0,6.855654600401044,19.0,17.25,2.0463381929681126,14.0,20.0,138.0,0.1186283010347527,6.9,0.0,0.6572172699799478,0.2923340275668732,4.625,2.4462982238476156,2.0,9.0,7.0,SRTF
551,ordered,short,8,7.625,6.479535091347218,17.0,2.375,1.2183492931011204,1.0,4.0,19.0,0.5129891758265815,1.0555555555555556,1.0,0.6400258282584879,0.3045873232752801,4.5,2.692582403567252,1.0,8.0,7.0,SRTF
552,scattered,medium,6,7.833333333333333,4.4503433076062295,12.0,8.166666666666666,1.3437096247164249,6.0,10.0,49.0,0.16453587239410886,3.769230769230769,0.0,0.6576658994149054,0.26874192494328497,6.666666666666667,1.7950549357115013,4.0,9.0,5.0,SJF_NP
553,scattered,medium,6,10.666666666666666,5.962847939999438,18.0,7.833333333333333,1.462494064565354,5.0,9.0,47.0,0.18670136992067907,2.473684210526316,0.0,0.6861658978947665,0.2924988129130708,4.5,2.0615528128088303,2.0,8.0,6.0,SJF_NP
554,clustered,mixed,10,7.6,2.2,6.0,9.8,5.4,1.0,20.0,98.0,0.5510204081070387,14.0,0.2,0.6857142857142857,0.27,6.1,3.1128764832546763,1.0,10.0,9.0,SJF_NP
555,ordered,short,10,9.5,6.08687111741328,19.0,1.9,1.2206555615733703,1.0,4.0,19.0,0.6424502952268,0.95,1.0,0.695656444129336,0.3051638903933426,4.7,2.9681644159311658,1.0,10.0,9.0,SRTF
556,ordered,short,6,11.5,6.157651067303722,20.0,2.6666666666666665,1.1055415967851334,1.0,4.0,16.0,0.4145780986389583,0.7619047619047619,1.0,0.7067785206045847,0.27638539919628335,2.8333333333333335,2.3392781412696997,1.0,7.0,6.0,FCFS
557,tight,medium,7,18.857142857142858,0.8329931278350429,2.0,7.428571428571429,1.3997084244475304,5.0,10.0,52.0,0.18842228788103377,17.333333333333332,0.0,0.7223356240549856,0.23328473740792174,3.4285714285714284,1.7612611437054218,1.0,6.0,5.0,SJF_NP
558,tight,short,6,8.333333333333334,0.74535599249993,2.0,2.8333333333333335,1.2133516482134197,1.0,4.0,17.0,0.42824175804182746,5.666666666666667,1.0,0.7515480025000233,0.3033379120533549,6.0,3.696845502136472,2.0,10.0,8.0,SJF_NP
559,tight,short,10,10.0,0.7745966692414834,2.0,2.3,0.9,1.0,4.0,23.0,0.3913043476559547,7.666666666666667,1.0,0.7418011102528388,0.225,5.2,3.0594117081556713,1.0,10.0,9.0,SJF_NP
560,ordered,short,5,7.0,6.418722614352485,19.0,2.6,0.4898979485566356,2.0,3.0,13.0,0.18842228783392817,0.65,1.0,0.6790638692823757,0.2449489742783178,5.8,2.3151673805580453,3.0,10.0,7.0,FCFS
561,clustered,short,12,7.333333333333333,8.682677518420737,18.0,2.5,1.0408329997330663,1.0,4.0,30.0,0.41633319972669325,1.5789473684210527,1.0,0.5430169727146981,0.2602082499332666,6.333333333333333,3.4480268109295333,1.0,10.0,9.0,SRTF
562,ordered,short,8,8.25,5.11737237261468,18.0,2.75,1.1989578808281798,1.0,4.0,22.0,0.43598468377898003,1.1578947368421053,1.0,0.7306646119676484,0.29973947020704494,5.625,2.6896793489187516,1.0,9.0,8.0,SJF_NP
563,ordered,short,6,7.333333333333333,5.249338582674541,17.0,2.8333333333333335,1.0671873729054748,1.0,4.0,17.0,0.3766543667748778,0.9444444444444444,1.0,0.7083700787403033,0.2667968432263687,4.833333333333333,3.0776975521032313,1.0,9.0,8.0,SJF_NP
564,scattered,medium,5,6.8,5.30659966456864,13.0,6.6,1.3564659966250536,5.0,9.0,33.0,0.20552515097265583,2.357142857142857,0.0,0.6209571668165257,0.2712931993250107,7.4,3.32264954516723,1.0,10.0,9.0,SJF_NP
565,scattered,mixed,8,11.125,6.333196270446701,18.0,9.375,4.328322423295196,3.0,17.0,75.0,0.4616877251022409,3.9473684210526314,0.125,0.6666738805028052,0.28855482821967976,4.125,3.179524335494226,1.0,9.0,8.0,SRTF
566,scattered,mixed,9,8.333333333333334,7.164728420068226,20.0,11.0,4.666666666666667,6.0,19.0,99.0,0.42424242420385677,4.714285714285714,0.0,0.6588224561872273,0.33333333333333337,7.666666666666667,1.563471919941143,5.0,10.0,5.0,SRTF
567,ordered,medium,9,9.777777777777779,6.124228346453631,18.0,7.555555555555555,1.892154040658489,5.0,10.0,68.0,0.2504321524069487,3.5789473684210527,0.0,0.6776721922919142,0.3153590067764148,4.666666666666667,2.8674417556808756,1.0,9.0,8.0,SRTF
568,scattered,long,10,9.1,5.166236541235795,16.0,16.0,2.6832815729997477,12.0,20.0,160.0,0.16770509830200267,9.411764705882353,0.0,0.6961037328684827,0.29814239699997197,4.8,2.039607805437114,2.0,9.0,7.0,SRTF
569,scattered,long,7,11.142857142857142,6.033917737697965,16.0,14.571428571428571,2.4411439272335804,11.0,19.0,102.0,0.16752948519080743,6.0,0.0,0.645063662488355,0.2712382141370645,4.857142857142857,2.8499910490371434,2.0,10.0,8.0,SJF_NP
570,scattered,medium,10,11.8,4.1182520563948,15.0,6.5,1.5652475842498528,5.0,9.0,65.0,0.24080732061677623,4.0625,0.0,0.742609246475325,0.31304951684997057,5.8,2.749545416973504,1.0,10.0,9.0,SJF_NP
571,scattered,short,12,10.333333333333334,4.904646323187387,17.0,2.25,1.299038105676658,1.0,4.0,27.0,0.5773502689330257,1.5,1.0,0.7275196487118119,0.3247595264191645,4.5,2.9860788111948193,1.0,10.0,9.0,SRTF
572,tight,short,11,7.909090909090909,0.7925270806437588,2.0,2.3636363636363638,1.36666330712481,1.0,4.0,26.0,0.5782037066158718,8.666666666666666,1.0,0.7358243064520804,0.3416658267812025,5.2727272727272725,2.525898907172692,2.0,10.0,8.0,SJF_NP
573,ordered,short,11,13.181818181818182,5.149019003093199,19.0,3.0,1.1281521496355325,1.0,4.0,33.0,0.37605071641982724,1.65,1.0,0.7425490498453401,0.2820380374088831,4.545454545454546,2.7423823870906103,1.0,9.0,8.0,SRTF
574,clustered,short,12,8.916666666666666,3.0127045804208694,7.0,2.3333333333333335,1.1055415967851332,1.0,4.0,28.0,0.4738035412762841,3.5,1.0,0.6234119274473913,0.2763853991962833,5.666666666666667,2.953340857778225,1.0,9.0,8.0,SJF_NP
575,scattered,mixed,11,8.727272727272727,7.020630755021026,19.0,11.727272727272727,5.785419118799025,3.0,20.0,129.0,0.49333031241366393,6.45,0.09090909090909091,0.6489684622489487,0.3214121732666125,4.0,2.76339711883103,1.0,9.0,8.0,SRTF
576,mixed,mixed,7,7.0,7.671840904055744,19.0,9.142857142857142,3.8703477668983046,2.0,14.0,64.0,0.42331928695820153,3.2,0.14285714285714285,0.6164079547972128,0.29771905899217727,5.428571428571429,2.4411439272335804,2.0,10.0,8.0,SRTF
577,mixed,mixed,9,12.88888888888889,6.226189211609733,18.0,10.777777777777779,6.612744896162893,1.0,18.0,97.0,0.6135536501025161,5.105263157894737,0.2222222222222222,0.6723058309679089,0.36737471645349407,5.222222222222222,2.57240820062005,2.0,10.0,8.0,SRTF
578,tight,short,11,5.2727272727272725,0.7496555682941201,2.0,3.0,0.6030226891555273,2.0,4.0,33.0,0.2010075629848399,11.0,1.0,0.7501148105686266,0.20100756305184242,7.181818181818182,2.7574092523823817,2.0,10.0,8.0,SJF_NP
579,ordered,medium,11,8.272727272727273,5.2930642283671405,18.0,7.2727272727272725,1.9112541856026035,5.0,10.0,80.0,0.2627974504842233,4.2105263157894735,0.0,0.7214176721912031,0.3185423642671006,4.181818181818182,2.9176011883420383,1.0,9.0,8.0,SJF_NP
580,clustered,short,10,9.1,3.014962686336267,7.0,1.9,1.1357816691600546,1.0,4.0,19.0,0.597779825559092,2.375,1.0,0.6231296642079667,0.28394541729001366,6.1,3.014962686336267,1.0,9.0,8.0,SJF_NP
581,ordered,medium,9,11.444444444444445,6.112121128655585,18.0,6.888888888888889,1.7284832429004495,5.0,9.0,62.0,0.25090885780396555,3.263157894736842,0.0,0.678309414281285,0.3456966485800899,4.666666666666667,3.496029493900505,1.0,10.0,9.0,SJF_NP
582,ordered,medium,7,10.428571428571429,5.551245493635842,17.0,8.142857142857142,2.099562636671296,5.0,10.0,57.0,0.25784102552445937,3.1666666666666665,0.0,0.6915974725757865,0.34992710611188266,5.285714285714286,2.6029810226126573,1.0,8.0,7.0,SJF_NP
583,scattered,mixed,11,11.545454545454545,5.549179077102492,18.0,13.0,4.898979485566356,1.0,19.0,143.0,0.37684457578380853,7.526315789473684,0.09090909090909091,0.7079379433103952,0.257841025556124,5.0,2.6285149626910838,2.0,10.0,8.0,SRTF
584,scattered,medium,8,3.5,3.6742346141747673,11.0,7.5,1.8027756377319946,5.0,10.0,60.0,0.24037008499888327,5.0,0.0,0.6938137821521027,0.3004626062886658,6.0,2.958039891549808,2.0,10.0,8.0,SRTF
585,scattered,mixed,6,10.333333333333334,4.714045207910316,13.0,11.5,4.5,4.0,19.0,69.0,0.39130434779206047,4.928571428571429,0.16666666666666666,0.6632824851492631,0.28125,4.5,3.685557397915997,1.0,10.0,9.0,SRTF
586,scattered,long,9,8.11111111111111,4.3574825669172395,12.0,16.88888888888889,1.7916128329552332,14.0,20.0,152.0,0.10608233878712077,11.692307692307692,0.0,0.6648090333140585,0.25594469042217616,5.777777777777778,3.2584173996922625,2.0,10.0,8.0,SJF_NP
587,clustered,short,7,8.857142857142858,7.6798171746946355,16.0,2.7142857142857144,0.880630571852711,2.0,4.0,19.0,0.3244428421419935,1.1176470588235294,1.0,0.5482460485473744,0.29354352395090366,6.0,2.390457218668787,1.0,9.0,8.0,SJF_NP
588,scattered,long,5,10.4,3.006659275674582,9.0,15.0,2.756809750418044,12.0,20.0,75.0,0.1837873166822838,7.5,0.0,0.6993340724325419,0.3063121944908938,6.2,2.4,4.0,10.0,6.0,SJF_NP
589,scattered,short,10,8.8,5.979966555090422,20.0,2.8,1.1661903789690602,1.0,4.0,28.0,0.41649656376877275,1.3333333333333333,1.0,0.7152396878528371,0.29154759474226505,6.5,2.0615528128088303,4.0,9.0,5.0,SJF_NP
590,clustered,short,7,6.142857142857143,7.099870651308102,15.0,1.8571428571428572,0.989743318610787,1.0,4.0,13.0,0.532938709734226,0.8125,1.0,0.5562580842932436,0.24743582965269675,4.142857142857143,2.9965967090575756,1.0,10.0,9.0,SJF_NP
591,mixed,mixed,5,4.2,3.4292856398964497,9.0,9.2,6.241794613730893,1.0,20.0,46.0,0.6784559362013519,4.6,0.2,0.657071436010355,0.31208973068654466,5.2,4.069397989875161,1.0,10.0,9.0,SRTF
592,ordered,short,11,11.0,4.954336943068623,17.0,2.727272727272727,1.212878551284212,1.0,4.0,30.0,0.44472213530781296,1.6666666666666667,1.0,0.7247590587184098,0.303219637821053,7.363636363636363,1.966664332071267,4.0,10.0,6.0,SRTF
593,clustered,short,10,9.7,8.013114251026252,17.0,3.3,0.7810249675906654,2.0,4.0,33.0,0.23667423253151249,1.8333333333333333,1.0,0.5548269860540971,0.2603416558635551,4.6,2.5768197453450252,1.0,9.0,8.0,SJF_NP
594,scattered,medium,11,10.363636363636363,4.753424168145953,16.0,7.181818181818182,1.4024771473219555,5.0,10.0,79.0,0.19528162808092928,4.647058823529412,0.0,0.7203868136384733,0.23374619122032592,6.454545454545454,2.4257571025684244,2.0,10.0,8.0,SJF_NP
595,mixed,mixed,8,8.75,6.077622890571609,18.0,14.0,5.0,4.0,19.0,112.0,0.35714285711734695,5.894736842105263,0.125,0.6801251110225468,0.3125,6.625,3.0388114452858046,1.0,10.0,9.0,SJF_NP
596,mixed,mixed,8,12.75,5.889609494694874,16.0,11.0,2.598076211353316,8.0,16.0,88.0,0.2361887464651934,5.176470588235294,0.0,0.6535523826650074,0.28867513459481287,6.25,3.307189138830738,1.0,10.0,9.0,SJF_NP
597,clustered,short,12,8.083333333333334,5.529592108726365,12.0,3.1666666666666665,0.8975274678557507,2.0,4.0,38.0,0.28342972660178556,2.923076923076923,1.0,0.5746467608672027,0.29917582261858355,5.583333333333333,3.200477394945253,1.0,10.0,9.0,SJF_NP
598,tight,medium,10,19.9,0.3,1.0,7.8,1.7204650534085253,5.0,10.0,78.0,0.22057244271640422,39.0,0.0,0.85,0.28674417556808757,4.5,2.6172504656604803,1.0,9.0,8.0,SRTF
599,tight,short,5,17.6,0.8,2.0,3.2,1.16619037896906,1.0,4.0,16.0,0.36443449331394545,5.333333333333333,1.0,0.7333333333333334,0.291547594742265,7.8,1.7204650534085255,5.0,10.0,5.0,SRTF
600,ordered,short,10,7.9,4.784349485562275,15.0,2.1,1.044030650891055,1.0,4.0,21.0,0.4971574525685226,1.3125,1.0,0.7009781571523579,0.26100766272276377,5.1,2.7730849247724096,2.0,10.0,8.0,SRTF
601,clustered,mixed,7,6.428571428571429,4.8064582403602065,11.0,12.428571428571429,2.8713930346059686,6.0,15.0,87.0,0.2310316234554547,7.25,0.0,0.599461813303316,0.28713930346059685,3.7142857142857144,2.602981022612657,1.0,8.0,7.0,SJF_NP
602,clustered,medium,12,11.916666666666666,8.220485927783642,17.0,7.166666666666667,1.863389981249825,5.0,10.0,86.0,0.2600079043241605,4.777777777777778,0.0,0.5433063373453533,0.3105649968749708,4.25,1.8314384146529925,2.0,8.0,6.0,SRTF
603,clustered,short,6,10.5,7.182153808805081,15.0,3.1666666666666665,0.6871842709362768,2.0,4.0,19.0,0.2170055591745067,1.1875,1.0,0.5511153869496824,0.2290614236454256,5.5,2.362907813126304,2.0,9.0,7.0,FCFS
604,scattered,medium,8,12.875,5.925316447245666,16.0,7.375,1.8666480653835098,5.0,10.0,59.0,0.25310482239056337,3.4705882352941178,0.0,0.6514519736914315,0.31110801089725165,5.875,3.3330729064933458,1.0,10.0,9.0,SJF_NP
605,ordered,medium,9,12.0,5.055250296034367,16.0,7.222222222222222,2.042752923427804,5.0,10.0,65.0,0.28284271243545617,3.823529411764706,0.0,0.7026323355273902,0.34045882057130067,5.222222222222222,2.779999111821512,2.0,10.0,8.0,SRTF
606,ordered,short,9,9.444444444444445,4.524282904778296,14.0,2.6666666666666665,1.1547005383792515,1.0,4.0,24.0,0.4330127017298395,1.6,1.0,0.698381139681447,0.28867513459481287,6.555555555555555,2.910177967490843,2.0,10.0,8.0,SJF_NP
607,scattered,short,7,13.428571428571429,5.341405455954262,14.0,2.5714285714285716,1.178030178747903,1.0,4.0,18.0,0.45812284711269224,1.2,1.0,0.6439063029363825,0.29450754468697576,3.857142857142857,2.3560603574958057,1.0,9.0,8.0,SRTF
608,ordered,medium,8,9.0,4.69041575982343,15.0,7.0,1.3228756555322954,5.0,9.0,56.0,0.18898223647761617,3.5,0.0,0.7068490150110356,0.2645751311064591,6.0,2.7386127875258306,1.0,10.0,9.0,SJF_NP
609,clustered,short,6,6.5,4.272001872658765,12.0,3.1666666666666665,1.2133516482134197,1.0,4.0,19.0,0.3831636782621861,1.4615384615384615,1.0,0.6713844713339412,0.3033379120533549,5.833333333333333,2.4094720491334933,1.0,8.0,7.0,SRTF
610,scattered,short,8,7.0,5.315072906367325,16.0,2.375,0.4841229182759271,2.0,3.0,19.0,0.20384122866193088,1.1176470588235294,1.0,0.6873486525666279,0.24206145913796356,6.375,2.341874249399399,3.0,10.0,7.0,SJF_NP
611,scattered,long,12,8.0,6.298147875897061,19.0,15.333333333333334,3.2744804507314167,11.0,20.0,184.0,0.21355307285986067,9.2,0.0,0.685092606205147,0.3274480450731417,5.333333333333333,3.5197853469904796,1.0,10.0,9.0,SJF_NP
612,tight,medium,10,14.6,0.4898979485566356,1.0,7.9,1.57797338380595,5.0,10.0,79.0,0.19974346627926665,39.5,0.0,0.7550510257216823,0.26299556396765833,5.6,3.0397368307141326,1.0,10.0,9.0,SJF_NP
613,tight,short,11,18.09090909090909,0.7925270806437588,2.0,2.3636363636363638,1.0679400113155209,1.0,4.0,26.0,0.45182077382695,8.666666666666666,1.0,0.7358243064520804,0.2669850028288802,5.7272727272727275,3.1069104528427385,1.0,10.0,9.0,SJF_NP
614,clustered,short,8,10.375,7.261843774138907,15.0,2.875,1.0532687216470449,1.0,4.0,23.0,0.3663543378367619,1.4375,1.0,0.5461347641163183,0.2633171804117612,4.5,1.8708286933869707,2.0,7.0,5.0,SJF_NP
615,ordered,short,9,8.88888888888889,6.332358599455559,17.0,2.0,1.247219128924647,1.0,4.0,18.0,0.6236095641505187,1.0,1.0,0.6482023000302467,0.31180478223116176,6.555555555555555,2.5867659392939593,3.0,10.0,7.0,SRTF
616,ordered,medium,9,7.666666666666667,6.306962642808167,19.0,8.0,1.7638342073763937,5.0,10.0,72.0,0.22047927589448932,3.6,0.0,0.6846518678595916,0.2939723678960656,5.222222222222222,2.615244954653293,2.0,10.0,8.0,SRTF
617,tight,short,10,16.9,0.9433981132056604,2.0,2.3,1.1874342087037917,1.0,4.0,23.0,0.5162757426902244,7.666666666666667,1.0,0.6855339622647798,0.2968585521759479,5.1,2.808914381037628,1.0,10.0,9.0,SJF_NP
618,tight,short,7,12.285714285714286,0.6998542122237652,2.0,2.4285714285714284,1.049781318335648,1.0,4.0,17.0,0.4322628956072762,5.666666666666667,1.0,0.7667152625920782,0.262445329583912,5.857142857142857,2.030381486221699,2.0,8.0,6.0,SRTF
619,clustered,mixed,10,8.9,6.670082458260917,15.0,9.9,7.777531742140305,1.0,20.0,99.0,0.7856092668035046,6.1875,0.5,0.5831198463586926,0.3888765871070153,5.1,2.981610303175115,1.0,10.0,9.0,SRTF
620,clustered,medium,12,13.083333333333334,4.906769700005176,11.0,7.25,1.963203164898291,5.0,10.0,87.0,0.2707866433968972,7.25,0.0,0.5911025249995687,0.3272005274830485,5.666666666666667,3.009245014211298,1.0,10.0,9.0,SJF_NP
621,scattered,medium,9,13.444444444444445,5.27280467453541,15.0,8.222222222222221,1.8724777273725242,5.0,10.0,74.0,0.22773377762571778,4.625,0.0,0.6704497078415369,0.31207962122875404,6.0,2.4037008503093262,2.0,10.0,8.0,SRTF
622,scattered,long,7,7.142857142857143,5.138887356744271,16.0,15.571428571428571,2.770102775666474,11.0,19.0,109.0,0.17789650851761504,6.411764705882353,0.0,0.6977125084268077,0.30778919729627485,4.0,3.2071349029490928,1.0,10.0,9.0,SRTF
623,clustered,mixed,11,9.727272727272727,6.106492954089696,13.0,11.545454545454545,6.140234469370284,1.0,19.0,127.0,0.5318313319466377,9.071428571428571,0.18181818181818182,0.563821931850736,0.323170235230015,5.181818181818182,2.2081741457256583,2.0,9.0,7.0,SRTF
624,tight,short,10,6.3,0.9,2.0,2.5,1.118033988749895,1.0,4.0,25.0,0.4472135953210725,8.333333333333334,1.0,0.7,0.2795084971874737,6.2,3.2802438933713454,1.0,10.0,9.0,SJF_NP
625,ordered,medium,9,7.777777777777778,5.845753972429291,18.0,8.222222222222221,1.4740554623801776,6.0,10.0,74.0,0.17927701567308252,3.8947368421052633,0.0,0.6923287382931952,0.29481109247603554,3.5555555555555554,2.8717439962933526,1.0,10.0,9.0,SRTF
626,tight,medium,11,8.727272727272727,0.616575453011388,2.0,7.7272727272727275,1.3545149477955762,5.0,10.0,85.0,0.175290169692037,28.333333333333332,0.0,0.794474848996204,0.2257524912992627,5.818181818181818,2.6566616720368104,1.0,9.0,8.0,SRTF
627,tight,short,10,0.2,0.4,1.0,2.9,0.9433981132056604,2.0,4.0,29.0,0.32530969409667265,14.5,1.0,0.8,0.31446603773522014,5.0,2.8284271247461903,2.0,10.0,8.0,SJF_NP
628,clustered,medium,6,15.666666666666666,4.0276819911981905,9.0,8.5,1.8027756377319946,6.0,10.0,51.0,0.2120912514729298,5.1,0.0,0.5972318008801809,0.3605551275463989,3.0,2.3804761428476167,1.0,8.0,7.0,SRTF
629,clustered,medium,11,11.454545454545455,6.457745685519288,14.0,7.454545454545454,1.5587661999529316,5.0,10.0,82.0,0.20910278289246487,5.466666666666667,0.0,0.5694836209653809,0.25979436665882194,4.818181818181818,3.0396824540546343,1.0,10.0,9.0,SJF_NP
630,clustered,mixed,8,10.75,3.307189138830738,7.0,11.625,6.4213997695206615,1.0,18.0,93.0,0.5523784747499598,11.625,0.25,0.5866013576461577,0.3567444316400368,6.5,2.0615528128088303,3.0,10.0,7.0,SJF_NP
631,tight,medium,10,5.5,0.5,1.0,7.5,1.746424919657298,5.0,10.0,75.0,0.23285665592325885,37.5,0.0,0.75,0.29107081994288303,5.3,2.4103941586387903,1.0,10.0,9.0,SJF_NP
632,scattered,short,9,8.11111111111111,4.4583116994975285,14.0,2.4444444444444446,1.1653431646335017,1.0,4.0,22.0,0.4767312944277697,1.4666666666666666,1.0,0.7027792200334981,0.29133579115837543,6.777777777777778,2.249828525701843,2.0,10.0,8.0,SRTF
633,tight,medium,6,17.833333333333332,0.6871842709362768,2.0,7.166666666666667,0.6871842709362768,6.0,8.0,43.0,0.09588617732656612,14.333333333333334,0.0,0.7709385763545744,0.2290614236454256,5.333333333333333,3.636237371545238,1.0,10.0,9.0,SJF_NP
634,clustered,mixed,5,10.2,7.6000000000000005,16.0,11.6,6.086049621881176,2.0,18.0,58.0,0.524659450116941,3.411764705882353,0.2,0.5529411764705883,0.35800291893418684,7.0,1.6733200530681511,4.0,9.0,5.0,SJF_NP
635,scattered,mixed,6,15.666666666666666,3.091206165165235,8.0,12.166666666666666,6.148622248565572,2.0,20.0,73.0,0.505366212169332,8.11111111111111,0.16666666666666666,0.6565326483149738,0.3236116972929248,4.5,3.304037933599835,1.0,10.0,9.0,SRTF
636,clustered,medium,11,6.818181818181818,6.027485256091191,13.0,8.090909090909092,1.083306844346635,5.0,9.0,89.0,0.13389185714988958,6.357142857142857,0.0,0.5694653388506292,0.216661368869327,6.2727272727272725,2.1358800226310417,3.0,9.0,6.0,SJF_NP
637,tight,short,7,0.8571428571428571,0.6388765649999398,2.0,2.4285714285714284,1.178030178747903,1.0,4.0,17.0,0.48507124987293077,5.666666666666667,1.0,0.7870411450000201,0.29450754468697576,7.857142857142857,1.4568627181693672,5.0,9.0,4.0,SJF_NP
638,tight,short,7,14.142857142857142,0.6388765649999398,2.0,2.857142857142857,0.989743318610787,1.0,4.0,20.0,0.3464101613925319,6.666666666666667,1.0,0.7870411450000201,0.24743582965269675,6.0,3.116774889895918,2.0,10.0,8.0,SJF_NP
639,scattered,short,7,13.571428571428571,5.525451315946776,16.0,2.5714285714285716,1.3997084244475304,1.0,4.0,18.0,0.544331053740133,1.0588235294117647,1.0,0.6749734520031309,0.3499271061118826,6.714285714285714,2.4327694808466287,2.0,10.0,8.0,SJF_NP
640,clustered,short,9,3.3333333333333335,6.236095644623235,15.0,2.7777777777777777,1.0304020550550783,1.0,4.0,25.0,0.3709447396862881,1.5625,1.0,0.6102440222110478,0.2576005137637696,6.222222222222222,2.57240820062005,3.0,10.0,7.0,SJF_NP
641,scattered,long,6,11.666666666666666,4.346134936801766,13.0,16.166666666666668,2.266911751455907,12.0,19.0,97.0,0.14022134544220735,6.928571428571429,0.0,0.6895617902284452,0.2833639689319884,5.666666666666667,3.448026810929534,1.0,9.0,8.0,SJF_NP
642,clustered,short,10,10.7,3.1320919526731648,7.0,2.2,1.077032961426901,1.0,4.0,22.0,0.4895604367897002,2.75,1.0,0.6084885059158545,0.26925824035672524,6.8,1.7776388834631178,5.0,10.0,5.0,SRTF
643,mixed,mixed,5,7.6,6.590902821313632,19.0,13.6,4.127953488110059,8.0,19.0,68.0,0.30352599175048034,3.4,0.0,0.6704548589343184,0.34399612400917157,7.4,1.8547236990991407,5.0,10.0,5.0,SRTF
644,scattered,medium,10,9.0,7.0710678118654755,19.0,7.2,1.8330302779823362,5.0,10.0,72.0,0.2545875385732984,3.6,0.0,0.6464466094067263,0.3055050463303894,6.6,2.3748684174075834,1.0,10.0,9.0,SJF_NP
645,ordered,medium,7,11.142857142857142,6.197431989566818,17.0,7.428571428571429,1.5907898179514348,5.0,10.0,52.0,0.21414478315694288,2.888888888888889,0.0,0.6556982228018435,0.2651316363252391,4.857142857142857,1.6413036132965795,3.0,7.0,4.0,SJF_NP
646,scattered,mixed,7,11.857142857142858,5.865847190756517,17.0,7.142857142857143,5.841442371503106,1.0,20.0,50.0,0.8178019318959425,2.7777777777777777,0.2857142857142857,0.6741196005135268,0.2920721185751553,6.285714285714286,3.4934340744678525,1.0,10.0,9.0,SRTF
647,scattered,long,10,9.9,4.109744517606903,15.0,13.7,2.794637722496424,11.0,19.0,137.0,0.20398815491185662,8.5625,0.0,0.7431409676495686,0.31051530249960263,5.2,2.227105745132009,1.0,9.0,8.0,SJF_NP
648,tight,medium,8,19.75,0.4330127018922193,1.0,8.125,1.0532687216470449,6.0,10.0,65.0,0.1296330734175276,32.5,0.0,0.7834936490538904,0.21065374432940898,4.375,2.8695600708122493,1.0,9.0,8.0,SRTF
649,tight,medium,7,15.857142857142858,0.8329931278350429,2.0,7.285714285714286,2.1189138534559038,5.0,10.0,51.0,0.29083131317951977,17.0,0.0,0.7223356240549856,0.3531523089093173,4.285714285714286,2.373321103690879,1.0,8.0,7.0,SJF_NP
650,scattered,medium,6,10.666666666666666,6.368324391514267,17.0,9.0,1.4142135623730951,6.0,10.0,54.0,0.15713484024621782,3.0,0.0,0.6462042004714297,0.282842712474619,3.6666666666666665,2.68741924943285,1.0,9.0,8.0,SJF_NP
651,scattered,medium,12,10.583333333333334,5.345688813323208,17.0,7.416666666666667,1.7539637649874324,5.0,10.0,89.0,0.23648949637091365,4.944444444444445,0.0,0.7030172881487107,0.2923272941645721,5.416666666666667,2.289771944005681,2.0,9.0,7.0,SJF_NP
652,scattered,medium,11,11.545454545454545,5.069761270399522,16.0,8.454545454545455,1.304790917673393,5.0,10.0,93.0,0.1543301085237601,5.470588235294118,0.0,0.7017787488000281,0.21746515294556548,4.363636363636363,3.170108322575035,1.0,10.0,9.0,SJF_NP
653,scattered,long,7,8.428571428571429,6.694499722205704,17.0,16.714285714285715,2.813959371941744,11.0,20.0,117.0,0.1683565436103736,6.5,0.0,0.6280833487663497,0.28139593719417444,4.714285714285714,2.0503857277724746,2.0,8.0,6.0,SRTF
654,mixed,mixed,6,8.666666666666666,6.624868971450597,19.0,13.666666666666666,4.459696053419884,4.0,17.0,82.0,0.3263192233970901,4.1,0.16666666666666666,0.6687565514274701,0.31854971810142024,6.666666666666667,3.0368111930480994,1.0,10.0,9.0,SRTF
655,tight,medium,5,0.2,0.4,1.0,8.4,1.3564659966250536,6.0,10.0,42.0,0.161484047198044,21.0,0.0,0.8,0.2712931993250107,5.8,2.2271057451320084,4.0,10.0,6.0,SJF_NP
656,clustered,short,11,9.272727272727273,6.425671653480833,14.0,2.272727272727273,1.212878551284212,1.0,4.0,25.0,0.5336665623302399,1.6666666666666667,1.0,0.5716218897679444,0.303219637821053,5.454545454545454,2.1893808325076902,1.0,10.0,9.0,SRTF
657,tight,short,12,18.916666666666668,0.7592027982620249,2.0,2.75,1.0897247358851685,1.0,4.0,33.0,0.3962635401777836,11.0,1.0,0.746932400579325,0.2724311839712921,5.0,2.6770630673681683,1.0,10.0,9.0,SJF_NP
658,scattered,mixed,9,9.11111111111111,4.771313456351975,13.0,8.444444444444445,2.7932900199947857,4.0,13.0,76.0,0.3307843444338949,5.428571428571429,0.1111111111111111,0.6591918959748589,0.2793290019994786,5.777777777777778,2.779999111821512,1.0,10.0,9.0,SRTF
659,tight,medium,9,3.111111111111111,0.7370277311900889,2.0,7.111111111111111,1.7916128329552332,5.0,10.0,64.0,0.25194555459889983,21.333333333333332,0.0,0.7543240896033037,0.2986021388258722,4.777777777777778,2.739739556875101,1.0,9.0,8.0,SRTF
660,clustered,mixed,5,8.8,3.919183588453085,8.0,11.8,5.5641710972974225,5.0,20.0,59.0,0.47153992345982054,6.555555555555555,0.0,0.5645351568385462,0.3477606935810889,7.4,2.244994432064365,5.0,10.0,5.0,SRTF
661,ordered,short,5,10.6,7.310266752998826,18.0,2.6,1.019803902718557,1.0,4.0,13.0,0.3922322701255095,0.6842105263157895,1.0,0.6152491182632196,0.25495097567963926,3.4,1.4966629547095767,1.0,5.0,4.0,FCFS
662,mixed,mixed,5,8.6,5.425863986500215,17.0,17.4,2.8,12.0,20.0,87.0,0.16091954022063681,4.833333333333333,0.0,0.6985631118610991,0.3111111111111111,8.4,1.3564659966250536,7.0,10.0,3.0,SJF_NP
663,scattered,long,10,7.8,6.867313885355758,20.0,14.1,1.6401219466856727,11.0,16.0,141.0,0.11632070543045049,6.714285714285714,0.0,0.6729850530782973,0.27335365778094545,7.1,2.5865034312755126,1.0,10.0,9.0,SJF_NP
664,scattered,medium,5,12.0,5.621387729022079,17.0,7.8,1.7204650534085253,5.0,10.0,39.0,0.22057244271640422,2.1666666666666665,0.0,0.6877006817209956,0.28674417556808757,4.2,1.9390719429665317,2.0,7.0,5.0,SJF_NP
665,clustered,mixed,12,11.5,9.561206339508978,20.0,10.916666666666666,5.648869110027442,1.0,19.0,131.0,0.5174536588864111,6.238095238095238,0.16666666666666666,0.544704460023382,0.2973089005277601,4.666666666666667,2.718251071716682,1.0,10.0,9.0,SJF_NP
666,tight,medium,6,7.166666666666667,0.6871842709362768,2.0,7.0,0.5773502691896257,6.0,8.0,42.0,0.0824786098724496,14.0,0.0,0.7709385763545744,0.19245008972987523,6.666666666666667,2.748737083745107,3.0,10.0,7.0,SJF_NP
667,scattered,short,6,8.0,4.123105625617661,12.0,2.6666666666666665,1.1055415967851334,1.0,4.0,16.0,0.4145780986389583,1.2307692307692308,1.0,0.6828380287986415,0.27638539919628335,6.333333333333333,2.8087165910587863,1.0,9.0,8.0,FCFS
668,mixed,mixed,5,9.6,5.2,15.0,10.4,4.923413450036469,1.0,14.0,52.0,0.47340513938106377,3.25,0.2,0.675,0.3516723892883192,5.0,1.7888543819998317,2.0,7.0,5.0,SRTF
669,ordered,short,9,13.88888888888889,4.817662975261955,14.0,2.7777777777777777,1.1331154474650633,1.0,4.0,25.0,0.407921560940571,1.6666666666666667,1.0,0.6788224683158697,0.28327886186626583,4.333333333333333,2.1602468994692865,2.0,8.0,6.0,SRTF
670,ordered,medium,12,10.75,5.94593698811774,19.0,7.666666666666667,1.4337208778404378,5.0,10.0,92.0,0.18700707099827357,4.6,0.0,0.702703150594113,0.23895347964007296,4.583333333333333,2.1392496088322392,1.0,8.0,7.0,SJF_NP
671,scattered,long,8,10.375,5.31360282670807,17.0,16.0,2.7386127875258306,13.0,20.0,128.0,0.1711632992096667,7.111111111111111,0.0,0.7047998429606628,0.3423265984407288,6.25,3.2307119958300214,1.0,10.0,9.0,SJF_NP
672,tight,medium,7,14.428571428571429,0.7284313590846835,2.0,7.0,1.5118578920369088,5.0,9.0,49.0,0.2159796988315613,16.333333333333332,0.0,0.7571895469717722,0.30237157840738177,2.5714285714285716,1.049781318335648,1.0,4.0,3.0,SRTF
673,clustered,medium,8,5.875,5.278198082679353,12.0,7.25,1.6393596310755,5.0,10.0,58.0,0.22611856977232847,4.461538461538462,0.0,0.593984762870819,0.27322660517925,3.25,1.713913650100261,1.0,6.0,5.0,SJF_NP
674,tight,medium,10,8.0,0.6324555320336759,2.0,6.5,1.91049731745428,5.0,10.0,65.0,0.29392266417851654,21.666666666666668,0.0,0.7891814893221081,0.31841621957571337,5.6,1.624807680927192,3.0,8.0,5.0,SJF_NP
675,tight,medium,8,2.75,0.6614378277661477,2.0,8.0,1.5811388300841898,5.0,10.0,64.0,0.19764235373581843,21.333333333333332,0.0,0.7795207240779508,0.26352313834736496,5.125,3.295356581616017,1.0,10.0,9.0,SJF_NP
676,tight,short,6,14.0,0.5773502691896257,2.0,2.3333333333333335,1.247219128924647,1.0,4.0,14.0,0.5345224835957676,4.666666666666667,1.0,0.8075499102701248,0.31180478223116176,5.166666666666667,3.531603350069515,1.0,10.0,9.0,SJF_NP
677,scattered,mixed,11,12.636363636363637,5.381326758890452,14.0,9.363636363636363,5.330405532461471,2.0,16.0,103.0,0.5692666102020801,6.866666666666666,0.36363636363636365,0.6412448827406365,0.3553603688307648,5.2727272727272725,3.620419591225432,1.0,10.0,9.0,SRTF
678,scattered,mixed,12,9.083333333333334,6.460886592067342,19.0,10.916666666666666,6.006362367430797,1.0,20.0,131.0,0.550201132844024,6.55,0.16666666666666666,0.6769556703966328,0.3003181183715399,4.833333333333333,2.823512391016236,1.0,10.0,9.0,SRTF
679,clustered,mixed,12,11.666666666666666,6.018490028422597,13.0,9.166666666666666,5.771096564393594,2.0,20.0,110.0,0.6295741705924386,7.857142857142857,0.3333333333333333,0.5701078551126717,0.3037419244417681,5.833333333333333,3.1578825535827364,1.0,10.0,9.0,SRTF
680,clustered,mixed,9,3.7777777777777777,3.9938223901358727,13.0,11.11111111111111,4.201704533597564,6.0,19.0,100.0,0.37815340798974695,7.142857142857143,0.0,0.714726972133152,0.30012175239982597,5.222222222222222,3.010270485365348,1.0,9.0,8.0,SJF_NP
681,clustered,medium,7,6.0,3.5050983275386565,9.0,6.857142857142857,2.030381486221699,5.0,10.0,48.0,0.29609730003081697,4.8,0.0,0.6494901672461344,0.3383969143702832,6.0,2.9760952365713798,1.0,9.0,8.0,SJF_NP
682,tight,short,10,6.2,0.8717797887081347,2.0,2.9,0.9433981132056604,1.0,4.0,29.0,0.32530969409667265,9.666666666666666,1.0,0.7094067370972885,0.2358495283014151,4.6,3.0066592756745814,1.0,10.0,9.0,SJF_NP
683,clustered,mixed,11,10.181818181818182,6.492207662311682,14.0,11.545454545454545,5.314878538997624,2.0,20.0,127.0,0.4603438104244888,8.466666666666667,0.09090909090909091,0.5671861558458879,0.27973044942092756,4.545454545454546,2.1893808325076902,1.0,9.0,8.0,SJF_NP
684,ordered,medium,10,12.7,5.604462507680822,19.0,7.2,1.9390719429665317,5.0,10.0,72.0,0.26931554759683557,3.6,0.0,0.719776874615959,0.3231786571610886,4.9,3.419064199455752,1.0,10.0,9.0,SJF_NP
685,ordered,medium,9,8.11111111111111,6.5395284309165165,20.0,7.333333333333333,1.632993161855452,5.0,10.0,66.0,0.22268088567719607,3.142857142857143,0.0,0.6885938842420707,0.2721655269759087,6.0,3.2998316455372216,1.0,10.0,9.0,SRTF
686,tight,short,6,8.833333333333334,0.3726779962499649,1.0,1.8333333333333333,0.6871842709362769,1.0,3.0,11.0,0.37482778394260857,5.5,1.0,0.8136610018750176,0.22906142364542562,5.166666666666667,3.131382371342656,1.0,10.0,9.0,SJF_NP
687,scattered,long,5,4.6,2.939387691339814,7.0,14.6,2.4166091947189146,12.0,18.0,73.0,0.16552117770913655,9.125,0.0,0.6325765385825233,0.3452298849598449,5.8,3.4292856398964497,1.0,10.0,9.0,SRTF
688,ordered,short,10,8.2,7.573638491504595,19.0,3.1,0.9433981132056604,1.0,4.0,31.0,0.3043219719036575,1.55,1.0,0.6213180754247702,0.2358495283014151,6.6,2.870540018881465,2.0,10.0,8.0,SRTF
689,scattered,medium,10,10.0,6.971370023173351,20.0,6.8,1.469693845669907,5.0,10.0,68.0,0.21613144786084934,3.238095238095238,0.0,0.668029998896507,0.24494897427831783,4.1,2.211334438749598,2.0,10.0,8.0,SJF_NP
690,tight,short,10,5.2,0.8717797887081347,2.0,2.3,1.2688577540449522,1.0,4.0,23.0,0.5516772841275108,7.666666666666667,1.0,0.7094067370972885,0.31721443851123804,4.6,2.870540018881465,1.0,10.0,9.0,SJF_NP
691,tight,medium,5,9.0,0.6324555320336759,2.0,8.8,1.1661903789690602,7.0,10.0,44.0,0.13252163395869754,14.666666666666666,0.0,0.7891814893221081,0.29154759474226505,2.8,1.16619037896906,2.0,5.0,3.0,SRTF
692,tight,short,8,7.0,0.7071067811865476,2.0,2.375,1.2183492931011204,1.0,4.0,19.0,0.5129891758265815,6.333333333333333,1.0,0.7642977396044841,0.3045873232752801,5.0,2.7838821814150108,2.0,10.0,8.0,SJF_NP
693,mixed,mixed,9,9.0,6.48074069840786,18.0,9.555555555555555,4.1126123385159445,3.0,18.0,86.0,0.4303896632880232,4.526315789473684,0.1111111111111111,0.6589083842943231,0.25703827115724653,6.666666666666667,2.160246899469287,3.0,9.0,6.0,SRTF
694,clustered,mixed,5,7.4,7.445804187594515,16.0,12.0,6.44980619863884,2.0,19.0,60.0,0.5374838498417797,3.5294117647058822,0.2,0.5620115183767933,0.35832256659104667,3.2,2.6381811916545836,1.0,8.0,7.0,SRTF
695,ordered,medium,9,6.444444444444445,5.871042139387959,18.0,7.555555555555555,2.0608041101101566,5.0,10.0,68.0,0.27275348512553865,3.5789473684210527,0.0,0.6909977821374758,0.3434673516850261,6.0,2.8674417556808756,1.0,10.0,9.0,SJF_NP
696,scattered,medium,9,9.444444444444445,4.924115512480076,17.0,7.222222222222222,1.314684396244359,5.0,9.0,65.0,0.1820332240701682,3.611111111111111,0.0,0.7264380270844402,0.2629368792488718,3.6666666666666665,2.5819888974716116,1.0,8.0,7.0,SJF_NP
697,clustered,short,10,6.3,7.7207512587830465,16.0,2.4,1.0198039027185568,1.0,4.0,24.0,0.42491829262234937,1.411764705882353,1.0,0.5458381612480561,0.2549509756796392,5.3,2.9681644159311658,2.0,10.0,8.0,SJF_NP
698,ordered,short,7,6.714285714285714,5.17450579322138,16.0,2.5714285714285716,0.9035079029052513,2.0,4.0,18.0,0.3513641843265116,1.0588235294117647,1.0,0.6956173062810953,0.3011693009684171,4.285714285714286,2.913725436338734,1.0,10.0,9.0,RR
699,clustered,mixed,7,11.428571428571429,5.421047417431507,12.0,12.285714285714286,4.025429372458677,7.0,20.0,86.0,0.32765122796415325,6.615384615384615,0.0,0.5829963525052687,0.2875306694613341,5.714285714285714,2.813959371941744,1.0,10.0,9.0,SJF_NP
700,scattered,medium,10,9.2,7.35934779718964,19.0,6.5,1.857417562100671,5.0,9.0,65.0,0.2857565479715253,3.25,0.0,0.632032610140518,0.3714835124201342,6.2,3.1874754901018454,1.0,10.0,9.0,SJF_NP
701,clustered,medium,8,9.375,5.91475908216049,13.0,7.875,1.6909686573085854,5.0,10.0,63.0,0.2147261786785853,4.5,0.0,0.5775172084171079,0.2818281095514309,4.125,3.0998991919093113,1.0,9.0,8.0,SRTF
702,ordered,medium,10,12.4,5.535341001239218,16.0,7.1,1.6401219466856725,5.0,10.0,71.0,0.23100309104995345,4.176470588235294,0.0,0.6743917058094577,0.2733536577809454,5.3,2.570992026436488,2.0,10.0,8.0,SJF_NP
703,tight,medium,8,10.875,0.9270248108869579,2.0,7.625,1.4086784586980805,5.0,9.0,61.0,0.1847447158706014,20.333333333333332,0.0,0.6909917297043473,0.2817356917396161,6.75,3.112474899497183,2.0,10.0,8.0,SJF_NP
704,clustered,medium,8,3.75,6.15934249737746,19.0,7.0,1.4142135623730951,5.0,9.0,56.0,0.20203050888158067,2.8,0.0,0.692032875131127,0.282842712474619,3.625,2.057759704144291,1.0,6.0,5.0,SJF_NP
705,mixed,mixed,12,10.333333333333334,4.818944098266987,17.0,11.916666666666666,5.3300771309824615,4.0,20.0,143.0,0.44727919976519015,7.944444444444445,0.08333333333333333,0.7322808834296118,0.31353394888132124,4.083333333333333,2.5644470922381863,1.0,8.0,7.0,SRTF
706,tight,short,11,6.2727272727272725,0.7496555682941201,2.0,2.4545454545454546,1.0756508696544755,1.0,4.0,27.0,0.4382281319029156,9.0,1.0,0.7501148105686266,0.2689127174136189,5.454545454545454,3.0559520570857477,1.0,10.0,9.0,SJF_NP
707,tight,medium,12,15.833333333333334,0.7993052538854533,2.0,8.25,1.3616778865306827,5.0,10.0,99.0,0.16505186501401586,33.0,0.0,0.7335649153715156,0.22694631442178045,5.25,2.1262251370288454,2.0,9.0,7.0,SRTF
708,ordered,short,9,8.666666666666666,5.849976258261415,17.0,2.3333333333333335,0.9428090415820634,1.0,4.0,21.0,0.40406101764771524,1.1666666666666667,1.0,0.6750013189854769,0.23570226039551584,6.222222222222222,2.528845928164676,3.0,9.0,6.0,SJF_NP
709,scattered,mixed,10,7.3,6.165225056719341,19.0,12.5,4.177319714841085,4.0,18.0,125.0,0.3341855771605519,6.25,0.1,0.6917387471640329,0.27848798098940564,6.5,2.1563858652847827,1.0,9.0,8.0,SRTF
710,ordered,medium,8,13.125,4.910129835350589,15.0,7.25,1.920286436967152,5.0,10.0,58.0,0.26486709471755654,3.625,0.0,0.6931168852905882,0.3200477394945253,6.25,2.9047375096555625,2.0,10.0,8.0,SJF_NP
711,clustered,short,11,10.636363636363637,1.4937887931959075,4.0,2.4545454545454546,1.1570838237598051,1.0,4.0,27.0,0.47140452059897797,5.4,1.0,0.7012422413608185,0.2892709559399513,5.0,3.0451153135353137,1.0,10.0,9.0,SJF_NP
712,mixed,mixed,10,8.7,5.040833264451424,16.0,9.6,6.452906321960671,2.0,19.0,96.0,0.6721777418008847,5.647058823529412,0.3,0.7034803962087397,0.3584947956644817,5.8,2.4413111231467406,2.0,10.0,8.0,SRTF
713,clustered,mixed,8,12.375,6.632071697441154,14.0,11.25,5.4715171570598224,2.0,18.0,90.0,0.48635708058430804,6.0,0.25,0.5578618868372563,0.3218539504152837,6.25,2.384848003542364,1.0,9.0,8.0,SRTF
714,ordered,medium,10,11.2,6.838128398911503,20.0,7.9,1.5132745950421556,6.0,10.0,79.0,0.19155374618362048,3.761904761904762,0.0,0.6743748381470713,0.3026549190084311,4.5,2.692582403567252,1.0,10.0,9.0,SRTF
715,scattered,medium,7,9.142857142857142,5.841442371503107,15.0,7.142857142857143,1.6413036132965795,5.0,10.0,50.0,0.22978250582935156,3.125,0.0,0.6349098517810559,0.27355060221609656,4.714285714285714,2.762725657973388,1.0,9.0,8.0,SRTF
716,scattered,long,9,9.333333333333334,4.96655480858378,18.0,14.11111111111111,3.0711722135745005,11.0,19.0,127.0,0.21764212535599783,6.684210526315789,0.0,0.7386023784955905,0.3412413570638334,5.777777777777778,3.0469576001782417,1.0,9.0,8.0,SJF_NP
717,clustered,short,9,14.222222222222221,4.416579314300398,10.0,2.5555555555555554,1.2570787221094177,1.0,4.0,23.0,0.49190036932859377,2.090909090909091,1.0,0.5984927896090548,0.31426968052735443,6.666666666666667,2.260776661041756,2.0,10.0,8.0,SJF_NP
718,scattered,short,5,13.2,7.0823724838503095,19.0,3.0,0.6324555320336759,2.0,4.0,15.0,0.2108185106076191,0.75,1.0,0.6458813758074845,0.21081851067789195,3.2,2.039607805437114,1.0,6.0,5.0,SJF_NP
719,clustered,medium,10,10.0,3.63318042491699,8.0,7.2,1.32664991614216,5.0,9.0,72.0,0.18425693277193098,8.0,0.0,0.5963132861203344,0.26532998322843204,6.0,1.8973665961010275,3.0,8.0,5.0,SRTF
720,scattered,short,5,10.0,5.966573556070519,17.0,3.2,0.9797958971132712,2.0,4.0,16.0,0.30618621775221405,0.8888888888888888,1.0,0.6685236913294157,0.3265986323710904,5.8,3.249615361854384,2.0,10.0,8.0,FCFS
721,clustered,medium,9,8.0,5.436502143433364,12.0,7.111111111111111,1.7284832429004493,5.0,10.0,64.0,0.24306795599869427,4.923076923076923,0.0,0.5818075274282029,0.2880805404834082,4.555555555555555,2.454524670486058,1.0,8.0,7.0,SJF_NP
722,clustered,mixed,11,10.0,0.6030226891555273,2.0,11.181818181818182,6.278653327211639,3.0,20.0,123.0,0.561505582058142,41.0,0.2727272727272727,0.7989924369481576,0.34881407373398,5.2727272727272725,3.413633337367016,1.0,10.0,9.0,SRTF
723,scattered,mixed,12,11.5,4.645786621588784,15.0,11.25,6.0707632688704525,1.0,20.0,135.0,0.539623401629407,8.4375,0.16666666666666666,0.709638336150701,0.30353816344352264,4.916666666666667,2.43099202430247,1.0,8.0,7.0,SRTF
724,clustered,mixed,9,11.222222222222221,5.137612454087507,11.0,9.11111111111111,5.342584568965026,2.0,16.0,82.0,0.5863812331147293,6.833333333333333,0.3333333333333333,0.5718656288260411,0.3561723045976684,5.333333333333333,3.2998316455372216,1.0,10.0,9.0,SRTF
725,ordered,medium,9,8.88888888888889,4.55691036764664,14.0,7.777777777777778,1.6850834320114558,5.0,10.0,70.0,0.21665358408790314,4.666666666666667,0.0,0.696205975490224,0.28084723866857597,6.777777777777778,2.739739556875101,2.0,10.0,8.0,SJF_NP
726,scattered,long,10,10.6,6.135144660071187,18.0,15.4,3.006659275674582,11.0,20.0,154.0,0.1952376152908665,8.105263157894736,0.0,0.6770976494699374,0.3006659275674582,6.8,2.785677655436824,2.0,10.0,8.0,SJF_NP
727,scattered,long,7,11.857142857142858,5.591538797365979,15.0,16.571428571428573,2.381904571504724,13.0,20.0,116.0,0.14373562068557688,7.25,0.0,0.6505288251646263,0.2977380714380905,6.285714285714286,1.9059520091609048,4.0,10.0,6.0,SJF_NP
728,ordered,short,11,7.181818181818182,5.201716182152715,17.0,3.272727272727273,0.7496555682941201,2.0,4.0,36.0,0.22906142357543458,2.0,1.0,0.7110157676581825,0.24988518943137336,5.636363636363637,2.67217062849074,2.0,10.0,8.0,SRTF
729,clustered,mixed,10,16.1,5.957348403442592,13.0,10.4,5.44426303552648,2.0,17.0,104.0,0.5234868302887493,7.428571428571429,0.2,0.5744751140398149,0.340266439720405,6.1,2.913760456866693,2.0,10.0,8.0,SJF_NP
730,ordered,medium,9,8.666666666666666,6.377042156569663,18.0,7.0,1.8257418583505538,5.0,9.0,63.0,0.2608202654413905,3.3157894736842106,0.0,0.6643662022858072,0.36514837167011077,7.0,2.0,4.0,10.0,6.0,SJF_NP
731,tight,short,10,13.0,0.8944271909999159,2.0,2.8,0.9797958971132713,1.0,4.0,28.0,0.3499271059869087,9.333333333333334,1.0,0.7018576030000281,0.24494897427831783,4.8,3.3704599092705436,1.0,10.0,9.0,SJF_NP
732,ordered,short,7,10.142857142857142,7.8636336825845055,20.0,3.4285714285714284,1.049781318335648,1.0,4.0,24.0,0.306186217758593,1.1428571428571428,1.0,0.6255412532102617,0.262445329583912,5.0,2.7774602993176543,1.0,9.0,8.0,FCFS
733,scattered,mixed,5,10.4,2.65329983228432,8.0,9.8,4.261455150532504,2.0,15.0,49.0,0.43484236225486333,5.444444444444445,0.2,0.7051889075239643,0.3043896536094645,6.8,2.785677655436824,2.0,10.0,8.0,SRTF
734,ordered,medium,8,10.875,6.2935979375870525,16.0,6.875,1.6909686573085854,5.0,10.0,55.0,0.24595907739092746,3.235294117647059,0.0,0.6297883566125263,0.2818281095514309,4.375,2.8256636388643286,1.0,9.0,8.0,SJF_NP
735,tight,short,9,5.888888888888889,0.8748897637790901,2.0,2.4444444444444446,0.8314794192830981,1.0,4.0,22.0,0.34015067138575117,7.333333333333333,1.0,0.7083700787403033,0.20786985482077452,4.666666666666667,2.943920288775949,1.0,10.0,9.0,SJF_NP
736,ordered,medium,12,11.75,4.9180788932265,17.0,7.666666666666667,1.4907119849998598,5.0,9.0,92.0,0.19444069367027206,5.111111111111111,0.0,0.72677339482075,0.29814239699997197,4.583333333333333,2.4650332429581736,1.0,9.0,8.0,SJF_NP
737,tight,short,9,16.77777777777778,0.7856742013183862,2.0,2.6666666666666665,0.816496580927726,1.0,4.0,24.0,0.3061862177330774,8.0,1.0,0.7381085995605379,0.2041241452319315,6.444444444444445,1.8324913891634047,2.0,9.0,7.0,SJF_NP
738,clustered,short,6,11.333333333333334,4.4969125210773475,10.0,2.5,1.118033988749895,1.0,4.0,15.0,0.4472135953210725,1.3636363636363635,1.0,0.5911897708111502,0.2795084971874737,7.0,2.516611478423583,3.0,10.0,7.0,SJF_NP
739,tight,medium,6,4.333333333333333,0.7453559924999298,2.0,8.666666666666666,0.74535599249993,7.0,9.0,52.0,0.08600261450929932,17.333333333333332,0.0,0.7515480025000234,0.24845199749997668,4.833333333333333,3.1841621957571333,1.0,8.0,7.0,SJF_NP
740,scattered,medium,8,9.5,3.4641016151377544,11.0,7.25,1.8540496217739157,5.0,10.0,58.0,0.2557309822783703,4.833333333333333,0.0,0.7113248654051871,0.30900827029565264,6.125,2.315032397181517,2.0,10.0,8.0,SJF_NP
741,clustered,medium,6,8.166666666666666,3.531603350069515,10.0,6.833333333333333,1.3437096247164249,5.0,9.0,41.0,0.19664043285655383,3.727272727272727,0.0,0.6789451499936805,0.26874192494328497,3.8333333333333335,1.9507833184532706,2.0,8.0,6.0,SJF_NP
742,clustered,short,9,5.111111111111111,2.1314806770278754,7.0,2.4444444444444446,1.2570787221094177,1.0,4.0,22.0,0.514259477016201,2.75,1.0,0.7335649153715156,0.31426968052735443,6.333333333333333,2.403700850309326,2.0,10.0,8.0,SRTF
743,clustered,mixed,5,13.6,1.8547236990991407,5.0,13.4,2.33238075793812,10.0,16.0,67.0,0.1740582655047807,11.166666666666666,0.0,0.6908793834834766,0.33319725113401716,7.2,2.4819347291981715,3.0,10.0,7.0,SRTF
744,clustered,short,12,10.333333333333334,7.003967129816899,15.0,2.75,0.924211375534118,1.0,4.0,33.0,0.3360768637083786,2.0625,1.0,0.5622520543864438,0.2310528438835295,6.666666666666667,2.0138409955990957,2.0,10.0,8.0,SJF_NP
745,clustered,short,6,6.833333333333333,9.316949906249123,20.0,3.5,0.7637626158259734,2.0,4.0,21.0,0.21821789017364443,1.0,1.0,0.5563357187500417,0.2545875386086578,4.5,2.565800719723442,1.0,7.0,6.0,SJF_NP
746,clustered,mixed,10,4.7,5.020956084253277,12.0,12.9,5.593746508378799,5.0,20.0,129.0,0.4336237603058275,9.923076923076923,0.0,0.6137726089035941,0.34960915677367493,5.2,2.993325909419153,1.0,10.0,9.0,SRTF
747,tight,short,9,8.333333333333334,0.816496580927726,2.0,2.5555555555555554,1.0657403385139377,1.0,4.0,23.0,0.41702882795096435,7.666666666666667,1.0,0.7278344730240913,0.2664350846284844,7.0,2.8284271247461903,3.0,10.0,7.0,SRTF
748,scattered,mixed,7,12.285714285714286,5.495824017620384,15.0,10.714285714285714,5.034574339058885,2.0,16.0,75.0,0.46989360493497256,4.6875,0.2857142857142857,0.656510998898726,0.33563828927059236,3.5714285714285716,2.5555062599997598,1.0,8.0,7.0,SRTF
749,ordered,short,11,10.454545454545455,6.69278629792944,19.0,2.8181818181818183,0.9359663764533637,1.0,4.0,31.0,0.33211710120431326,1.55,1.0,0.665360685103528,0.23399159411334092,4.2727272727272725,2.987577586391815,1.0,10.0,9.0,SJF_NP
750,ordered,short,11,6.818181818181818,4.468438446343457,16.0,2.8181818181818183,1.02851895445316,1.0,4.0,31.0,0.3649583385474264,1.8235294117647058,1.0,0.7371506796268554,0.25712973861329,6.181818181818182,3.0694441847516605,1.0,10.0,9.0,SRTF
751,mixed,mixed,12,9.25,5.7608593109014565,17.0,10.416666666666666,6.383028713358225,1.0,20.0,125.0,0.6127707564235637,6.944444444444445,0.25,0.6799522605054746,0.31915143566791127,4.75,2.1262251370288454,1.0,8.0,7.0,SRTF
752,scattered,short,6,8.666666666666666,6.472162612982533,18.0,3.3333333333333335,0.7453559924999298,2.0,4.0,20.0,0.22360679768289687,1.0526315789473684,1.0,0.6593598624746035,0.2484519974999766,3.1666666666666665,2.1147629234082532,1.0,6.0,5.0,FCFS
753,ordered,medium,10,8.6,5.407402333838309,17.0,8.4,1.42828568570857,6.0,10.0,84.0,0.17003401018315903,4.666666666666667,0.0,0.6995887592312051,0.285657137141714,4.4,2.6153393661244038,2.0,10.0,8.0,SJF_NP
754,clustered,short,8,14.75,3.344772040064913,8.0,2.125,1.2686114456365274,1.0,4.0,17.0,0.5969936211950747,1.8888888888888888,1.0,0.6283586622150097,0.31715286140913185,5.875,2.9341736485763756,1.0,10.0,9.0,SJF_NP
755,ordered,short,6,12.166666666666666,5.145116346811045,13.0,1.8333333333333333,0.6871842709362768,1.0,3.0,11.0,0.3748277839426085,0.7857142857142857,1.0,0.6324916895134969,0.2290614236454256,5.333333333333333,3.2489314482696545,1.0,10.0,9.0,FCFS
756,ordered,medium,8,9.875,5.06057061999929,17.0,8.125,2.027159342528357,5.0,10.0,65.0,0.24949653443432127,3.611111111111111,0.0,0.7188571877778172,0.3378598904213928,4.125,2.9341736485763756,1.0,10.0,9.0,SJF_NP
757,mixed,mixed,11,12.181818181818182,6.617032867301034,18.0,10.909090909090908,7.292019865511082,1.0,20.0,120.0,0.6684351542772426,6.315789473684211,0.36363636363636365,0.6517351122473141,0.3646009932755541,5.0,2.76339711883103,1.0,10.0,9.0,SJF_NP
758,ordered,short,12,10.666666666666666,4.459696053419884,11.0,2.75,1.2332207155790618,1.0,4.0,33.0,0.44844389641113375,2.75,1.0,0.6283586622150097,0.30830517889476544,5.333333333333333,3.3249895572100003,1.0,10.0,9.0,SRTF
759,tight,short,11,11.909090909090908,0.899954085146515,2.0,1.9090909090909092,0.7925270806437588,1.0,3.0,21.0,0.41513323250070855,7.0,1.0,0.7000153049511617,0.2641756935479196,6.7272727272727275,2.415514591924804,1.0,10.0,9.0,SJF_NP
760,clustered,short,11,11.363636363636363,7.535042103673491,16.0,2.090909090909091,0.899954085146515,1.0,4.0,23.0,0.4304128231250923,1.3529411764705883,1.0,0.5567622291956771,0.22498852128662875,6.818181818181818,2.7574092523823817,1.0,10.0,9.0,SJF_NP
761,scattered,mixed,8,9.875,6.679025003696273,20.0,11.75,5.889609494694874,2.0,18.0,94.0,0.5012433612079685,4.476190476190476,0.25,0.6819511903001775,0.3464476173349926,7.375,2.6896793489187516,1.0,10.0,9.0,SRTF
762,clustered,medium,7,10.428571428571429,0.7284313590846835,2.0,7.714285714285714,1.6659862556700857,5.0,10.0,54.0,0.2159611812625717,18.0,0.0,0.7571895469717722,0.2776643759450143,6.428571428571429,2.1946130708196026,3.0,9.0,6.0,SRTF
763,ordered,medium,11,12.181818181818182,5.90559337051335,19.0,6.545454545454546,1.827250112931071,5.0,10.0,72.0,0.27916321165515257,3.6,0.0,0.7047203314743324,0.30454168548851185,4.909090909090909,3.232070697205669,1.0,10.0,9.0,SJF_NP
764,ordered,short,8,8.75,3.6996621467371855,13.0,2.25,1.0897247358851685,1.0,4.0,18.0,0.4843221046225984,1.2857142857142858,1.0,0.735738418090201,0.2724311839712921,6.625,3.119995993587171,1.0,10.0,9.0,SJF_NP
765,ordered,medium,10,7.7,4.712748667179271,15.0,7.9,1.6401219466856725,5.0,10.0,79.0,0.20761037297190657,4.9375,0.0,0.7054532083012955,0.2733536577809454,5.1,1.8681541692269403,3.0,9.0,6.0,SJF_NP
766,mixed,mixed,8,9.75,6.118619125260208,19.0,12.625,3.6033838263498934,7.0,17.0,101.0,0.2854165406783744,5.05,0.0,0.6940690437369896,0.3275803478499903,4.875,1.3635890143294642,3.0,7.0,4.0,SJF_NP
767,ordered,medium,5,7.8,4.48998886412873,12.0,6.6,1.0198039027185568,5.0,8.0,33.0,0.1545157428127335,2.5384615384615383,0.0,0.6546162412208669,0.2549509756796392,5.2,2.6381811916545836,1.0,9.0,8.0,SJF_NP
768,scattered,long,5,10.0,4.857983120596447,13.0,13.2,3.4292856398964493,11.0,20.0,66.0,0.2597943666391405,4.714285714285714,0.0,0.6530012056716823,0.34292856398964494,5.8,1.8330302779823362,4.0,9.0,5.0,SRTF
769,scattered,medium,12,10.5,6.435578192102607,18.0,7.166666666666667,1.8633899812498247,5.0,10.0,86.0,0.2600079043241605,4.526315789473684,0.0,0.661285358310389,0.3105649968749708,6.166666666666667,2.733536577809454,1.0,10.0,9.0,SJF_NP
770,ordered,medium,6,8.5,4.0722639076235385,12.0,7.333333333333333,1.9720265943665387,5.0,10.0,44.0,0.268912717376949,3.3846153846153846,0.0,0.6867489301828047,0.32867109906108977,5.666666666666667,2.4267032964268394,3.0,9.0,6.0,SJF_NP
771,scattered,short,12,14.916666666666666,4.44331582892276,12.0,2.5833333333333335,1.1873172373979173,1.0,4.0,31.0,0.45960667236321695,2.3846153846153846,1.0,0.6582064746982492,0.2968293093494793,8.166666666666666,2.074983266331455,4.0,10.0,6.0,SJF_NP
772,tight,short,9,10.444444444444445,0.8314794192830981,2.0,2.3333333333333335,1.1547005383792515,1.0,4.0,21.0,0.4948716590933056,7.0,1.0,0.7228401935723006,0.28867513459481287,4.888888888888889,2.6851213274654606,1.0,8.0,7.0,SRTF
773,ordered,short,5,11.6,6.053098380168622,18.0,2.2,0.9797958971132712,1.0,3.0,11.0,0.44536177121268605,0.5789473684210527,1.0,0.6814158747279673,0.3265986323710904,6.6,2.4166091947189146,3.0,10.0,7.0,FCFS
774,mixed,mixed,9,12.0,5.055250296034367,15.0,11.666666666666666,4.2946995755750415,5.0,20.0,105.0,0.3681171064463078,6.5625,0.0,0.6840468564978521,0.2684187234734401,6.777777777777778,2.3934065809486684,4.0,10.0,6.0,SJF_NP
775,scattered,medium,11,12.909090909090908,4.165977904505309,15.0,7.454545454545454,1.776801844153824,5.0,10.0,82.0,0.23835146686670974,5.125,0.0,0.7396263809684183,0.296133640692304,5.363636363636363,2.9931050242098776,1.0,10.0,9.0,SJF_NP
776,clustered,short,8,7.25,6.796138609534093,16.0,2.75,1.1989578808281798,1.0,4.0,22.0,0.43598468377898003,1.2941176470588236,1.0,0.6002271406156416,0.29973947020704494,6.875,2.666341125962693,2.0,10.0,8.0,SJF_NP
777,mixed,mixed,10,13.6,5.44426303552648,15.0,10.0,5.458937625582473,3.0,19.0,100.0,0.5458937625036578,6.25,0.2,0.6597335602795951,0.32111397797543956,6.8,2.4819347291981715,1.0,10.0,9.0,SJF_NP
778,scattered,long,5,13.0,6.06630035524124,16.0,19.8,0.4,19.0,20.0,99.0,0.0202020202009999,5.823529411764706,0.0,0.6431588026328683,0.2,6.8,1.7204650534085253,4.0,9.0,5.0,SJF_NP
779,scattered,long,11,10.0,5.846521887568555,17.0,15.363636363636363,3.053246477044848,11.0,20.0,169.0,0.19873201920300165,9.38888888888889,0.0,0.6751932284684137,0.3053246477044848,4.545454545454546,3.5255853508482393,1.0,10.0,9.0,SJF_NP
780,tight,medium,9,7.555555555555555,0.6849348892187751,2.0,6.555555555555555,1.2570787221094177,5.0,8.0,59.0,0.19175777113998202,19.666666666666668,0.0,0.7716883702604083,0.31426968052735443,4.222222222222222,1.617802197617893,2.0,7.0,5.0,SJF_NP
781,clustered,medium,6,9.666666666666666,6.847546194724712,15.0,8.5,1.2583057392117916,7.0,10.0,51.0,0.1480359693016183,3.1875,0.0,0.5720283628297055,0.3145764348029479,5.166666666666667,2.4776781245530843,1.0,9.0,8.0,SJF_NP
782,tight,medium,11,7.090909090909091,0.7925270806437588,2.0,7.7272727272727275,1.7627926754241197,5.0,10.0,85.0,0.2281261109077168,28.333333333333332,0.0,0.7358243064520804,0.29379877923735326,7.7272727272727275,2.4155145919248038,3.0,10.0,7.0,SJF_NP
783,clustered,short,12,9.75,4.303583777891785,11.0,2.1666666666666665,0.9860132971832694,1.0,4.0,26.0,0.4550830600283937,2.1666666666666665,1.0,0.6413680185090178,0.24650332429581734,6.0,2.8284271247461903,1.0,10.0,9.0,SJF_NP
784,scattered,long,10,7.6,6.216108107168021,17.0,15.4,2.8,11.0,20.0,154.0,0.18181818180637543,8.555555555555555,0.0,0.6546606607128878,0.27999999999999997,4.1,3.047950130825634,1.0,10.0,9.0,SJF_NP
785,tight,short,10,8.1,0.8306623862918076,2.0,2.6,1.019803902718557,1.0,4.0,26.0,0.3922322701255095,8.666666666666666,1.0,0.7231125379027308,0.25495097567963926,5.2,1.98997487421324,2.0,9.0,7.0,SJF_NP
786,clustered,short,11,12.090909090909092,8.39322828187912,18.0,2.4545454545454546,1.1570838237598051,1.0,4.0,27.0,0.47140452059897797,1.4210526315789473,1.0,0.5582511430589937,0.2892709559399513,6.181818181818182,2.6906633794452257,2.0,10.0,8.0,SJF_NP
787,clustered,medium,12,7.416666666666667,3.7518513948301426,8.0,7.333333333333333,1.699673171197595,5.0,10.0,88.0,0.231773614222612,9.777777777777779,0.0,0.5831276227966509,0.28327886186626583,4.416666666666667,3.4268141991586814,1.0,10.0,9.0,SJF_NP
788,scattered,medium,10,8.3,5.3113086899558,14.0,7.4,1.6852299546352716,5.0,10.0,74.0,0.22773377762264024,4.933333333333334,0.0,0.6459127540029466,0.2808716591058786,7.2,2.6758176320519307,2.0,10.0,8.0,SJF_NP
789,scattered,medium,12,12.333333333333334,5.185449728701348,16.0,7.333333333333333,1.247219128924647,6.0,10.0,88.0,0.1700753357392598,5.176470588235294,0.0,0.6949735453705089,0.2494438257849294,4.833333333333333,2.7028791233711424,1.0,9.0,8.0,SJF_NP
790,scattered,mixed,6,9.5,6.677075208003377,18.0,12.333333333333334,6.1553951042064625,4.0,19.0,74.0,0.4990860894897873,3.8947368421052633,0.3333333333333333,0.6485749890524539,0.3847121940129039,6.5,3.095695936834452,2.0,10.0,8.0,SRTF
791,ordered,medium,12,10.416666666666666,7.041050268879557,20.0,7.416666666666667,1.7057907908715602,5.0,10.0,89.0,0.22999426390672797,4.238095238095238,0.0,0.6647118919581163,0.28429846514526,6.416666666666667,2.812422838447701,1.0,10.0,9.0,SRTF
792,ordered,medium,11,9.636363636363637,7.010028235875273,19.0,7.545454545454546,2.0610516452281153,5.0,10.0,83.0,0.27315142282535665,4.15,0.0,0.6494985882062363,0.3435086075380192,5.454545454545454,2.8400907912387834,1.0,10.0,9.0,SJF_NP
793,tight,medium,7,18.142857142857142,0.6388765649999398,2.0,8.0,1.1952286093343936,6.0,10.0,56.0,0.14940357614812375,18.666666666666668,0.0,0.7870411450000201,0.23904572186687872,5.714285714285714,3.2387954425013237,1.0,10.0,9.0,SJF_NP
794,scattered,medium,8,11.0,6.461423991660043,19.0,7.0,1.3228756555322954,5.0,9.0,56.0,0.18898223647761617,2.8,0.0,0.6769288004169979,0.2645751311064591,6.0,3.0,2.0,10.0,8.0,SJF_NP
795,clustered,mixed,10,8.2,3.2186953878862163,7.0,12.7,5.657738063926255,3.0,20.0,127.0,0.44549118610084754,15.875,0.1,0.597663076514223,0.31431878132923635,4.5,1.6881943016134133,2.0,8.0,6.0,SRTF
796,clustered,short,6,11.5,4.716990566028302,13.0,2.6666666666666665,0.7453559924999298,2.0,4.0,16.0,0.279508497082658,1.1428571428571428,1.0,0.6630721024265499,0.2484519974999766,4.833333333333333,2.91070819942883,1.0,10.0,9.0,SJF_NP
797,scattered,medium,9,7.888888888888889,5.1735318785879185,16.0,7.444444444444445,1.640535895581489,5.0,10.0,67.0,0.2203704934067174,3.9411764705882355,0.0,0.6956745953771812,0.2734226492635815,7.777777777777778,1.9876159799998132,3.0,10.0,7.0,SJF_NP
798,clustered,medium,12,8.583333333333334,2.059867849051379,5.0,8.083333333333334,1.4976833963009524,5.0,10.0,97.0,0.18528042013802126,16.166666666666668,0.0,0.6566886918247701,0.24961389938349207,4.583333333333333,3.0675270532176606,1.0,10.0,9.0,SJF_NP
799,mixed,mixed,5,6.2,4.707440918375928,13.0,9.6,3.5552777669262356,4.0,13.0,48.0,0.370341434016239,3.4285714285714284,0.2,0.6637542201160052,0.3555277766926236,6.2,2.785677655436824,3.0,10.0,7.0,SRTF
800,clustered,short,8,5.25,5.018714974971183,11.0,2.25,1.1989578808281798,1.0,4.0,18.0,0.5328701690201376,1.5,1.0,0.5817737520857347,0.29973947020704494,5.625,3.119995993587171,1.0,10.0,9.0,SJF_NP
801,clustered,mixed,6,9.166666666666666,6.841458583924597,14.0,10.5,3.593976442141304,5.0,16.0,63.0,0.3422834706475258,4.2,0.0,0.5439027610716936,0.2994980368451087,4.666666666666667,3.091206165165235,1.0,10.0,9.0,SJF_NP
802,ordered,medium,6,7.666666666666667,6.523461930260308,18.0,8.333333333333334,2.0548046676563256,5.0,10.0,50.0,0.24657656008916987,2.6315789473684212,0.0,0.6566598984073522,0.3424674446093876,7.166666666666667,2.034425935955617,4.0,10.0,6.0,SRTF
803,scattered,medium,10,10.1,6.315853069855252,18.0,6.9,1.972308292331602,5.0,10.0,69.0,0.2858417814559073,3.6315789473684212,0.0,0.6675866805339341,0.32871804872193366,3.6,2.2891046284519194,1.0,7.0,6.0,SJF_NP
804,scattered,mixed,12,10.166666666666666,5.969831562857438,20.0,8.833333333333334,5.913731666403391,1.0,17.0,106.0,0.6694790564981787,5.0476190476190474,0.3333333333333333,0.7157223065305982,0.3478665686119642,5.583333333333333,3.0127045804208694,1.0,10.0,9.0,SRTF
805,scattered,short,8,10.125,6.333196270446701,18.0,2.375,1.1110243021644486,1.0,4.0,19.0,0.46779970597753634,1.0,1.0,0.6666738805028052,0.27775607554111215,7.375,3.2379584617471546,2.0,10.0,8.0,SRTF
806,tight,medium,9,4.0,0.816496580927726,2.0,7.0,1.5634719199411433,5.0,10.0,63.0,0.22335313138825574,21.0,0.0,0.7278344730240913,0.26057865332352387,5.444444444444445,3.02254900194121,1.0,9.0,8.0,SJF_NP
807,ordered,short,9,12.555555555555555,5.619630496178574,16.0,2.7777777777777777,1.0304020550550783,1.0,4.0,25.0,0.3709447396862881,1.4705882352941178,1.0,0.6694335002247898,0.2576005137637696,5.333333333333333,3.0912061651652345,1.0,10.0,9.0,SRTF
808,ordered,medium,10,8.2,7.152621896899067,19.0,6.7,1.9519221295943134,5.0,10.0,67.0,0.29133166108999725,3.35,0.0,0.6423689051550466,0.3253203549323856,6.0,2.8635642126552705,1.0,10.0,9.0,SJF_NP
809,ordered,medium,9,9.666666666666666,5.41602560309064,15.0,7.555555555555555,1.4229164972072998,6.0,10.0,68.0,0.1883271834289817,4.25,0.0,0.661498399806835,0.28458329944146,5.333333333333333,2.4037008503093262,3.0,10.0,7.0,SJF_NP
810,tight,short,8,0.25,0.4330127018922193,1.0,2.375,0.9921567416492215,1.0,4.0,19.0,0.4177502068343037,9.5,1.0,0.7834936490538904,0.24803918541230538,4.75,2.817356917396161,1.0,9.0,8.0,SJF_NP
811,mixed,mixed,5,9.4,6.829348431585549,16.0,6.4,5.986651818838306,1.0,17.0,32.0,0.9354143465473267,1.8823529411764706,0.6,0.5982736216714383,0.35215598934342973,6.0,2.6076809620810595,1.0,8.0,7.0,SRTF
812,ordered,medium,7,8.714285714285714,5.390846361175202,15.0,9.0,1.6903085094570331,5.0,10.0,63.0,0.187812056585469,3.9375,0.0,0.6630721024265498,0.2817180849095055,5.714285714285714,2.602981022612657,1.0,9.0,8.0,SRTF
813,scattered,medium,5,11.2,6.43117407632541,18.0,8.0,1.4142135623730951,6.0,10.0,40.0,0.1767766952745398,2.1052631578947367,0.0,0.6615171538776099,0.282842712474619,6.0,2.280350850198276,3.0,10.0,7.0,FCFS
814,scattered,short,12,13.583333333333334,4.645039169790594,15.0,2.4166666666666665,1.2555432644432805,1.0,4.0,29.0,0.5195351436925842,1.8125,1.0,0.709685051888088,0.3138858161108201,6.916666666666667,1.753963764987432,2.0,9.0,7.0,SRTF
815,clustered,short,10,11.1,4.109744517606903,10.0,2.7,0.9,1.0,4.0,27.0,0.3333333332098765,2.4545454545454546,1.0,0.626386862035736,0.225,5.5,3.3241540277189325,1.0,10.0,9.0,SJF_NP
816,scattered,medium,6,9.333333333333334,6.262764742685312,16.0,7.666666666666667,1.3743685418725535,6.0,10.0,46.0,0.1792654619599941,2.7058823529411766,0.0,0.6316020739596875,0.2748737083745107,5.5,1.2583057392117916,4.0,7.0,3.0,SJF_NP
817,scattered,mixed,5,10.4,6.681317235396026,16.0,13.8,4.019950248448356,8.0,20.0,69.0,0.29130074262007644,4.0588235294117645,0.0,0.6069813390943515,0.3092269421883351,6.0,2.756809750418044,2.0,9.0,7.0,SRTF
818,tight,medium,11,6.0,0.9534625892455924,2.0,8.090909090909092,1.6211413181933645,5.0,10.0,89.0,0.20036578087553913,29.666666666666668,0.0,0.6821791369181358,0.27019021969889406,6.909090909090909,2.8747978728803445,2.0,10.0,8.0,SJF_NP
819,clustered,mixed,5,11.2,7.19444229944198,15.0,8.2,5.670978751503131,1.0,18.0,41.0,0.6915827744892132,2.5625,0.2,0.5503473562848762,0.31505437508350725,3.2,1.9390719429665317,1.0,6.0,5.0,SJF_NP
820,clustered,medium,12,9.5,4.924428900898052,12.0,7.916666666666667,1.4976833963009524,5.0,10.0,95.0,0.1891810605614869,7.3076923076923075,0.0,0.621197776853996,0.24961389938349207,4.583333333333333,2.3614378858841256,1.0,9.0,8.0,SRTF
821,mixed,mixed,5,12.8,6.8527366796047255,17.0,10.2,6.273754856543249,2.0,20.0,51.0,0.6150740054831545,2.8333333333333335,0.2,0.6192924066886263,0.33019762402859204,4.2,2.5612496949731396,1.0,8.0,7.0,SRTF
822,tight,medium,8,19.5,0.5,1.0,6.875,1.4523687548277813,5.0,10.0,55.0,0.21125363703513128,27.5,0.0,0.75,0.24206145913796354,4.25,1.984313483298443,1.0,8.0,7.0,SJF_NP
823,ordered,short,9,12.0,4.83045891539648,15.0,2.6666666666666665,1.0540925533894598,1.0,4.0,24.0,0.3952847073728157,1.5,1.0,0.69809631778772,0.26352313834736496,6.666666666666667,2.494438257849294,3.0,10.0,7.0,SJF_NP
824,mixed,mixed,8,11.75,4.736823830374104,13.0,9.375,5.31360282670807,1.0,16.0,75.0,0.5667843014550705,5.357142857142857,0.25,0.661655440687564,0.3321001766692544,5.625,2.912795049432761,1.0,9.0,8.0,SRTF
825,clustered,mixed,5,9.2,0.4,1.0,8.2,7.573638491504594,1.0,20.0,41.0,0.9236144500708513,20.5,0.4,0.8,0.3786819245752297,6.2,2.3151673805580453,3.0,10.0,7.0,SJF_NP
826,scattered,medium,7,14.428571428571429,5.038626311013828,14.0,7.0,1.0690449676496976,5.0,8.0,49.0,0.15272070964242526,3.2666666666666666,0.0,0.6640915792657448,0.2672612419124244,5.857142857142857,2.4743582965269675,1.0,9.0,8.0,SJF_NP
827,tight,short,11,11.818181818181818,0.8331955809010617,2.0,2.5454545454545454,1.304790917673393,1.0,4.0,28.0,0.5125964317417415,9.333333333333334,1.0,0.7222681396996461,0.32619772941834824,5.636363636363637,2.8049542946439114,1.0,10.0,9.0,SJF_NP
828,clustered,mixed,5,9.8,2.6381811916545836,6.0,10.6,5.314132102234569,5.0,18.0,53.0,0.501333217144645,7.571428571428571,0.0,0.6231169726207737,0.37958086444532635,6.2,2.6381811916545836,2.0,9.0,7.0,SRTF
829,scattered,short,10,10.1,5.940538696111658,19.0,2.6,0.66332495807108,2.0,4.0,26.0,0.2551249837753673,1.3,1.0,0.702973065194417,0.22110831935702668,5.4,2.0591260281974,2.0,8.0,6.0,SJF_NP
830,clustered,medium,11,10.181818181818182,6.117310487731172,14.0,7.909090909090909,1.928473039599675,5.0,10.0,87.0,0.24382992451625626,5.8,0.0,0.5921793008179219,0.3214121732666125,5.636363636363637,3.3917742011232055,1.0,10.0,9.0,SRTF
831,tight,short,6,18.666666666666668,0.7453559924999298,2.0,3.0,1.0,1.0,4.0,18.0,0.3333333332222222,6.0,1.0,0.7515480025000234,0.25,5.666666666666667,1.699673171197595,3.0,8.0,5.0,SJF_NP
832,scattered,mixed,5,9.8,5.635601121442148,15.0,9.4,3.9293765408777,2.0,13.0,47.0,0.4180187808999661,2.9375,0.2,0.6477749299098657,0.3274480450731417,5.4,3.1368774282716245,1.0,9.0,8.0,SRTF
833,clustered,medium,9,7.777777777777778,6.745826327404684,14.0,8.0,1.247219128924647,5.0,9.0,72.0,0.15590239109609308,4.8,0.0,0.5502782448396877,0.2494438257849294,5.0,2.211083193570267,1.0,8.0,7.0,SJF_NP
834,ordered,medium,7,10.142857142857142,5.48839220351387,16.0,6.714285714285714,1.5779087167410373,5.0,10.0,47.0,0.23500768118174908,2.764705882352941,0.0,0.6771533997933017,0.26298478612350623,4.285714285714286,3.6922422809485957,1.0,10.0,9.0,SJF_NP
835,tight,medium,11,16.454545454545453,0.7820295697311479,2.0,7.454545454545454,1.7248787237282068,5.0,10.0,82.0,0.23138617022518326,27.333333333333332,0.0,0.739323476756284,0.28747978728803447,4.818181818181818,2.979267201486171,1.0,9.0,8.0,SJF_NP
836,ordered,medium,7,8.142857142857142,4.453844933748542,15.0,7.714285714285714,1.979486637221574,5.0,10.0,54.0,0.2566001196065707,3.375,0.0,0.7216346916407161,0.329914439536929,4.285714285714286,1.979486637221574,2.0,7.0,5.0,SJF_NP
837,scattered,short,5,11.0,4.774934554525329,13.0,2.2,1.16619037896906,1.0,4.0,11.0,0.5300865356540788,0.7857142857142857,1.0,0.6589332461053337,0.291547594742265,7.0,2.756809750418044,2.0,10.0,8.0,SRTF
838,clustered,short,9,7.444444444444445,5.599823630379624,13.0,2.111111111111111,1.1967032904743342,1.0,4.0,19.0,0.5668594531140669,1.3571428571428572,1.0,0.6000125978300268,0.29917582261858355,4.777777777777778,2.615244954653293,2.0,10.0,8.0,SJF_NP
839,scattered,medium,6,8.5,6.849574196011505,20.0,8.333333333333334,1.247219128924647,6.0,10.0,50.0,0.14966629545299767,2.380952380952381,0.0,0.6738298001899283,0.2494438257849294,5.0,2.70801280154532,2.0,9.0,7.0,SJF_NP
840,tight,short,10,12.9,0.8306623862918074,2.0,2.1,1.2206555615733703,1.0,4.0,21.0,0.5812645528533836,7.0,1.0,0.7231125379027308,0.3051638903933426,4.4,2.5377155080899043,1.0,9.0,8.0,SJF_NP
841,ordered,medium,10,9.8,6.660330322138685,17.0,7.4,1.4966629547095764,5.0,10.0,74.0,0.20225175060909792,4.111111111111111,0.0,0.6299816487700731,0.2494438257849294,4.2,2.6381811916545845,1.0,9.0,8.0,SJF_NP
842,ordered,medium,7,5.571428571428571,6.388765649999399,20.0,6.571428571428571,1.9897697538834458,5.0,10.0,46.0,0.30279104945792573,2.1904761904761907,0.0,0.6957730642857429,0.3316282923139076,5.428571428571429,3.0169588688489823,1.0,10.0,9.0,SRTF
843,ordered,short,6,10.666666666666666,5.312459150169743,14.0,2.1666666666666665,1.0671873729054748,1.0,4.0,13.0,0.4925480180367355,0.8666666666666667,1.0,0.6458360566553505,0.2667968432263687,3.8333333333333335,1.9507833184532708,1.0,7.0,6.0,FCFS
844,scattered,short,8,8.375,6.362733296312206,19.0,3.125,1.0532687216470449,1.0,4.0,25.0,0.3370459908191996,1.25,1.0,0.6818633351843897,0.2633171804117612,6.25,2.48746859276655,1.0,9.0,8.0,SRTF
845,clustered,medium,9,10.0,1.9436506316151,5.0,7.222222222222222,1.8724777273725242,5.0,10.0,65.0,0.25926614683106647,10.833333333333334,0.0,0.6760582280641501,0.31207962122875404,6.666666666666667,2.6246692913372702,2.0,10.0,8.0,SJF_NP
846,scattered,long,11,12.0,6.045283661289563,19.0,15.545454545454545,2.606412943060264,12.0,20.0,171.0,0.16766399047847133,8.55,0.0,0.6977358169355219,0.2896014381178071,5.363636363636363,3.3377381364883307,1.0,10.0,9.0,SRTF
847,ordered,short,8,10.75,5.889609494694874,19.0,3.0,0.7071067811865476,2.0,4.0,24.0,0.23570226031694844,1.2,1.0,0.7055195252652563,0.23570226039551587,6.875,3.018174116912409,2.0,10.0,8.0,SJF_NP
848,scattered,medium,6,8.166666666666666,6.039223643997813,18.0,6.833333333333333,1.5723301886761007,5.0,9.0,41.0,0.23009710074819567,2.1578947368421053,0.0,0.6821461240001151,0.31446603773522014,4.833333333333333,2.6087459737497545,1.0,9.0,8.0,SRTF
849,tight,medium,12,17.166666666666668,0.7993052538854533,2.0,7.916666666666667,1.114924013354971,6.0,9.0,95.0,0.14083250693231222,31.666666666666668,0.0,0.7335649153715156,0.27873100333874273,5.75,3.3942353090693835,1.0,10.0,9.0,SRTF
850,ordered,short,11,13.363636363636363,4.47767649309991,14.0,1.9090909090909092,1.083306844346635,1.0,4.0,21.0,0.5674464419795748,1.4,1.0,0.7014882337933394,0.27082671108665873,6.454545454545454,2.425757102568424,2.0,10.0,8.0,SRTF
851,scattered,mixed,7,8.857142857142858,5.938459911664721,17.0,10.571428571428571,5.900536122303824,1.0,19.0,74.0,0.5581588223272926,4.111111111111111,0.14285714285714285,0.6700855604630711,0.31055453275283285,5.142857142857143,2.6418917155581325,1.0,10.0,9.0,SRTF
852,scattered,long,7,11.142857142857142,5.742786069211937,15.0,14.857142857142858,3.270149469217028,11.0,20.0,104.0,0.22010621425940818,6.5,0.0,0.6410758706742539,0.3270149469217028,4.714285714285714,2.1189138534559038,2.0,7.0,5.0,SJF_NP
853,ordered,short,11,10.181818181818182,5.874725244146731,18.0,2.5454545454545454,0.9875254992000196,1.0,4.0,28.0,0.38795644596188195,1.4736842105263157,1.0,0.6908039345185931,0.2468813748000049,6.2727272727272725,2.5968830649246724,2.0,10.0,8.0,SJF_NP
854,clustered,short,8,8.5,7.762087348130012,17.0,2.125,0.9270248108869579,1.0,3.0,17.0,0.43624696962386394,0.9444444444444444,1.0,0.5687729251038882,0.30900827029565264,5.125,2.6190408549696205,1.0,9.0,8.0,SJF_NP
855,scattered,long,5,14.0,7.127411872482185,20.0,17.0,3.794733192202055,11.0,20.0,85.0,0.22321959952816678,4.0476190476190474,0.0,0.6605994346437055,0.3794733192202055,6.0,3.1622776601683795,2.0,10.0,8.0,SJF_NP
856,tight,medium,7,4.571428571428571,0.4948716593053935,1.0,7.714285714285714,1.6659862556700857,5.0,10.0,54.0,0.2159611812625717,27.0,0.0,0.7525641703473033,0.2776643759450143,5.857142857142857,2.4743582965269675,2.0,8.0,6.0,SJF_NP
857,scattered,long,11,9.363636363636363,6.691551352573798,17.0,14.818181818181818,3.242282636386729,11.0,20.0,163.0,0.218804349680044,9.055555555555555,0.0,0.6282471470792335,0.3242282636386729,5.0,2.796101181678127,1.0,10.0,9.0,SJF_NP
858,ordered,medium,5,9.0,5.932958789676531,16.0,6.8,0.7483314773547882,6.0,8.0,34.0,0.11004874665363816,2.0,0.0,0.6510024241366748,0.2494438257849294,6.2,1.8330302779823362,4.0,8.0,4.0,SRTF
859,scattered,short,7,12.142857142857142,5.642405045180428,18.0,2.142857142857143,1.2453996981544782,1.0,4.0,15.0,0.5811865255342028,0.7894736842105263,1.0,0.7030313134115564,0.31134992453861954,4.0,2.32992949004287,1.0,8.0,7.0,SRTF
860,scattered,short,11,12.181818181818182,7.233987732391913,20.0,2.3636363636363638,0.9791208740244552,1.0,4.0,26.0,0.41424344652739725,1.2380952380952381,1.0,0.6555243936956232,0.2447802185061138,5.545454545454546,2.3879864611933996,1.0,9.0,8.0,SJF_NP
861,scattered,mixed,8,8.625,5.12195031213697,14.0,7.75,5.165994579942956,2.0,16.0,62.0,0.6665799457130808,4.133333333333334,0.375,0.6585366458575354,0.34439963866286377,5.625,3.0388114452858046,2.0,10.0,8.0,SRTF
862,clustered,medium,5,14.2,6.615134163416491,17.0,7.8,1.7204650534085255,5.0,10.0,39.0,0.22057244271640425,2.1666666666666665,0.0,0.6324925464768616,0.28674417556808757,6.8,1.469693845669907,5.0,9.0,4.0,SJF_NP
863,scattered,long,8,12.125,4.567206476611277,14.0,14.375,2.2878756522153907,11.0,18.0,115.0,0.1591565670995641,7.666666666666667,0.0,0.6955195682259149,0.28598445652692384,4.875,2.6190408549696205,1.0,8.0,7.0,SJF_NP
864,scattered,short,6,8.833333333333334,5.398044913567215,18.0,2.1666666666666665,1.0671873729054748,1.0,4.0,13.0,0.4925480180367355,0.6842105263157895,1.0,0.7158923729701465,0.2667968432263687,6.833333333333333,1.8633899812498247,4.0,10.0,6.0,SJF_NP
865,mixed,mixed,5,10.8,2.2271057451320084,6.0,9.8,2.7856776554368237,5.0,13.0,49.0,0.2842528219543439,7.0,0.0,0.6818420364097131,0.3095197394929804,4.2,3.059411708155671,1.0,9.0,8.0,SRTF
866,tight,medium,5,14.8,0.9797958971132713,2.0,7.0,1.4142135623730951,5.0,9.0,35.0,0.20203050888158067,11.666666666666666,0.0,0.6734013676289096,0.282842712474619,7.0,2.756809750418044,3.0,10.0,7.0,SJF_NP
867,mixed,mixed,8,12.875,6.213644260818284,19.0,14.25,3.665719574653795,7.0,19.0,114.0,0.25724347890502114,5.7,0.0,0.6893177869590859,0.2819784288195227,5.0,2.958039891549808,1.0,8.0,7.0,SRTF
868,tight,short,6,15.666666666666666,0.74535599249993,2.0,3.1666666666666665,1.0671873729054748,1.0,4.0,19.0,0.3370065387058321,6.333333333333333,1.0,0.7515480025000233,0.2667968432263687,5.333333333333333,3.636237371545238,1.0,10.0,9.0,SRTF
869,clustered,medium,8,13.25,8.212033852828421,18.0,6.625,1.2183492931011204,5.0,8.0,53.0,0.1839017800629764,2.789473684210526,0.0,0.5677876919563989,0.3045873232752801,5.875,2.9341736485763756,2.0,10.0,8.0,SJF_NP
870,ordered,short,6,9.666666666666666,6.073622386096199,19.0,2.6666666666666665,1.247219128924647,1.0,4.0,16.0,0.46770717317135246,0.8,1.0,0.6963188806951901,0.31180478223116176,4.833333333333333,2.7938424357067015,1.0,9.0,8.0,SJF_NP
871,tight,short,10,8.9,0.7,2.0,3.1,0.9433981132056604,1.0,4.0,31.0,0.3043219719036575,10.333333333333334,1.0,0.7666666666666667,0.2358495283014151,5.5,2.5787593916455256,1.0,10.0,9.0,SRTF
872,scattered,mixed,5,7.8,6.7646138101151045,20.0,11.6,5.817215828899595,4.0,20.0,58.0,0.5014841231377682,2.761904761904762,0.2,0.6778755328516617,0.34218916640585856,5.4,1.4966629547095764,4.0,8.0,4.0,SRTF
873,scattered,short,10,10.5,5.608029957123981,19.0,2.5,1.02469507659596,1.0,4.0,25.0,0.4098780304744327,1.25,1.0,0.7195985021438009,0.25617376914899,4.6,2.576819745345025,1.0,8.0,7.0,SJF_NP
874,ordered,medium,6,9.333333333333334,4.988876515698588,15.0,7.333333333333333,1.7950549357115013,5.0,10.0,44.0,0.2447802184727347,2.75,0.0,0.6881952177688382,0.29917582261858355,6.5,1.2583057392117916,5.0,8.0,3.0,SJF_NP
875,clustered,short,8,10.25,1.5612494995995996,4.0,3.75,0.4330127018922193,3.0,4.0,30.0,0.11547005380713313,6.0,1.0,0.6877501000800801,0.21650635094610965,4.375,2.9553976043842223,1.0,10.0,9.0,SJF_NP
876,ordered,medium,7,10.714285714285714,6.0877930721892906,19.0,8.285714285714286,1.5779087167410373,5.0,10.0,58.0,0.19043725889403793,2.9,0.0,0.6956103463905354,0.26298478612350623,5.714285714285714,2.0503857277724746,3.0,9.0,6.0,SJF_NP
877,scattered,short,9,7.444444444444445,6.32650704243856,16.0,2.888888888888889,0.8748897637790901,1.0,4.0,26.0,0.30284645658793047,1.5294117647058822,1.0,0.6278525269153789,0.21872244094477253,4.888888888888889,3.3481153718487473,1.0,10.0,9.0,SJF_NP
878,clustered,mixed,10,7.1,8.7,18.0,12.2,5.528109984434101,1.0,19.0,122.0,0.4531237691787687,6.421052631578948,0.1,0.5421052631578948,0.29095315707547903,5.3,2.6095976701399777,2.0,10.0,8.0,SRTF
879,ordered,medium,12,12.583333333333334,5.235429516498358,16.0,7.083333333333333,1.4409680388158819,5.0,9.0,85.0,0.20343078192175781,5.0,0.0,0.6920335578530378,0.2881936077631764,6.5,2.692582403567252,2.0,10.0,8.0,SJF_NP
880,tight,short,12,11.833333333333334,0.8975274678557508,2.0,2.75,0.7216878364870323,2.0,4.0,33.0,0.2624319404453092,11.0,1.0,0.7008241773814163,0.2405626121623441,5.75,2.5860201081971503,2.0,10.0,8.0,SJF_NP
881,tight,short,7,10.857142857142858,0.8329931278350429,2.0,3.0,1.0690449676496976,1.0,4.0,21.0,0.3563483224311164,7.0,1.0,0.7223356240549856,0.2672612419124244,7.571428571428571,2.4411439272335804,3.0,10.0,7.0,SJF_NP
882,scattered,medium,6,13.166666666666666,5.7566386797235145,17.0,6.833333333333333,1.3437096247164249,5.0,9.0,41.0,0.19664043285655383,2.2777777777777777,0.0,0.6801867400153603,0.26874192494328497,5.666666666666667,1.3743685418725535,4.0,7.0,3.0,SJF_NP
883,ordered,short,11,12.090909090909092,5.853585466183726,20.0,2.727272727272727,1.212878551284212,1.0,4.0,30.0,0.44472213530781296,1.4285714285714286,1.0,0.721257834943632,0.303219637821053,5.636363636363637,3.023325299693798,1.0,10.0,9.0,SJF_NP
884,scattered,medium,7,9.714285714285714,4.333071682315172,12.0,8.571428571428571,1.178030178747903,7.0,10.0,60.0,0.13743685417122106,4.615384615384615,0.0,0.6666867936680637,0.29450754468697576,4.714285714285714,3.238795442501324,2.0,10.0,8.0,SJF_NP
885,clustered,short,12,11.583333333333334,8.200186312246542,18.0,2.75,1.1636866703140785,1.0,4.0,33.0,0.4231587890512435,1.736842105263158,1.0,0.5684112467238662,0.2909216675785196,7.416666666666667,2.6601482832520613,2.0,10.0,8.0,SJF_NP
886,ordered,medium,8,9.875,7.30475016684349,19.0,7.375,1.9324531042175384,5.0,10.0,59.0,0.2620275395193913,2.95,0.0,0.6347624916578255,0.3220755173695897,5.625,1.5761900266148114,3.0,9.0,6.0,SRTF
887,tight,medium,8,10.125,0.7806247497997998,2.0,7.5,1.4142135623730951,5.0,9.0,60.0,0.18856180829127112,20.0,0.0,0.7397917500667335,0.282842712474619,5.375,3.998046397929869,1.0,10.0,9.0,SJF_NP
888,clustered,medium,6,11.0,3.696845502136472,8.0,7.5,1.8929694486000912,5.0,10.0,45.0,0.2523959264463594,5.0,0.0,0.589239388651503,0.3154949081000152,6.5,2.5,2.0,10.0,8.0,SJF_NP
889,ordered,short,7,10.428571428571429,5.602477586036451,14.0,2.0,0.9258200997725514,1.0,4.0,14.0,0.4629100496548207,0.9333333333333333,1.0,0.6265014942642366,0.23145502494313785,5.428571428571429,3.288818409491811,1.0,10.0,9.0,SRTF
890,clustered,short,9,12.11111111111111,4.3574825669172395,11.0,2.4444444444444446,1.1653431646335017,1.0,4.0,22.0,0.4767312944277697,1.8333333333333333,1.0,0.6368764527568966,0.29133579115837543,5.777777777777778,2.199887763691481,2.0,9.0,7.0,SJF_NP
891,tight,medium,8,7.0,0.8660254037844386,2.0,8.375,1.2183492931011204,6.0,10.0,67.0,0.1454745424424652,22.333333333333332,0.0,0.7113248654051871,0.24366985862022408,6.25,2.8613807855648994,2.0,10.0,8.0,SJF_NP
892,clustered,mixed,7,13.857142857142858,3.0904725218262765,7.0,9.142857142857142,4.61143211187685,4.0,15.0,64.0,0.5043753871813644,8.0,0.2857142857142857,0.6136909347717154,0.38428600932307083,6.285714285714286,2.2497165354319457,2.0,10.0,8.0,SJF_NP
893,mixed,mixed,6,12.0,5.033222956847166,14.0,9.0,6.855654600401044,3.0,20.0,54.0,0.7617393999599227,3.6,0.3333333333333333,0.6644518028768556,0.3808697000222802,3.6666666666666665,1.9720265943665387,1.0,7.0,6.0,SRTF
894,ordered,medium,11,8.818181818181818,4.260136186858175,13.0,6.454545454545454,1.4373989364401722,5.0,10.0,71.0,0.2226956098365105,5.071428571428571,0.0,0.6957045580815588,0.23956648940669537,5.2727272727272725,3.13603423830188,1.0,10.0,9.0,SJF_NP
895,tight,medium,11,4.181818181818182,0.7158188976374373,2.0,8.0,1.4770978917519928,6.0,10.0,88.0,0.18463723644591945,29.333333333333332,0.0,0.7613937007875209,0.29541957835039856,5.181818181818182,3.2702010452008996,1.0,10.0,9.0,SRTF
896,scattered,mixed,11,7.2727272727272725,6.061666573879873,20.0,11.636363636363637,5.381326758890452,2.0,18.0,128.0,0.46245776830240576,6.095238095238095,0.18181818181818182,0.7113492107676251,0.31654863287590895,5.545454545454546,3.5255853508482393,1.0,10.0,9.0,SRTF
897,tight,short,5,1.2,0.7483314773547883,2.0,2.4,1.019803902718557,1.0,4.0,12.0,0.4249182926223495,4.0,1.0,0.7505561742150706,0.25495097567963926,5.8,2.5612496949731396,2.0,9.0,7.0,SRTF
898,scattered,mixed,11,8.272727272727273,6.1951727408730255,20.0,12.454545454545455,7.152413913734889,2.0,20.0,137.0,0.5742814090858882,6.523809523809524,0.2727272727272727,0.7049917742441416,0.37644283756499414,4.909090909090909,2.937362622073366,1.0,10.0,9.0,SRTF
899,clustered,medium,6,16.5,4.272001872658765,12.0,5.5,0.7637626158259734,5.0,7.0,33.0,0.13886593012492862,2.5384615384615383,0.0,0.6713844713339412,0.2545875386086578,5.833333333333333,1.462494064565354,3.0,7.0,4.0,SJF_NP
900,tight,short,6,14.166666666666666,0.6871842709362769,2.0,2.1666666666666665,1.2133516482134197,1.0,4.0,13.0,0.5600084527631128,4.333333333333333,1.0,0.7709385763545744,0.3033379120533549,5.333333333333333,1.247219128924647,3.0,7.0,4.0,SJF_NP
901,clustered,mixed,12,8.5,6.020797289396148,13.0,7.25,5.584576975922169,1.0,17.0,87.0,0.7702864793312941,6.214285714285714,0.5,0.569943050757418,0.32850452799542174,5.416666666666667,2.812422838447701,1.0,10.0,9.0,SRTF
902,scattered,medium,8,11.0,6.614378277661476,19.0,8.125,1.5360257159305635,6.0,10.0,65.0,0.18904931886049406,3.25,0.0,0.6692810861169262,0.3072051431861127,6.25,3.191786333700926,1.0,10.0,9.0,SJF_NP
903,clustered,mixed,11,13.0,3.437758254761643,8.0,12.727272727272727,5.738085032021636,4.0,20.0,140.0,0.4508495381948475,15.555555555555555,0.09090909090909091,0.6180268605820396,0.33753441364833153,7.090909090909091,2.0650575802910085,4.0,10.0,6.0,SRTF
904,ordered,medium,10,8.8,4.975942121849891,15.0,7.8,1.2489995996796797,6.0,10.0,78.0,0.1601281537845579,4.875,0.0,0.6890036173843819,0.24979991993593592,4.4,2.8354893757515653,1.0,9.0,8.0,SJF_NP
905,clustered,medium,7,12.857142857142858,6.243363823832045,14.0,6.571428571428571,1.498298354528788,5.0,10.0,46.0,0.2280019234805544,3.066666666666667,0.0,0.5837757450778637,0.24971639242146468,6.571428571428571,2.770102775666474,1.0,10.0,9.0,SJF_NP
906,ordered,medium,8,11.375,4.973366566019441,19.0,7.75,1.984313483298443,5.0,10.0,62.0,0.2560404494248261,3.1,0.0,0.7513316716990279,0.33071891388307384,7.875,2.2043990110685496,4.0,10.0,6.0,SJF_NP
907,tight,short,9,12.0,0.9428090415820634,2.0,2.5555555555555554,1.1653431646335017,1.0,4.0,23.0,0.4560038468520644,7.666666666666667,1.0,0.6857303194726456,0.29133579115837543,5.111111111111111,2.5141574442188355,1.0,9.0,8.0,SJF_NP
908,scattered,medium,9,11.444444444444445,4.740162001711454,18.0,7.333333333333333,1.9999999999999998,5.0,10.0,66.0,0.2727272726900826,3.473684210526316,0.0,0.7505177893836077,0.3333333333333333,5.111111111111111,1.9116278371205837,2.0,8.0,6.0,SRTF
909,scattered,medium,10,9.9,6.057227088363123,20.0,7.5,1.3601470508735443,5.0,10.0,75.0,0.18135294009229216,3.5714285714285716,0.0,0.7115606148398512,0.2266911751455907,6.8,2.85657137141714,3.0,10.0,7.0,SJF_NP
910,clustered,mixed,9,7.777777777777778,8.650982959920768,19.0,11.222222222222221,5.573304979548645,3.0,20.0,101.0,0.4966311367472092,5.05,0.1111111111111111,0.5674508520039616,0.3096280544193692,4.777777777777778,3.083208205669246,1.0,9.0,8.0,SRTF
911,mixed,mixed,7,10.428571428571429,7.267484195415373,20.0,13.0,5.756983337031396,4.0,20.0,91.0,0.4428448720452731,4.333333333333333,0.14285714285714285,0.6539293240278394,0.3386460786489056,3.857142857142857,2.6418917155581325,1.0,8.0,7.0,SRTF
912,clustered,medium,9,6.555555555555555,7.119786374933686,15.0,7.666666666666667,1.1547005383792515,6.0,10.0,69.0,0.15061311368199629,4.3125,0.0,0.5550133515666447,0.2309401076758503,7.0,1.4142135623730951,4.0,9.0,5.0,SJF_NP
913,scattered,long,8,12.125,4.284784125250653,13.0,14.5,2.23606797749979,12.0,19.0,116.0,0.15421158464452264,8.285714285714286,0.0,0.6939439910535248,0.2795084971874737,6.0,2.958039891549808,1.0,10.0,9.0,SRTF
914,scattered,short,5,14.8,3.655133376499413,9.0,2.4,1.2,1.0,4.0,12.0,0.49999999979166665,1.2,1.0,0.6344866623500587,0.3,5.8,1.7204650534085253,4.0,9.0,5.0,SRTF
915,tight,medium,7,10.857142857142858,0.8329931278350429,2.0,6.714285714285714,1.577908716741037,5.0,9.0,47.0,0.23500768118174906,15.666666666666666,0.0,0.7223356240549856,0.31558174334820743,6.142857142857143,2.356060357495806,4.0,10.0,6.0,SJF_NP
916,clustered,medium,5,14.6,6.6211781428987395,14.0,8.2,1.1661903789690602,6.0,9.0,41.0,0.14221833888132218,2.7333333333333334,0.0,0.5585881238067507,0.29154759474226505,5.2,3.655133376499413,1.0,10.0,9.0,FCFS
917,scattered,medium,8,9.0,4.47213595499958,16.0,7.0,1.4142135623730951,5.0,9.0,56.0,0.20203050888158067,3.2941176470588234,0.0,0.7369331791176719,0.282842712474619,4.875,2.9341736485763756,1.0,10.0,9.0,SJF_NP
918,clustered,medium,5,10.8,4.621688003316537,12.0,7.0,1.7888543819998317,5.0,10.0,35.0,0.2555506259634687,2.6923076923076925,0.0,0.6444855382064203,0.29814239699997197,7.8,2.3151673805580453,5.0,10.0,5.0,SJF_NP
919,ordered,medium,5,6.2,5.1536394906900505,14.0,7.0,1.7888543819998317,5.0,10.0,35.0,0.2555506259634687,2.3333333333333335,0.0,0.6564240339539966,0.29814239699997197,7.0,1.6733200530681511,5.0,9.0,4.0,SJF_NP
920,clustered,mixed,11,5.454545454545454,5.532772383528342,12.0,9.272727272727273,5.136162506118377,2.0,19.0,102.0,0.553899878051071,7.846153846153846,0.2727272727272727,0.5744021243439736,0.28534236145102093,3.5454545454545454,2.995864918778924,1.0,9.0,8.0,SJF_NP
921,mixed,mixed,12,9.916666666666666,4.803789013777446,15.0,10.333333333333334,5.2014955114424115,2.0,19.0,124.0,0.5033705333166814,7.75,0.08333333333333333,0.6997631866389096,0.28897197285791176,4.833333333333333,2.6718699236468995,1.0,9.0,8.0,SRTF
922,clustered,short,9,8.333333333333334,2.581988897471611,6.0,2.6666666666666665,1.3333333333333333,1.0,4.0,24.0,0.4999999998125,3.4285714285714284,1.0,0.6311444432183413,0.3333333333333333,4.111111111111111,2.9979416807182315,1.0,10.0,9.0,SRTF
923,clustered,short,5,8.2,2.3151673805580453,5.0,2.8,0.7483314773547882,2.0,4.0,14.0,0.2672612418169739,2.3333333333333335,1.0,0.6141387699069925,0.2494438257849294,6.0,1.7888543819998317,4.0,9.0,5.0,SJF_NP
924,scattered,medium,6,13.0,3.3166247903554,11.0,8.0,2.0816659994661326,5.0,10.0,48.0,0.26020824990074054,4.0,0.0,0.7236146008037168,0.3469443332443554,5.5,2.9297326385411577,1.0,8.0,7.0,SJF_NP
925,tight,medium,6,0.16666666666666666,0.372677996249965,1.0,5.333333333333333,0.4714045207910317,5.0,6.0,32.0,0.08838834763174563,16.0,0.0,0.8136610018750174,0.23570226039551584,8.0,2.70801280154532,2.0,10.0,8.0,SJF_NP
926,scattered,long,9,10.333333333333334,4.163331998932265,13.0,16.77777777777778,2.484519974999766,11.0,20.0,151.0,0.14808397201102738,10.785714285714286,0.0,0.7026191429334097,0.2484519974999766,6.111111111111111,1.5234788000891208,4.0,9.0,5.0,SJF_NP
927,tight,short,11,9.0,0.7385489458759964,2.0,2.727272727272727,1.052348809344566,1.0,4.0,30.0,0.3858612299515251,10.0,1.0,0.7538170180413345,0.2630872023361415,5.363636363636363,2.9005556606443306,1.0,9.0,8.0,SJF_NP
928,scattered,medium,7,9.857142857142858,4.189393799604337,15.0,6.714285714285714,1.5779087167410373,5.0,9.0,47.0,0.23500768118174908,2.9375,0.0,0.7381628875247289,0.31558174334820743,5.285714285714286,2.602981022612657,1.0,10.0,9.0,SJF_NP
929,tight,medium,5,13.8,0.7483314773547883,2.0,7.8,1.6,6.0,10.0,39.0,0.20512820510190666,13.0,0.0,0.7505561742150706,0.32,5.8,2.7856776554368237,2.0,9.0,7.0,SJF_NP
930,scattered,medium,6,12.333333333333334,4.714045207910317,14.0,8.5,1.118033988749895,7.0,10.0,51.0,0.13153341042568958,3.4,0.0,0.6857303194726455,0.2795084971874737,5.666666666666667,2.6246692913372707,1.0,9.0,8.0,SJF_NP
931,clustered,short,6,12.166666666666666,7.840422324226051,16.0,1.6666666666666667,1.1055415967851332,1.0,4.0,10.0,0.6633249576730849,0.5882352941176471,1.0,0.5387986868102324,0.2763853991962833,5.666666666666667,3.3499585403736303,1.0,10.0,9.0,SJF_NP
932,scattered,mixed,9,7.666666666666667,6.97614984548545,18.0,10.88888888888889,5.1735318785879185,4.0,17.0,98.0,0.4751202745205631,5.157894736842105,0.2222222222222222,0.6328342186586605,0.3695379913277085,6.111111111111111,2.806517986736686,1.0,10.0,9.0,SJF_NP
933,clustered,mixed,6,11.5,6.020797289396148,13.0,9.333333333333334,5.467073155618908,2.0,18.0,56.0,0.5857578380392661,4.0,0.16666666666666666,0.569943050757418,0.3215925385658181,5.833333333333333,3.2871804872193366,1.0,10.0,9.0,SJF_NP
934,tight,medium,7,3.2857142857142856,0.6998542122237652,2.0,8.142857142857142,0.8329931278350429,7.0,9.0,57.0,0.1022974016513898,19.0,0.0,0.7667152625920782,0.2776643759450143,4.285714285714286,1.979486637221574,2.0,7.0,5.0,SRTF
935,ordered,short,7,8.142857142857142,5.221619109284876,16.0,2.5714285714285716,1.2936264483053452,1.0,4.0,18.0,0.5030769519231043,1.0588235294117647,1.0,0.6928459347479485,0.3234066120763363,5.142857142857143,3.6811710647786073,1.0,10.0,9.0,SRTF
936,ordered,medium,11,8.636363636363637,5.677270907634908,19.0,7.454545454545454,1.6713433009863852,5.0,10.0,82.0,0.224204589126634,4.1,0.0,0.7161364546182546,0.2785572168310642,7.181818181818182,2.16661368869327,3.0,10.0,7.0,SRTF
937,tight,medium,10,0.8,0.8717797887081347,2.0,7.2,1.7204650534085253,5.0,10.0,72.0,0.23895347960688496,24.0,0.0,0.7094067370972885,0.28674417556808757,6.5,2.1563858652847827,1.0,9.0,8.0,SJF_NP
938,ordered,short,12,7.916666666666667,6.061605031306111,19.0,2.6666666666666665,1.1055415967851334,1.0,4.0,32.0,0.4145780986389583,1.6,1.0,0.6969197484346945,0.27638539919628335,5.416666666666667,2.7826346428439996,2.0,9.0,7.0,SRTF
939,ordered,medium,7,11.714285714285714,7.666518779999278,19.0,8.0,1.6903085094570331,5.0,10.0,56.0,0.21128856365571808,2.8,0.0,0.6166740610000361,0.2817180849095055,5.142857142857143,3.0904725218262765,1.0,10.0,9.0,SRTF
940,mixed,mixed,12,12.75,6.015604707757983,19.0,11.75,7.119515432949071,1.0,19.0,141.0,0.605916207007928,7.05,0.25,0.6992197646121009,0.3747113385762669,4.083333333333333,2.3614378858841256,1.0,10.0,9.0,SRTF
941,scattered,short,10,10.5,6.917369442208505,20.0,2.0,1.3416407864998738,1.0,4.0,20.0,0.6708203929145267,0.9523809523809523,1.0,0.6706014551329283,0.33541019662496846,5.4,2.3748684174075834,1.0,10.0,9.0,SRTF
942,clustered,short,10,12.0,8.988882021697693,19.0,2.3,1.1,1.0,4.0,23.0,0.47826086935727796,1.15,1.0,0.5505558989151154,0.275,6.9,2.118962010041709,3.0,10.0,7.0,SJF_NP
943,clustered,short,9,9.333333333333334,7.916228058025278,17.0,2.2222222222222223,1.227262335243029,1.0,4.0,20.0,0.5522680506108424,1.1111111111111112,1.0,0.560209552331929,0.30681558381075724,5.222222222222222,2.042752923427804,3.0,9.0,6.0,SJF_NP
944,clustered,medium,9,10.222222222222221,4.661372658534007,11.0,7.888888888888889,1.0999438818457405,6.0,9.0,71.0,0.1394295061317859,5.916666666666667,0.0,0.6115522784554994,0.27498597046143514,4.444444444444445,2.543449587168799,1.0,8.0,7.0,SJF_NP
945,scattered,short,6,12.0,7.280109889280518,18.0,1.5,0.7637626158259734,1.0,3.0,9.0,0.5091750768778655,0.47368421052631576,1.0,0.6168363216168149,0.2545875386086578,6.166666666666667,3.0776975521032313,1.0,9.0,8.0,FCFS
946,scattered,long,5,10.6,5.4626001134990645,17.0,17.2,1.9390719429665317,15.0,20.0,86.0,0.11273674086359274,4.777777777777778,0.0,0.6965222159167186,0.3231786571610886,3.6,1.8547236990991407,2.0,7.0,5.0,SJF_NP
947,ordered,medium,10,8.6,6.8731361109758335,19.0,7.5,1.746424919657298,5.0,10.0,75.0,0.23285665592325885,3.75,0.0,0.6563431944512084,0.29107081994288303,5.4,3.1999999999999997,1.0,10.0,9.0,SJF_NP
948,scattered,medium,8,7.75,5.9107952087684446,15.0,6.875,1.5360257159305635,5.0,9.0,55.0,0.22342192228467514,3.4375,0.0,0.6305752994519722,0.3072051431861127,6.125,2.9764702249476644,2.0,10.0,8.0,SRTF
949,mixed,mixed,6,13.166666666666666,6.148622248565572,19.0,13.0,5.597618541248888,5.0,20.0,78.0,0.43058604160140784,3.9,0.0,0.6925688875717214,0.3498511588280555,5.5,2.362907813126304,1.0,9.0,8.0,SJF_NP
950,scattered,short,11,11.0,5.592202363356254,17.0,2.272727272727273,0.9620913858416693,1.0,4.0,25.0,0.42332020958407357,1.3888888888888888,1.0,0.6893220909246526,0.24052284646041733,5.545454545454546,2.3879864611933996,2.0,10.0,8.0,SJF_NP
951,mixed,mixed,10,10.0,5.477225575051661,16.0,9.7,6.245798587850876,1.0,20.0,97.0,0.6438967615677299,5.705882352941177,0.3,0.6778102602910787,0.3122899293925438,6.3,3.1,2.0,10.0,8.0,SJF_NP
952,scattered,mixed,11,9.454545454545455,3.798651348322941,14.0,8.090909090909092,5.350523261658967,1.0,19.0,89.0,0.6613006277637565,5.933333333333334,0.2727272727272727,0.7467565767784705,0.28160648745573513,5.181818181818182,2.979267201486171,1.0,10.0,9.0,SRTF
953,clustered,mixed,12,6.833333333333333,9.316949906249123,20.0,10.416666666666666,6.473771869800651,1.0,20.0,125.0,0.6214820994412003,5.9523809523809526,0.3333333333333333,0.5563357187500417,0.32368859349003254,6.833333333333333,2.1147629234082532,2.0,10.0,8.0,SRTF
954,clustered,medium,8,12.5,5.049752469181039,11.0,7.375,1.4947825928876748,5.0,10.0,59.0,0.20268238544881254,4.916666666666667,0.0,0.5791872942349134,0.2491304321479458,5.75,3.307189138830738,1.0,9.0,8.0,SJF_NP
955,clustered,medium,8,15.25,8.227241335952167,19.0,7.5,2.179449471770337,5.0,10.0,60.0,0.2905932628639658,3.0,0.0,0.5886379332023917,0.3632415786283895,6.5,2.449489742783178,1.0,10.0,9.0,SJF_NP
956,mixed,mixed,8,10.5,6.96419413859206,18.0,10.125,5.732309743899051,2.0,18.0,81.0,0.5661540487242367,4.2631578947368425,0.25,0.6334634663898916,0.33719469081759124,4.875,2.6190408549696205,1.0,10.0,9.0,SRTF
957,ordered,short,7,11.0,5.68205194324324,16.0,2.5714285714285716,0.9035079029052513,1.0,4.0,18.0,0.3513641843265116,1.0588235294117647,1.0,0.6657616503974564,0.22587697572631282,2.857142857142857,1.456862718169367,1.0,5.0,4.0,FCFS
958,scattered,medium,9,13.555555555555555,5.27280467453541,17.0,7.444444444444445,1.7708197167232473,5.0,10.0,67.0,0.23787130519952812,3.7222222222222223,0.0,0.707066406970255,0.29513661945387454,4.555555555555555,2.006163342807532,2.0,9.0,7.0,SJF_NP
959,scattered,short,10,7.0,5.796550698475776,16.0,1.8,1.077032961426901,1.0,4.0,18.0,0.5983516449047496,1.0588235294117647,1.0,0.659026429501425,0.26925824035672524,7.8,2.6,2.0,10.0,8.0,SRTF
960,scattered,long,6,12.0,5.715476066494082,17.0,17.333333333333332,3.5433819375782165,11.0,20.0,104.0,0.20442588100233408,5.777777777777778,0.0,0.6824735518614399,0.35433819375782166,6.666666666666667,3.0912061651652345,1.0,10.0,9.0,SJF_NP
961,ordered,short,9,8.88888888888889,5.68515502465157,18.0,2.888888888888889,1.1967032904743342,1.0,4.0,26.0,0.4142434465592622,1.368421052631579,1.0,0.7007813144920226,0.29917582261858355,5.888888888888889,3.034777840832814,1.0,10.0,9.0,SRTF
962,ordered,medium,5,8.2,7.277362159464101,20.0,8.0,1.6733200530681511,6.0,10.0,40.0,0.20916500660737325,1.9047619047619047,0.0,0.6534589447874237,0.3346640106136302,3.8,1.469693845669907,2.0,5.0,3.0,SJF_NP
963,clustered,short,6,9.333333333333334,7.340905181848413,15.0,2.6666666666666665,1.247219128924647,1.0,4.0,16.0,0.46770717317135246,1.0,1.0,0.5411934261344742,0.31180478223116176,6.0,3.1091263510296048,2.0,10.0,8.0,SJF_NP
964,ordered,medium,9,11.444444444444445,5.166367972250075,16.0,7.0,2.0,5.0,10.0,63.0,0.2857142856734694,3.7058823529411766,0.0,0.6960960016323485,0.3333333333333333,5.555555555555555,2.8717439962933526,1.0,10.0,9.0,SJF_NP
965,tight,short,6,1.1666666666666667,0.6871842709362768,2.0,2.6666666666666665,1.247219128924647,1.0,4.0,16.0,0.46770717317135246,5.333333333333333,1.0,0.7709385763545744,0.31180478223116176,6.0,1.7320508075688772,4.0,8.0,4.0,SJF_NP
966,tight,short,11,15.0,0.9534625892455924,2.0,2.090909090909091,0.9958591954639384,1.0,4.0,23.0,0.47628048455931465,7.666666666666667,1.0,0.6821791369181358,0.2489647988659846,6.0,3.302891295379082,1.0,10.0,9.0,SJF_NP
967,clustered,short,5,10.6,0.48989794855663565,1.0,2.0,0.6324555320336759,1.0,3.0,10.0,0.31622776585872403,5.0,1.0,0.7550510257216821,0.21081851067789195,6.0,3.7416573867739413,1.0,10.0,9.0,SJF_NP
968,tight,medium,5,15.0,0.8944271909999159,2.0,7.4,2.0591260281974,5.0,10.0,37.0,0.278260274043127,12.333333333333334,0.0,0.7018576030000281,0.34318767136623335,5.0,2.6832815729997477,1.0,8.0,7.0,SJF_NP
969,clustered,medium,12,8.5,7.19374728496908,15.0,7.25,1.5343293866268306,5.0,10.0,87.0,0.21163163950554467,5.4375,0.0,0.5503907946894325,0.2557215644378051,6.166666666666667,2.967415635794142,1.0,10.0,9.0,SJF_NP
970,scattered,medium,10,13.4,6.343500610861483,20.0,7.0,1.1832159566199232,5.0,10.0,70.0,0.16903085092155604,3.3333333333333335,0.0,0.6979285423399294,0.19720265943665385,6.5,3.1064449134018135,1.0,10.0,9.0,SJF_NP
971,ordered,medium,8,9.125,6.603739470936145,18.0,6.375,1.5761900266148114,5.0,9.0,51.0,0.2472454943321672,2.6842105263157894,0.0,0.6524347646875712,0.3152380053229623,6.25,2.7271780286589284,1.0,10.0,9.0,SJF_NP
972,ordered,short,8,12.5,4.55521678957215,14.0,2.375,0.9921567416492215,1.0,4.0,19.0,0.4177502068343037,1.2666666666666666,1.0,0.6963188806951901,0.24803918541230538,6.25,1.6393596310755,4.0,9.0,5.0,SJF_NP
973,tight,medium,5,17.2,0.7483314773547883,2.0,6.2,0.9797958971132712,5.0,8.0,31.0,0.15803159628310315,10.333333333333334,0.0,0.7505561742150706,0.2449489742783178,4.0,2.756809750418044,1.0,9.0,8.0,SJF_NP
974,clustered,short,6,8.833333333333334,1.5723301886761007,4.0,2.6666666666666665,0.7453559924999298,1.0,3.0,16.0,0.279508497082658,3.2,1.0,0.6855339622647798,0.2484519974999766,4.5,2.5,2.0,8.0,6.0,SRTF
975,scattered,mixed,8,12.25,4.4651427748729375,15.0,9.875,5.754074643241952,1.0,18.0,79.0,0.5826911030541024,4.9375,0.25,0.7209285765704414,0.3196708135134418,5.375,2.341874249399399,2.0,9.0,7.0,SRTF
976,ordered,short,9,8.666666666666666,5.395471352079548,17.0,2.4444444444444446,0.9558139185602919,1.0,4.0,22.0,0.3910147847056133,1.2222222222222223,1.0,0.7002515915511363,0.23895347964007296,5.888888888888889,2.23330569358242,2.0,10.0,8.0,SRTF
977,scattered,short,6,8.0,5.41602560309064,16.0,2.3333333333333335,1.1055415967851334,1.0,4.0,14.0,0.4738035412762842,0.8235294117647058,1.0,0.681410258641727,0.27638539919628335,5.833333333333333,2.793842435706702,2.0,9.0,7.0,SJF_NP
978,clustered,short,8,11.375,7.140334375923861,15.0,3.0,1.118033988749895,1.0,4.0,24.0,0.372677996125739,1.5,1.0,0.5537291015047587,0.2795084971874737,4.75,2.48746859276655,1.0,8.0,7.0,SJF_NP
979,scattered,long,6,10.333333333333334,3.7267799624996494,11.0,15.666666666666666,2.285218200133681,12.0,19.0,94.0,0.145864991488584,7.833333333333333,0.0,0.6894350031250291,0.28565227501671014,6.166666666666667,2.6718699236468995,2.0,9.0,7.0,SJF_NP
980,clustered,short,12,7.0,5.259911279353167,12.0,2.3333333333333335,1.178511301977579,1.0,4.0,28.0,0.505076272059644,2.1538461538461537,1.0,0.5953914400497564,0.29462782549439476,6.583333333333333,3.0402393911591163,2.0,10.0,8.0,SJF_NP
981,clustered,medium,7,11.428571428571429,5.421047417431508,12.0,6.571428571428571,1.5907898179514348,5.0,10.0,46.0,0.2420767113905545,3.5384615384615383,0.0,0.5829963525052686,0.2651316363252391,5.142857142857143,2.231499907401901,2.0,9.0,7.0,SJF_NP
982,scattered,short,9,11.444444444444445,6.516834799384525,18.0,2.2222222222222223,0.9162456945817024,1.0,4.0,20.0,0.41231056237622626,1.0526315789473684,1.0,0.6570086947692355,0.2290614236454256,4.666666666666667,2.9059326290271157,1.0,10.0,9.0,FCFS
983,mixed,mixed,5,9.0,2.280350850198276,6.0,9.0,5.215361924162119,3.0,16.0,45.0,0.5794846581758483,6.428571428571429,0.4,0.6742355928288177,0.37252585172586566,7.2,1.8330302779823358,5.0,9.0,4.0,SRTF
984,scattered,long,12,10.333333333333334,7.431165603202651,20.0,16.0,2.70801280154532,11.0,20.0,192.0,0.16925080008600432,9.142857142857142,0.0,0.6461349712760642,0.270801280154532,4.416666666666667,2.5967394084804805,1.0,8.0,7.0,SJF_NP
985,clustered,mixed,12,10.75,2.203217344400381,5.0,9.666666666666666,5.233439489369194,2.0,18.0,116.0,0.5413902919477038,19.333333333333332,0.25,0.6327971092666032,0.3078493817275996,5.416666666666667,2.43099202430247,2.0,9.0,7.0,SRTF
986,mixed,mixed,12,6.0,3.366501646120693,12.0,8.333333333333334,5.137011669140814,2.0,19.0,100.0,0.6164414002229247,7.6923076923076925,0.3333333333333333,0.7410383349137928,0.28538953717448967,5.333333333333333,2.9249881291307074,1.0,10.0,9.0,SRTF
987,tight,medium,5,5.0,0.0,0.0,7.6,1.7435595774162693,5.0,10.0,38.0,0.22941573384037547,38.0,0.0,1.0,0.29059326290271154,3.2,2.4000000000000004,2.0,8.0,6.0,SJF_NP
988,ordered,medium,12,8.666666666666666,5.374838498865699,18.0,7.083333333333333,2.0598678490513795,5.0,10.0,85.0,0.29080487276619876,4.473684210526316,0.0,0.7171137632175948,0.3433113081752299,6.166666666666667,3.050500869620521,1.0,10.0,9.0,SJF_NP
989,clustered,medium,9,6.111111111111111,4.382907316292449,9.0,7.666666666666667,1.8257418583505536,5.0,10.0,69.0,0.23814024236248868,6.9,0.0,0.5617092683707552,0.30429030972509225,6.444444444444445,3.095197394929804,1.0,10.0,9.0,SJF_NP
990,clustered,mixed,7,13.0,2.9277002188455996,7.0,6.0,4.869731585445518,1.0,15.0,42.0,0.8116219307723159,5.25,0.42857142857142855,0.6340374726443001,0.3246487723630345,5.285714285714286,2.602981022612657,2.0,10.0,8.0,SRTF
991,mixed,mixed,8,12.125,4.621620386834038,15.0,9.75,4.293891009329417,3.0,18.0,78.0,0.44039907783477106,4.875,0.125,0.7111487258228726,0.26836818808308854,7.125,2.2043990110685496,2.0,9.0,7.0,SJF_NP
992,clustered,mixed,11,12.727272727272727,5.561080815337136,12.0,10.0,5.862050525510367,2.0,20.0,110.0,0.5862050524924162,8.461538461538462,0.18181818181818182,0.5722245526663742,0.3085289750268614,6.363636363636363,2.6379305688267105,2.0,10.0,8.0,SRTF
993,tight,short,11,15.818181818181818,0.8331955809010617,2.0,2.090909090909091,1.1642044068059725,1.0,4.0,23.0,0.55679341168439,7.666666666666667,1.0,0.7222681396996461,0.2910511017014931,5.181818181818182,2.886274157525008,1.0,10.0,9.0,SJF_NP
994,scattered,medium,7,8.571428571428571,6.298687910013887,20.0,7.142857142857143,1.7261494247992246,5.0,9.0,50.0,0.2416609194380589,2.380952380952381,0.0,0.7000624804755292,0.3452298849598449,5.571428571428571,2.498979383505129,2.0,10.0,8.0,SJF_NP
995,clustered,medium,11,9.090909090909092,6.881523951918387,15.0,7.818181818181818,1.8497263590341642,5.0,10.0,86.0,0.23659290635782887,5.375,0.0,0.5699047530051008,0.308287726505694,7.2727272727272725,2.489647988659846,2.0,10.0,8.0,SRTF
996,clustered,mixed,7,9.857142857142858,2.356060357495806,6.0,9.428571428571429,4.100771455544949,5.0,17.0,66.0,0.434930305845002,9.428571428571429,0.0,0.6634199489291706,0.31544395811884224,4.285714285714286,1.979486637221574,2.0,8.0,6.0,SJF_NP
997,clustered,mixed,12,5.166666666666667,7.312470322826767,16.0,10.833333333333334,6.361778227997439,1.0,20.0,130.0,0.5872410671455567,7.647058823529412,0.25,0.5698546868925431,0.31808891139987194,4.916666666666667,2.43099202430247,1.0,10.0,9.0,SJF_NP
998,ordered,medium,8,7.875,4.106016926414211,13.0,7.875,1.7633419974582356,6.0,10.0,63.0,0.22391644409324687,4.5,0.0,0.7067130766846992,0.35266839949164713,6.375,3.637908052713812,1.0,10.0,9.0,SJF_NP
999,clustered,short,11,4.909090909090909,4.357950841529775,10.0,2.909090909090909,1.083306844346635,1.0,4.0,32.0,0.3723867276161478,2.909090909090909,1.0,0.6038226507700204,0.27082671108665873,5.363636363636363,2.90055566064433,1.0,10.0,9.0,SJF_NP
1000,clustered,mixed,9,10.222222222222221,2.935521069693979,10.0,11.333333333333334,6.27162924074226,4.0,20.0,102.0,0.5533790506049012,9.272727272727273,0.2222222222222222,0.7331344482096382,0.36891936710248585,6.333333333333333,3.0550504633038935,1.0,10.0,9.0,SJF_NP
1001,clustered,medium,9,11.444444444444445,9.569756888948655,20.0,7.555555555555555,1.2570787221094177,6.0,9.0,68.0,0.16637806613951997,3.238095238095238,0.0,0.5442972910024451,0.31426968052735443,4.777777777777778,2.528845928164676,1.0,10.0,9.0,SJF_NP
1002,ordered,short,7,11.0,5.477225575051661,16.0,2.4285714285714284,0.9035079029052513,1.0,4.0,17.0,0.37203266574897237,1.0,1.0,0.6778102602910787,0.22587697572631282,4.285714285714286,2.7105237087157534,1.0,9.0,8.0,SRTF
1003,mixed,mixed,7,11.285714285714286,6.295447010437345,19.0,12.0,5.732115042211108,3.0,20.0,84.0,0.477676253477786,4.2,0.14285714285714285,0.6852276494781327,0.3184508356783949,4.142857142857143,3.0904725218262765,1.0,8.0,7.0,SRTF
1004,clustered,medium,11,11.454545454545455,4.053363056292355,11.0,7.0,1.5954480704349312,5.0,10.0,77.0,0.22792115288671572,6.416666666666667,0.0,0.6622197453089704,0.2659080117391552,4.636363636363637,2.6379305688267105,1.0,10.0,9.0,SJF_NP
1005,clustered,mixed,5,9.0,7.771743691090179,17.0,9.4,5.885575587824865,1.0,18.0,47.0,0.626125062467951,2.611111111111111,0.2,0.5682364616061012,0.3269764215458258,4.4,2.5768197453450252,2.0,8.0,6.0,SRTF
1006,scattered,medium,6,8.5,3.5,9.0,7.666666666666667,1.247219128924647,6.0,10.0,46.0,0.16268075592547385,4.6,0.0,0.65,0.2494438257849294,5.0,3.2145502536643185,2.0,10.0,8.0,SJF_NP
1007,clustered,mixed,10,13.9,7.475961476626268,16.0,11.9,5.337602458033007,1.0,19.0,119.0,0.4485380216457536,7.0,0.1,0.5602375601984548,0.28092644515963194,3.9,2.211334438749598,1.0,9.0,8.0,SRTF
1008,clustered,mixed,6,6.666666666666667,4.4969125210773475,10.0,11.5,5.346338310781813,3.0,19.0,69.0,0.4648989835058186,6.2727272727272725,0.16666666666666666,0.5911897708111502,0.3144904888695184,6.166666666666667,2.9107081994288304,3.0,10.0,7.0,SJF_NP
1009,scattered,medium,8,3.875,4.075460096725276,11.0,7.5,1.6583123951777,5.0,10.0,60.0,0.22110831932754554,5.0,0.0,0.6603783252728936,0.2763853991962833,6.125,2.8476964374736293,1.0,9.0,8.0,SJF_NP
1010,clustered,short,9,7.666666666666667,4.642796092394707,10.0,2.0,0.816496580927726,1.0,3.0,18.0,0.40824829025973886,1.6363636363636365,1.0,0.5779276279641176,0.2721655269759087,6.111111111111111,3.0711722135745005,1.0,9.0,8.0,SRTF
1011,clustered,medium,6,11.0,1.4142135623730951,4.0,7.833333333333333,1.0671873729054746,6.0,9.0,47.0,0.13623668588543464,9.4,0.0,0.717157287525381,0.26679684322636865,4.833333333333333,2.9674156357941426,1.0,9.0,8.0,SRTF
1012,clustered,medium,5,5.2,0.39999999999999997,1.0,7.2,1.469693845669907,6.0,10.0,36.0,0.20412414520358094,18.0,0.0,0.8,0.29393876913398137,3.6,2.9393876913398134,1.0,9.0,8.0,SJF_NP
1013,scattered,long,8,8.625,6.5752851649187045,18.0,16.0,3.0,12.0,20.0,128.0,0.18749999998828126,6.7368421052631575,0.0,0.6539323597411208,0.3333333333333333,5.5,2.598076211353316,2.0,10.0,8.0,SRTF
1014,tight,medium,8,0.375,0.6959705453537527,2.0,8.0,1.8027756377319946,6.0,10.0,64.0,0.22534695468833094,21.333333333333332,0.0,0.7680098182154158,0.3605551275463989,4.375,1.996089927833914,1.0,7.0,6.0,SJF_NP
1015,scattered,medium,6,8.333333333333334,5.9066817155564495,15.0,7.0,1.7320508075688772,5.0,10.0,42.0,0.24743582961734875,2.625,0.0,0.630832392777722,0.28867513459481287,4.833333333333333,2.266911751455907,1.0,8.0,7.0,SJF_NP
1016,tight,medium,7,0.42857142857142855,0.49487165930539345,1.0,7.285714285714286,1.4846149779161804,6.0,10.0,51.0,0.20377068321542877,25.5,0.0,0.7525641703473033,0.2969229955832361,6.142857142857143,2.356060357495806,3.0,10.0,7.0,SJF_NP
1017,clustered,medium,8,10.125,6.392133837772798,14.0,8.0,1.3228756555322954,5.0,9.0,64.0,0.16535945692086698,4.266666666666667,0.0,0.5738577441484801,0.2645751311064591,5.25,3.2307119958300214,1.0,10.0,9.0,SRTF
1018,mixed,mixed,8,13.875,6.173279112432873,20.0,7.75,7.066647012551285,1.0,19.0,62.0,0.9118254208567045,2.9523809523809526,0.5,0.706034327979387,0.37192879013427815,5.125,2.2603926650031405,1.0,8.0,7.0,SRTF
1019,ordered,medium,12,12.5,3.9895697345286076,15.0,7.416666666666667,1.4409680388158819,5.0,10.0,89.0,0.19428782543212503,5.5625,0.0,0.750651891591962,0.24016133980264698,7.0,2.23606797749979,2.0,10.0,8.0,SJF_NP
1020,scattered,long,7,9.714285714285714,5.146823867043378,14.0,15.0,2.32992949004287,11.0,17.0,105.0,0.15532863265916944,7.0,0.0,0.6568784088637748,0.3328470700061243,3.857142857142857,3.0438965360946453,1.0,8.0,7.0,SJF_NP
1021,scattered,medium,8,10.25,5.5170191226784775,16.0,7.25,1.7853571071357126,5.0,10.0,58.0,0.24625615267440779,3.411764705882353,0.0,0.6754694633718543,0.2975595178559521,5.625,2.341874249399399,3.0,10.0,7.0,SJF_NP
1022,clustered,short,5,6.0,4.0,10.0,3.2,1.16619037896906,1.0,4.0,16.0,0.36443449331394545,1.4545454545454546,1.0,0.6363636363636364,0.291547594742265,6.2,2.1354156504062622,3.0,9.0,6.0,SJF_NP
1023,scattered,long,7,7.714285714285714,5.598833697790121,15.0,16.142857142857142,2.5314350209527645,12.0,20.0,113.0,0.1568145588103686,7.0625,0.0,0.6500728938881175,0.2812705578836405,5.428571428571429,1.9897697538834458,2.0,9.0,7.0,SJF_NP
1024,scattered,long,5,11.8,6.337191807101944,16.0,14.2,3.4292856398964493,11.0,20.0,71.0,0.2414989887080951,4.176470588235294,0.0,0.6272240113469445,0.34292856398964494,6.0,2.9664793948382653,3.0,10.0,7.0,SJF_NP
1025,ordered,medium,11,13.636363636363637,6.470530781554271,17.0,6.909090909090909,1.5640591394622958,5.0,10.0,76.0,0.22637698067888298,4.222222222222222,0.0,0.6405260676914294,0.260676523243716,7.181818181818182,2.442732516826255,2.0,10.0,8.0,SJF_NP
1026,scattered,long,10,7.6,4.409081537009721,15.0,16.7,2.147091055358389,13.0,20.0,167.0,0.1285683266604683,10.4375,0.0,0.7244324039368925,0.26838638191979863,5.5,3.0083217912982647,1.0,10.0,9.0,SJF_NP
1027,ordered,medium,6,8.333333333333334,5.153208277913436,15.0,7.5,1.9790570145063195,5.0,10.0,45.0,0.2638742685656594,2.8125,0.0,0.6779244826304103,0.3298428357510533,5.5,3.547299442298794,1.0,10.0,9.0,SRTF
1028,tight,short,11,6.363636363636363,0.77138921583987,2.0,2.5454545454545454,1.0756508696544755,1.0,4.0,28.0,0.4225771271982458,9.333333333333334,1.0,0.74287026138671,0.2689127174136189,6.181818181818182,2.9176011883420387,1.0,10.0,9.0,SJF_NP
1029,ordered,short,5,9.8,5.230678732248808,15.0,2.0,1.2649110640673518,1.0,4.0,10.0,0.6324555317174481,0.625,1.0,0.6730825792344495,0.31622776601683794,5.2,2.7856776554368237,2.0,10.0,8.0,SRTF
1030,ordered,short,7,11.0,6.928203230275509,20.0,2.4285714285714284,1.178030178747903,1.0,4.0,17.0,0.48507124987293077,0.8095238095238095,1.0,0.670085560463071,0.29450754468697576,6.142857142857143,2.5872528966106905,3.0,10.0,7.0,RR
1031,ordered,medium,6,9.666666666666666,6.4463598686045716,18.0,7.166666666666667,1.0671873729054748,6.0,9.0,43.0,0.1489098659660323,2.263157894736842,0.0,0.660717901652391,0.2667968432263687,4.833333333333333,2.4776781245530843,2.0,9.0,7.0,SJF_NP
1032,ordered,short,10,9.7,6.812488532100439,19.0,2.4,1.2806248474865698,1.0,4.0,24.0,0.5335936862304067,1.2,1.0,0.659375573394978,0.32015621187164245,4.5,2.7294688127912363,2.0,9.0,7.0,SRTF
1033,ordered,medium,5,8.8,3.655133376499413,9.0,6.4,1.3564659966250536,5.0,8.0,32.0,0.21194781193954776,3.2,0.0,0.6344866623500587,0.3391164991562634,6.6,1.2,5.0,8.0,3.0,SJF_NP
1034,clustered,medium,11,9.0,4.369314487526514,10.0,7.181818181818182,1.9917183909278766,5.0,10.0,79.0,0.27732787717919033,7.181818181818182,0.0,0.6027895920430442,0.3319530651546461,5.7272727272727275,2.561636873382795,1.0,10.0,9.0,SRTF
1035,ordered,medium,7,10.428571428571429,4.135461378894322,12.0,7.285714285714286,1.665986255670086,5.0,10.0,51.0,0.22866478015862643,3.923076923076923,0.0,0.6818875862388982,0.2776643759450143,4.714285714285714,2.813959371941744,1.0,10.0,9.0,SJF_NP
1036,scattered,long,7,10.142857142857142,5.5915387973659785,16.0,16.571428571428573,2.1285234893930487,13.0,19.0,116.0,0.12844538297286398,6.823529411764706,0.0,0.6710859530961188,0.30407478419900696,6.142857142857143,2.4743582965269675,3.0,10.0,7.0,SJF_NP
1037,scattered,medium,8,11.625,6.5752851649187045,17.0,7.25,1.3919410907075054,5.0,10.0,58.0,0.19199187455386393,3.2222222222222223,0.0,0.6347063797267387,0.23199018178458422,4.125,1.7633419974582356,2.0,7.0,5.0,SJF_NP
1038,tight,short,5,11.6,0.48989794855663565,1.0,2.4,1.2,1.0,4.0,12.0,0.49999999979166665,6.0,1.0,0.7550510257216821,0.3,3.8,1.32664991614216,2.0,6.0,4.0,FCFS
1039,clustered,short,9,7.666666666666667,4.268749491621899,10.0,2.111111111111111,0.5665577237325317,1.0,3.0,19.0,0.2683694479567084,1.7272727272727273,1.0,0.6119318643980092,0.18885257457751056,5.888888888888889,2.7261875880856214,2.0,10.0,8.0,SJF_NP
1040,clustered,short,8,12.5,2.5,5.0,2.375,1.1110243021644486,1.0,4.0,19.0,0.46779970597753634,3.1666666666666665,1.0,0.5833333333333333,0.27775607554111215,5.875,3.2572035551988456,1.0,10.0,9.0,SRTF
1041,scattered,short,11,10.636363636363637,3.4973425566675176,12.0,2.3636363636363638,1.1499191491521379,1.0,4.0,26.0,0.4865042552046911,2.0,1.0,0.730973649487114,0.28747978728803447,5.181818181818182,2.9176011883420387,1.0,9.0,8.0,SRTF
1042,tight,medium,12,13.833333333333334,0.8975274678557508,2.0,6.833333333333333,1.724013405464767,5.0,10.0,82.0,0.2522946446652399,27.333333333333332,0.0,0.7008241773814163,0.28733556757746115,6.0,2.6770630673681683,1.0,10.0,9.0,SJF_NP
1043,clustered,short,12,7.833333333333333,3.531603350069515,8.0,2.4166666666666665,0.9537935951882998,1.0,4.0,29.0,0.394673211638742,3.2222222222222223,1.0,0.6075996277700539,0.23844839879707494,5.25,3.344772040064913,1.0,10.0,9.0,SJF_NP
1044,tight,short,7,2.142857142857143,0.8329931278350429,2.0,2.2857142857142856,0.880630571852711,1.0,4.0,16.0,0.3852758750170029,5.333333333333333,1.0,0.7223356240549856,0.22015764296317775,3.142857142857143,2.849991049037144,1.0,9.0,8.0,SJF_NP
1045,scattered,short,8,7.875,5.134138194478212,15.0,2.25,1.0897247358851685,1.0,4.0,18.0,0.4843221046225984,1.125,1.0,0.6791163628451118,0.2724311839712921,5.125,2.9764702249476644,1.0,10.0,9.0,SRTF
1046,clustered,short,10,9.9,6.057227088363123,13.0,2.5,1.2041594578792296,1.0,4.0,25.0,0.48166378295902634,1.7857142857142858,1.0,0.567340922259777,0.3010398644698074,6.7,2.147091055358389,4.0,10.0,6.0,SRTF
1047,ordered,medium,6,10.0,5.32290647422377,18.0,7.833333333333333,1.3437096247164249,6.0,9.0,47.0,0.17153739887807073,2.473684210526316,0.0,0.7198470276724331,0.3359274061791062,5.333333333333333,2.494438257849294,1.0,9.0,8.0,SJF_NP
1048,scattered,medium,11,11.363636363636363,5.92794195887313,20.0,8.090909090909092,1.4431370787625042,6.0,10.0,89.0,0.1783652569036576,4.238095238095238,0.0,0.7177170495774701,0.28862741575250084,5.2727272727272725,1.9582417480489107,3.0,9.0,6.0,SJF_NP
1049,ordered,short,7,8.142857142857142,5.166611805721464,15.0,2.4285714285714284,0.9035079029052513,1.0,4.0,17.0,0.37203266574897237,1.0625,1.0,0.6770867621424085,0.22587697572631282,3.142857142857143,2.5314350209527645,1.0,9.0,8.0,SRTF
1050,clustered,mixed,8,7.875,3.6550478793033614,8.0,12.25,3.307189138830738,6.0,17.0,98.0,0.2699746235559807,10.88888888888889,0.0,0.5938835689662931,0.2755990949025615,4.125,2.4717149916606487,1.0,9.0,8.0,SJF_NP
1051,ordered,short,5,6.2,5.2687759489277965,15.0,2.2,1.16619037896906,1.0,4.0,11.0,0.5300865356540788,0.6875,1.0,0.6707015031920127,0.291547594742265,7.8,1.9390719429665317,4.0,9.0,5.0,FCFS
1052,mixed,mixed,10,6.8,6.660330322138685,20.0,7.7,5.848931526355904,1.0,19.0,77.0,0.7596014968306887,3.6666666666666665,0.4,0.6828414132314913,0.30783850138715285,5.5,1.857417562100671,2.0,8.0,6.0,SRTF
1053,scattered,short,9,7.111111111111111,6.314787661503476,17.0,2.888888888888889,1.0999438818457405,1.0,4.0,26.0,0.3807498051224968,1.4444444444444444,1.0,0.6491784632498069,0.27498597046143514,6.888888888888889,1.9688939051854832,3.0,10.0,7.0,SJF_NP
1054,ordered,short,11,10.363636363636363,5.8971908146279475,19.0,2.8181818181818183,1.2662171161076472,1.0,4.0,31.0,0.44930284749167054,1.55,1.0,0.7051404592686026,0.3165542790269118,5.818181818181818,3.009626428590336,1.0,10.0,9.0,SRTF
1055,scattered,mixed,6,9.166666666666666,6.229410530343586,19.0,10.666666666666666,4.496912521077347,5.0,18.0,64.0,0.42158554881147764,3.2,0.0,0.6885294734828207,0.32120803721981045,6.166666666666667,2.5440562537456244,2.0,10.0,8.0,SJF_NP
1056,ordered,short,5,9.0,5.761944116355173,16.0,3.2,0.7483314773547882,2.0,4.0,16.0,0.23385358660029207,0.9411764705882353,1.0,0.6610621108026369,0.2494438257849294,7.0,2.756809750418044,2.0,10.0,8.0,FCFS
1057,tight,medium,6,8.333333333333334,0.74535599249993,2.0,7.833333333333333,1.5723301886761007,5.0,10.0,47.0,0.20072300278409078,15.666666666666666,0.0,0.7515480025000233,0.2620550314460168,4.333333333333333,2.9814239699997196,2.0,9.0,7.0,SRTF
1058,scattered,short,7,9.285714285714286,5.848425568702492,17.0,1.8571428571428572,0.9897433186107869,1.0,4.0,13.0,0.5329387097342259,0.7222222222222222,1.0,0.6750874684054171,0.24743582965269673,4.285714285714286,2.657296462534039,1.0,10.0,9.0,SRTF
1059,scattered,medium,9,7.888888888888889,6.657400968420108,20.0,6.888888888888889,1.5947444549341472,5.0,10.0,62.0,0.2314951627794172,2.9523809523809526,0.0,0.6829809062657092,0.2657907424890245,4.444444444444445,2.9101779674908435,1.0,8.0,7.0,SRTF
1060,clustered,medium,11,11.363636363636363,6.357139540744396,14.0,8.0,1.5954480704349312,6.0,10.0,88.0,0.19943100877943754,5.866666666666666,0.0,0.576190697283707,0.3190896140869862,6.181818181818182,2.854603357837742,2.0,10.0,8.0,SJF_NP
1061,scattered,medium,6,8.833333333333334,4.6696419087073,15.0,7.166666666666667,1.9507833184532708,5.0,10.0,43.0,0.2722023234671258,2.6875,0.0,0.7081473807057937,0.3251305530755451,6.666666666666667,2.748737083745107,3.0,10.0,7.0,SJF_NP
1062,ordered,medium,5,9.6,6.3118935352238,16.0,6.6,1.624807680927192,5.0,9.0,33.0,0.24618298192136503,1.9411764705882353,0.0,0.6287121449868354,0.32496153618543844,5.6,1.7435595774162693,3.0,7.0,4.0,SJF_NP
1063,scattered,short,7,10.285714285714286,4.89064079103534,15.0,2.5714285714285716,1.178030178747903,1.0,4.0,18.0,0.45812284711269224,1.125,1.0,0.6943349505602913,0.29450754468697576,8.0,2.2038926600773587,4.0,10.0,6.0,SJF_NP
1064,mixed,mixed,12,12.25,7.440038082339812,20.0,9.25,6.4307205402401575,1.0,20.0,111.0,0.6952130313021562,5.285714285714286,0.3333333333333333,0.6457124722695328,0.3215360270120079,5.25,2.3496453633119474,1.0,9.0,8.0,SRTF
1065,tight,short,5,6.8,0.7483314773547882,2.0,2.0,0.6324555320336759,1.0,3.0,10.0,0.31622776585872403,3.3333333333333335,1.0,0.7505561742150706,0.21081851067789195,5.4,3.8262252939417984,1.0,10.0,9.0,SJF_NP
1066,tight,medium,5,4.0,0.8944271909999159,2.0,8.4,1.0198039027185568,7.0,10.0,42.0,0.1214052264996609,14.0,0.0,0.7018576030000281,0.2549509756796392,8.8,1.4696938456699067,7.0,10.0,3.0,SRTF
1067,scattered,long,9,8.88888888888889,5.801234436536273,17.0,14.666666666666666,2.788866755113585,11.0,20.0,132.0,0.19015000601750695,7.333333333333333,0.0,0.677709197970207,0.2788866755113585,5.666666666666667,2.403700850309326,3.0,10.0,7.0,SJF_NP
1068,clustered,medium,9,13.11111111111111,2.7666443551086073,7.0,7.555555555555555,1.4989708403591155,5.0,10.0,68.0,0.1983931994330368,8.5,0.0,0.6541694556114241,0.24982847339318592,4.777777777777778,2.8974232912011777,1.0,9.0,8.0,SJF_NP
1069,clustered,short,6,12.833333333333334,3.975620147292188,11.0,2.3333333333333335,0.7453559924999298,1.0,3.0,14.0,0.31943828236306776,1.1666666666666667,1.0,0.6686983210589843,0.2484519974999766,4.666666666666667,2.1343747458109497,2.0,9.0,7.0,SJF_NP
1070,clustered,mixed,9,11.777777777777779,5.632796380282922,12.0,12.777777777777779,5.845753972429291,3.0,19.0,115.0,0.45749378911083627,8.846153846153847,0.2222222222222222,0.5667079707474675,0.3438678807311348,5.777777777777778,3.258417399692262,1.0,10.0,9.0,SRTF
1071,clustered,medium,10,8.5,1.5,4.0,7.5,1.8027756377319946,5.0,10.0,75.0,0.24037008499888327,15.0,0.0,0.7,0.3004626062886658,5.4,3.1048349392520045,1.0,10.0,9.0,SJF_NP
1072,ordered,short,7,8.571428571428571,3.3319725113401715,12.0,2.142857142857143,0.6388765649999399,1.0,3.0,15.0,0.2981423968608389,1.1538461538461537,1.0,0.7436944222046022,0.21295885499998,5.428571428571429,1.9897697538834458,2.0,9.0,7.0,SRTF
1073,ordered,medium,9,8.88888888888889,5.704665623552638,17.0,8.11111111111111,1.1967032904743342,6.0,10.0,73.0,0.14753876182111178,4.055555555555555,0.0,0.6830741320248535,0.23934065809486685,3.5555555555555554,2.6712922844825124,1.0,8.0,7.0,SJF_NP
1074,clustered,medium,8,6.75,6.923691212063114,15.0,7.25,0.9682458365518543,6.0,9.0,58.0,0.13355114985080044,3.625,0.0,0.5672692992460553,0.24206145913796356,5.5,3.427827300200522,1.0,10.0,9.0,SJF_NP
1075,clustered,medium,6,14.666666666666666,7.542472332656507,16.0,7.0,0.816496580927726,6.0,8.0,42.0,0.11664236868729766,2.4705882352941178,0.0,0.5563251569025585,0.2721655269759087,3.1666666666666665,2.1921577396609844,1.0,7.0,6.0,SJF_NP
1076,tight,medium,11,9.0,0.9534625892455924,2.0,7.7272727272727275,1.5427784316797402,6.0,10.0,85.0,0.19965367936801118,28.333333333333332,0.0,0.6821791369181358,0.30855568633594804,5.7272727272727275,2.699862255439545,1.0,10.0,9.0,SJF_NP
1077,clustered,mixed,12,5.083333333333333,7.193264596520523,16.0,11.25,2.3496453633119474,6.0,14.0,135.0,0.20885736560916357,7.9411764705882355,0.0,0.5768667884399692,0.2610717070346608,6.583333333333333,3.094574104604524,1.0,10.0,9.0,SJF_NP
1078,clustered,short,6,13.333333333333334,5.9066817155564495,13.0,2.1666666666666665,1.0671873729054748,1.0,4.0,13.0,0.4925480180367355,0.9285714285714286,1.0,0.5780941631745393,0.2667968432263687,4.833333333333333,1.7716909687891083,2.0,7.0,5.0,SJF_NP
1079,ordered,medium,6,7.666666666666667,2.748737083745107,7.0,7.833333333333333,1.4624940645653537,5.0,9.0,47.0,0.186701369920679,5.875,0.0,0.6564078645318616,0.2924988129130707,6.5,3.253203549323856,2.0,10.0,8.0,SJF_NP
1080,ordered,short,11,7.909090909090909,3.895324597387009,13.0,2.1818181818181817,0.9359663764533637,1.0,4.0,24.0,0.42898458901117376,1.7142857142857142,1.0,0.7217625287580708,0.23399159411334092,5.2727272727272725,2.766386191764171,1.0,10.0,9.0,SJF_NP
1081,scattered,long,5,7.6,5.083306010855534,15.0,17.8,2.993325909419153,12.0,20.0,89.0,0.16816437692421282,5.5625,0.0,0.6822933743215291,0.33259176771323923,5.8,1.469693845669907,4.0,7.0,3.0,SRTF
1082,scattered,medium,8,9.625,5.764926278800103,18.0,7.875,1.5360257159305635,6.0,10.0,63.0,0.19505088453784286,3.3157894736842106,0.0,0.6965828274315735,0.3072051431861127,4.875,3.4798527267687636,1.0,9.0,8.0,SRTF
1083,ordered,medium,7,9.571428571428571,6.253162465211225,17.0,8.142857142857142,1.8844151368961313,5.0,10.0,57.0,0.23141940274829795,3.1666666666666665,0.0,0.652602085266043,0.3140691894826885,4.857142857142857,2.5872528966106905,1.0,8.0,7.0,SRTF
1084,clustered,medium,5,4.8,5.878775382679628,12.0,7.8,1.16619037896906,6.0,9.0,39.0,0.14951158702814724,3.0,0.0,0.5477865090246441,0.291547594742265,6.2,2.993325909419153,1.0,9.0,8.0,SJF_NP
1085,ordered,medium,5,9.2,5.878775382679628,16.0,7.6,1.624807680927192,6.0,10.0,38.0,0.21379048430439496,2.235294117647059,0.0,0.6541896833717866,0.32496153618543844,3.8,3.059411708155671,1.0,8.0,7.0,SRTF
1086,ordered,medium,7,14.428571428571429,4.8064582403602065,11.0,7.285714285714286,1.5779087167410373,5.0,9.0,51.0,0.21657570618963198,4.25,0.0,0.599461813303316,0.31558174334820743,5.428571428571429,2.4411439272335804,1.0,9.0,8.0,SRTF
1087,scattered,long,11,9.363636363636363,6.42824346533225,20.0,15.636363636363637,2.384523099746182,12.0,19.0,172.0,0.15249857032285186,8.19047619047619,0.0,0.6938931683175119,0.29806538746827277,3.8181818181818183,2.16661368869327,1.0,8.0,7.0,SJF_NP
1088,mixed,mixed,5,5.4,4.715930449020639,12.0,11.8,6.079473661428265,4.0,19.0,59.0,0.5152096322807674,4.538461538461538,0.2,0.6372361193061047,0.3799671038392666,6.8,2.785677655436824,3.0,10.0,7.0,SRTF
1089,clustered,short,9,11.777777777777779,5.411464738615964,12.0,2.5555555555555554,0.9558139185602919,1.0,4.0,23.0,0.37401414189897825,1.7692307692307692,1.0,0.5837334816449258,0.23895347964007296,4.888888888888889,3.1778554769055756,1.0,10.0,9.0,SJF_NP
1090,clustered,mixed,6,10.666666666666666,3.448026810929534,8.0,10.833333333333334,6.568020165079344,1.0,19.0,65.0,0.6062787844128983,7.222222222222222,0.3333333333333333,0.6168859098967185,0.34568527184628123,6.333333333333333,1.9720265943665387,3.0,9.0,6.0,SJF_NP
1091,clustered,medium,10,12.3,3.716180835212409,9.0,6.9,1.8681541692269403,5.0,10.0,69.0,0.2707469810081439,6.9,0.0,0.6283819164787591,0.3113590282044901,6.3,2.6095976701399777,1.0,9.0,8.0,SJF_NP
1092,scattered,long,6,10.333333333333334,5.312459150169743,16.0,17.0,1.2909944487358056,15.0,19.0,102.0,0.07594084992116852,6.0,0.0,0.6875024029311916,0.2581988897471611,3.1666666666666665,1.9507833184532708,1.0,6.0,5.0,SJF_NP
1093,mixed,mixed,10,9.9,6.122907805936653,17.0,8.0,4.47213595499958,2.0,17.0,80.0,0.5590169943050703,4.444444444444445,0.3,0.6598384552257415,0.2795084971874737,4.7,3.2264531609803355,1.0,10.0,9.0,SRTF
1094,mixed,mixed,6,7.666666666666667,5.405758246742285,17.0,9.833333333333334,6.938219432166216,2.0,20.0,59.0,0.7055816370976916,3.2777777777777777,0.5,0.6996800974032065,0.36516944379822186,6.333333333333333,2.5603819159562025,3.0,10.0,7.0,SRTF
1095,tight,medium,11,13.0,0.9534625892455924,2.0,7.545454545454546,1.6160353486028345,5.0,10.0,83.0,0.21417335942500326,27.666666666666668,0.0,0.6821791369181358,0.26933922476713906,4.909090909090909,2.5028908905338554,1.0,10.0,9.0,SJF_NP
1096,ordered,medium,11,11.909090909090908,5.86909541511599,20.0,7.636363636363637,1.6663911618021234,5.0,10.0,84.0,0.2182178902074162,4.0,0.0,0.7205192659468576,0.2777318603003539,4.7272727272727275,3.221826390303518,1.0,10.0,9.0,SJF_NP
1097,clustered,mixed,5,7.6,4.586937976471886,10.0,12.2,4.664761515876241,4.0,18.0,61.0,0.38235750126999046,5.545454545454546,0.2,0.5830056385025557,0.31098410105841606,2.6,2.0591260281974,1.0,6.0,5.0,SRTF
1098,clustered,medium,6,4.833333333333333,6.335525936249405,17.0,8.833333333333334,1.343709624716425,7.0,10.0,53.0,0.15211807070539324,2.9444444444444446,0.0,0.6480263368750331,0.33592740617910627,3.6666666666666665,0.9428090415820634,2.0,5.0,3.0,SJF_NP
1099,clustered,medium,7,10.428571428571429,6.161102472242236,13.0,8.857142857142858,1.3552618543578767,7.0,10.0,62.0,0.15301343515216198,4.428571428571429,0.0,0.5599212519826975,0.3388154635894692,3.4285714285714284,2.3211538298959886,1.0,8.0,7.0,SJF_NP
1100,scattered,long,9,11.555555555555555,5.852086258783863,20.0,15.777777777777779,1.1331154474650633,14.0,17.0,142.0,0.0718171762432339,6.761904761904762,0.0,0.721329225772197,0.28327886186626583,5.111111111111111,3.0711722135745005,1.0,9.0,8.0,SJF_NP
1101,clustered,medium,7,16.142857142857142,5.166611805721463,12.0,7.714285714285714,0.880630571852711,6.0,9.0,54.0,0.11415581485499789,4.153846153846154,0.0,0.6025683226368105,0.22015764296317775,5.714285714285714,1.749635530559413,3.0,9.0,6.0,SJF_NP
1102,tight,short,9,17.88888888888889,0.8748897637790901,2.0,3.3333333333333335,0.816496580927726,2.0,4.0,30.0,0.2449489742048331,10.0,1.0,0.7083700787403033,0.2721655269759087,6.555555555555555,2.0061633428075325,2.0,9.0,7.0,SJF_NP
1103,scattered,mixed,12,9.416666666666666,6.383028713358225,20.0,12.833333333333334,6.7679801680823175,2.0,20.0,154.0,0.5273750779912942,7.333333333333333,0.25,0.6960462517448465,0.35620948253064827,7.083333333333333,2.0190069065976193,3.0,10.0,7.0,SRTF
1104,scattered,long,12,10.583333333333334,7.718574278251709,20.0,15.333333333333334,3.0912061651652345,11.0,20.0,184.0,0.20160040206284568,8.761904761904763,0.0,0.6324488438927758,0.30912061651652345,5.583333333333333,2.899952106884219,1.0,10.0,9.0,SJF_NP
1105,clustered,short,9,6.777777777777778,5.845753972429291,12.0,3.0,0.9428090415820634,1.0,4.0,27.0,0.3142696804225979,2.076923076923077,1.0,0.5503266175054391,0.23570226039551584,4.555555555555555,2.165954298846436,3.0,10.0,7.0,SJF_NP
1106,scattered,medium,5,8.2,8.423775875461075,18.0,8.8,1.4696938456699067,7.0,10.0,44.0,0.16701066426169273,2.3157894736842106,0.0,0.5566433749757329,0.36742346141747667,6.8,2.4819347291981715,3.0,10.0,7.0,SJF_NP
1107,tight,medium,10,17.5,0.5,1.0,8.4,1.5620499351813308,5.0,10.0,84.0,0.1859583255946872,42.0,0.0,0.75,0.2603416558635551,7.1,2.981610303175115,1.0,10.0,9.0,SRTF
1108,mixed,mixed,11,7.818181818181818,6.478189727752679,19.0,11.909090909090908,5.160242162297591,3.0,20.0,131.0,0.4333027769504364,6.55,0.09090909090909091,0.676090513612366,0.28668012012764393,7.0,2.6285149626910838,2.0,10.0,8.0,SRTF
1109,tight,medium,12,17.0,0.816496580927726,2.0,8.666666666666666,1.699673171197595,5.0,10.0,104.0,0.19611613511555526,34.666666666666664,0.0,0.7278344730240913,0.28327886186626583,5.0,3.1091263510296048,1.0,10.0,9.0,SJF_NP
1110,ordered,medium,12,10.833333333333334,4.9805175991613115,17.0,6.75,1.3616778865306827,5.0,10.0,81.0,0.2017300572339189,4.5,0.0,0.7233045778243716,0.22694631442178045,6.333333333333333,2.1343747458109497,3.0,10.0,7.0,SJF_NP
1111,ordered,short,11,10.636363636363637,6.93178092389391,19.0,2.3636363636363638,1.1499191491521379,1.0,4.0,26.0,0.4865042552046911,1.3,1.0,0.6534109538053046,0.28747978728803447,4.2727272727272725,2.956991994052835,1.0,10.0,9.0,SRTF
1112,ordered,short,9,12.11111111111111,6.419491922513018,17.0,2.5555555555555554,0.8314794192830981,1.0,4.0,23.0,0.32536151176607087,1.2777777777777777,1.0,0.6433615598603879,0.20786985482077452,6.888888888888889,3.034777840832814,1.0,10.0,9.0,SRTF
1113,scattered,long,6,11.166666666666666,5.07991688470939,13.0,14.333333333333334,2.5603819159562025,11.0,19.0,86.0,0.178631296449598,6.142857142857143,0.0,0.6371487939493292,0.2844868795506892,6.0,1.632993161855452,4.0,9.0,5.0,SJF_NP
1114,scattered,long,7,12.428571428571429,4.135461378894322,11.0,15.571428571428571,2.7180425129200643,11.0,19.0,109.0,0.17455318889191357,9.083333333333334,0.0,0.6553782184254731,0.3020047236577849,5.714285714285714,2.762725657973388,1.0,10.0,9.0,SRTF
1115,mixed,mixed,10,11.3,7.17007670809734,19.0,9.2,4.707440918375928,3.0,17.0,92.0,0.5116783606374185,4.6,0.2,0.641496164595133,0.3138293945583952,4.7,2.451530134426253,1.0,8.0,7.0,SRTF
1116,ordered,short,12,11.666666666666666,4.988876515698588,19.0,2.0,1.0,1.0,4.0,24.0,0.49999999975,1.2,1.0,0.7505561742150706,0.25,5.166666666666667,2.9674156357941426,1.0,10.0,9.0,SJF_NP
1117,scattered,long,7,8.714285714285714,7.20544012166771,19.0,14.571428571428571,2.1285234893930487,11.0,17.0,102.0,0.14607514141890995,5.1,0.0,0.6397279939166145,0.30407478419900696,7.0,2.2038926600773587,4.0,10.0,6.0,SJF_NP
1118,tight,short,11,17.0,0.7385489458759964,2.0,2.4545454545454546,1.1570838237598051,1.0,4.0,27.0,0.47140452059897797,9.0,1.0,0.7538170180413345,0.2892709559399513,5.363636363636363,3.023325299693798,1.0,10.0,9.0,SJF_NP
1119,clustered,mixed,8,5.625,3.6721077053920954,9.0,8.375,3.2379584617471546,3.0,13.0,67.0,0.38662190583409345,6.7,0.125,0.6327892294607904,0.29435986015883225,4.625,2.9553976043842223,2.0,10.0,8.0,SRTF
1120,ordered,medium,6,12.5,6.474308199851677,19.0,7.333333333333333,1.699673171197595,5.0,9.0,44.0,0.231773614222612,2.2,0.0,0.6762845900074161,0.339934634239519,5.666666666666667,2.8674417556808756,2.0,10.0,8.0,SJF_NP
1121,scattered,mixed,7,7.857142857142857,6.0810847582265035,16.0,12.285714285714286,3.3685217493004562,9.0,20.0,86.0,0.27418200282772,5.0588235294117645,0.0,0.6422891318690291,0.280710145775038,5.571428571428571,2.7701027756664733,2.0,10.0,8.0,SJF_NP
1122,ordered,short,6,9.333333333333334,4.422166387140534,13.0,2.6666666666666665,0.7453559924999299,2.0,4.0,16.0,0.279508497082658,1.1428571428571428,1.0,0.6841309723471047,0.24845199749997662,5.666666666666667,1.699673171197595,4.0,8.0,4.0,FCFS
1123,mixed,mixed,7,8.571428571428571,5.499536158548617,14.0,10.142857142857142,3.481730744843983,7.0,17.0,71.0,0.34326922833105633,4.733333333333333,0.0,0.633364256096759,0.3165209768039985,5.714285714285714,3.325841921949376,2.0,10.0,8.0,SJF_NP
1124,tight,short,7,2.5714285714285716,0.49487165930539345,1.0,3.142857142857143,0.989743318610787,1.0,4.0,22.0,0.3149183285486855,11.0,1.0,0.7525641703473033,0.24743582965269675,6.142857142857143,2.9485382057928993,1.0,10.0,9.0,SRTF
1125,tight,medium,7,19.142857142857142,0.6388765649999398,2.0,7.714285714285714,1.6659862556700857,5.0,10.0,54.0,0.2159611812625717,18.0,0.0,0.7870411450000201,0.2776643759450143,7.142857142857143,2.7994168488950604,3.0,10.0,7.0,SJF_NP
1126,clustered,short,5,12.0,3.286335345030997,7.0,3.2,0.7483314773547882,2.0,4.0,16.0,0.23385358660029207,2.0,1.0,0.5892080818711254,0.2494438257849294,7.0,1.6733200530681511,5.0,10.0,5.0,SJF_NP
1127,tight,short,10,3.5,0.5,1.0,2.6,1.2,1.0,4.0,26.0,0.4615384613609467,13.0,1.0,0.75,0.3,6.9,2.5475478405713994,3.0,10.0,7.0,SJF_NP
1128,scattered,mixed,10,9.1,5.61159513863928,18.0,10.5,5.463515351859094,3.0,19.0,105.0,0.5203347953655961,5.526315789473684,0.2,0.704652887440038,0.3213832559917114,6.6,2.65329983228432,3.0,10.0,7.0,SRTF
1129,ordered,medium,5,10.6,7.227724399837061,19.0,7.4,1.7435595774162693,5.0,10.0,37.0,0.23561615907846664,1.85,0.0,0.638613780008147,0.29059326290271154,5.0,2.0976176963403033,1.0,7.0,6.0,SJF_NP
1130,tight,short,10,19.7,0.45825756949558394,1.0,3.1,0.7,2.0,4.0,31.0,0.2258064515400624,15.5,1.0,0.770871215252208,0.2333333333333333,6.1,2.8792360097775935,1.0,10.0,9.0,SJF_NP
1131,clustered,short,9,9.333333333333334,2.211083193570267,5.0,2.4444444444444446,1.1653431646335017,1.0,4.0,22.0,0.4767312944277697,3.6666666666666665,1.0,0.6314861344049556,0.29133579115837543,4.444444444444445,2.3622546250521443,1.0,8.0,7.0,SJF_NP
1132,clustered,mixed,6,6.5,8.845903006477066,19.0,12.0,6.027713773341708,2.0,20.0,72.0,0.5023094810699499,3.6,0.16666666666666666,0.5577048496761468,0.31724809333377413,7.833333333333333,1.5723301886761007,5.0,10.0,5.0,SRTF
1133,tight,medium,12,9.833333333333334,0.8975274678557508,2.0,7.166666666666667,1.6244657241348273,5.0,10.0,86.0,0.22666963589416153,28.666666666666668,0.0,0.7008241773814163,0.2707442873558045,6.166666666666667,2.1921577396609844,2.0,10.0,8.0,SJF_NP
1134,scattered,long,9,12.444444444444445,5.459163776239221,15.0,16.11111111111111,2.3778816176702997,12.0,19.0,145.0,0.14759265212209907,9.0625,0.0,0.6588022639850487,0.29723520220878746,5.222222222222222,2.7799991118215117,1.0,10.0,9.0,SJF_NP
1135,scattered,mixed,5,9.2,3.6,8.0,9.2,5.706137047074843,2.0,17.0,46.0,0.6202322876581099,5.111111111111111,0.4,0.6,0.35663356544217767,5.2,2.7129319932501073,2.0,10.0,8.0,SRTF
1136,ordered,short,10,9.1,6.410148204214938,19.0,2.5,1.2041594578792296,1.0,4.0,25.0,0.48166378295902634,1.25,1.0,0.6794925897892531,0.3010398644698074,5.9,3.2388269481403293,2.0,10.0,8.0,SJF_NP
1137,clustered,short,8,15.75,4.493050188902857,11.0,2.5,1.118033988749895,1.0,4.0,20.0,0.4472135953210725,1.6666666666666667,1.0,0.6255791509247619,0.2795084971874737,4.75,2.165063509461097,1.0,8.0,7.0,SJF_NP
1138,ordered,medium,12,11.083333333333334,5.376776192312846,16.0,7.583333333333333,1.6562172428626494,5.0,10.0,91.0,0.21840227375528534,5.352941176470588,0.0,0.6837190475110091,0.2760362071437749,5.916666666666667,2.8999521068842196,1.0,10.0,9.0,SJF_NP
1139,clustered,medium,7,11.142857142857142,3.0904725218262765,7.0,8.0,1.6035674514745464,6.0,10.0,56.0,0.20044593140926256,7.0,0.0,0.6136909347717154,0.32071349029490925,6.714285714285714,1.4846149779161806,5.0,10.0,5.0,SJF_NP
1140,scattered,medium,7,9.714285714285714,4.802210375420461,12.0,6.714285714285714,1.8294640678379568,5.0,10.0,47.0,0.27247337176507197,3.6153846153846154,0.0,0.6305992018907338,0.3049106779729928,5.857142857142857,2.8996833043120622,2.0,10.0,8.0,SJF_NP
1141,tight,medium,5,12.4,0.7999999999999999,2.0,7.6,1.8547236990991407,5.0,10.0,38.0,0.2440425919546182,12.666666666666666,0.0,0.7333333333333334,0.30912061651652345,6.8,3.124099870362662,1.0,10.0,9.0,SJF_NP
1142,scattered,medium,11,10.545454545454545,6.55554777357089,20.0,8.545454545454545,1.671343300986385,5.0,10.0,94.0,0.19558272668828539,4.476190476190476,0.0,0.6878310584013863,0.27855721683106416,5.909090909090909,2.466301812045552,2.0,10.0,8.0,SJF_NP
1143,scattered,medium,12,9.416666666666666,4.855552377319071,17.0,7.333333333333333,1.3743685418725535,5.0,10.0,88.0,0.1874138920479736,4.888888888888889,0.0,0.7302470901489404,0.2290614236454256,4.333333333333333,2.5276251480171834,1.0,9.0,8.0,SJF_NP
1144,scattered,long,11,8.363636363636363,4.578064840732426,15.0,15.090909090909092,3.203820033946563,11.0,20.0,166.0,0.2123013275366077,10.375,0.0,0.7138709474542233,0.3203820033946563,6.545454545454546,2.4995867427031855,2.0,9.0,7.0,SJF_NP
1145,tight,short,8,5.375,0.6959705453537527,2.0,3.125,0.7806247497997998,2.0,4.0,25.0,0.24979991985599995,8.333333333333334,1.0,0.7680098182154158,0.2602082499332666,5.75,2.277608394786075,2.0,9.0,7.0,SJF_NP
1146,tight,medium,8,1.0,0.8660254037844386,2.0,8.0,1.4142135623730951,6.0,10.0,64.0,0.1767766952745398,21.333333333333332,0.0,0.7113248654051871,0.282842712474619,5.125,1.964529205687714,1.0,7.0,6.0,SJF_NP
1147,clustered,mixed,8,13.25,6.7592529172978875,14.0,5.75,3.897114317029974,1.0,13.0,46.0,0.6777590115395157,3.066666666666667,0.375,0.5493831388468076,0.2997780243869211,6.75,2.817356917396161,3.0,10.0,7.0,SRTF
1148,scattered,mixed,5,8.6,6.151422599691879,17.0,10.6,6.248199740725323,2.0,20.0,53.0,0.5894528056731954,2.9444444444444446,0.2,0.6582543000171178,0.32885261793291176,5.4,3.3823069050575527,1.0,9.0,8.0,SRTF
1149,tight,short,12,0.4166666666666667,0.6400954789890506,2.0,2.4166666666666665,1.3202482931462383,1.0,4.0,29.0,0.5463096383172119,9.666666666666666,1.0,0.7866348403369832,0.33006207328655957,6.416666666666667,3.0127045804208703,1.0,10.0,9.0,SJF_NP
1150,clustered,medium,11,9.090909090909092,3.553603688307648,8.0,6.636363636363637,1.2984415324623362,5.0,9.0,73.0,0.19565557335525324,8.11111111111111,0.0,0.6051551457435946,0.2596883064924672,4.909090909090909,3.4233037061386784,1.0,9.0,8.0,SJF_NP
1151,scattered,short,9,14.11111111111111,3.956554181058857,13.0,3.111111111111111,0.7370277311900889,2.0,4.0,28.0,0.2369017706635244,2.0,1.0,0.7173889870672245,0.2456759103966963,6.0,2.0548046676563256,2.0,8.0,6.0,SJF_NP
1152,scattered,short,10,12.3,5.514526271584895,16.0,2.4,1.2,1.0,4.0,24.0,0.49999999979166665,1.411764705882353,1.0,0.6756161016714768,0.3,4.1,3.080584360149872,1.0,10.0,9.0,SRTF
1153,tight,medium,10,19.8,0.4,1.0,7.0,2.0,5.0,10.0,70.0,0.2857142856734694,35.0,0.0,0.8,0.3333333333333333,5.1,2.8089143810376282,1.0,10.0,9.0,SJF_NP
1154,scattered,mixed,10,10.6,6.843975452907469,19.0,10.4,3.8781438859330635,4.0,18.0,104.0,0.3728984505346312,5.2,0.1,0.6578012273546265,0.2585429257288709,5.1,2.7367864366808017,1.0,10.0,9.0,SJF_NP
1155,scattered,medium,7,8.0,5.18238775634773,15.0,7.857142857142857,0.989743318610787,6.0,9.0,55.0,0.1259673314435225,3.4375,0.0,0.6761007652282669,0.24743582965269675,5.285714285714286,3.1943828249996997,1.0,10.0,9.0,SJF_NP
1156,scattered,mixed,6,6.5,4.193248541803041,12.0,7.0,4.43471156521669,1.0,13.0,42.0,0.63353022351188,3.230769230769231,0.3333333333333333,0.6774424198613045,0.3411316588628223,7.666666666666667,3.0912061651652345,1.0,10.0,9.0,SRTF
1157,clustered,medium,9,8.444444444444445,5.9835164523716715,13.0,7.777777777777778,2.096440251568134,5.0,10.0,70.0,0.26954231802410467,5.0,0.0,0.5726059676877377,0.34940670859468903,6.333333333333333,3.1622776601683795,1.0,10.0,9.0,SJF_NP
1158,scattered,medium,10,11.6,5.4626001134990645,15.0,7.4,1.9078784028338913,5.0,10.0,74.0,0.25782140575352297,4.625,0.0,0.6585874929063085,0.31797973380564853,3.5,2.3769728648009427,1.0,7.0,6.0,SJF_NP
1159,mixed,mixed,5,11.0,6.196773353931867,14.0,11.8,4.621688003316537,5.0,19.0,59.0,0.39166847482414135,3.933333333333333,0.0,0.5868817764045422,0.3081125335544358,6.0,3.1622776601683795,1.0,10.0,9.0,SRTF
1160,clustered,medium,12,8.333333333333334,8.853749990195618,19.0,8.0,1.0,7.0,10.0,96.0,0.124999999984375,4.8,0.0,0.5573125004902191,0.25,6.333333333333333,2.9533408577782247,1.0,10.0,9.0,SJF_NP
1161,scattered,long,12,7.75,4.511559227879721,14.0,17.416666666666668,2.3614378858841256,11.0,20.0,209.0,0.13558495037790663,13.933333333333334,0.0,0.6992293848080186,0.23614378858841256,5.416666666666667,2.32588095615881,2.0,9.0,7.0,SRTF
1162,scattered,short,5,10.2,5.528109984434102,16.0,2.2,1.16619037896906,1.0,4.0,11.0,0.5300865356540788,0.6470588235294118,1.0,0.6748170597391705,0.291547594742265,4.4,3.2,2.0,10.0,8.0,SRTF
1163,tight,short,11,12.636363636363637,0.642824346533225,2.0,2.8181818181818183,0.8331955809010617,2.0,4.0,31.0,0.2956500447309525,10.333333333333334,1.0,0.7857252178222583,0.2777318603003539,6.0,2.891995221924885,1.0,10.0,9.0,SJF_NP
1164,scattered,long,11,6.181818181818182,6.336304942991499,18.0,16.363636363636363,2.49627822140836,12.0,20.0,180.0,0.1525503357434106,9.473684210526315,0.0,0.6665102661583422,0.2773642468231511,4.545454545454546,3.08555686335948,1.0,10.0,9.0,SJF_NP
1165,mixed,mixed,7,10.0,8.5690472882679,20.0,5.857142857142857,2.849991049037143,2.0,11.0,41.0,0.4865838375574126,1.9523809523809523,0.2857142857142857,0.5919501291301,0.2849991049037143,5.285714285714286,3.1036515689143473,1.0,10.0,9.0,SRTF
1166,tight,short,5,6.6,0.8,2.0,1.6,1.2000000000000002,1.0,4.0,8.0,0.7499999995312501,2.6666666666666665,1.0,0.7333333333333334,0.30000000000000004,5.0,3.286335345030997,1.0,10.0,9.0,SJF_NP
1167,scattered,short,8,9.375,7.598313957714566,20.0,2.375,1.3169567191065923,1.0,4.0,19.0,0.5545080920219302,0.9047619047619048,1.0,0.6381755258231159,0.32923917977664807,7.625,1.4947825928876748,5.0,10.0,5.0,FCFS
1168,scattered,medium,7,11.428571428571429,6.758214955722783,16.0,8.285714285714286,1.385051387833237,6.0,10.0,58.0,0.16716137437349185,3.411764705882353,0.0,0.6024579437810127,0.27701027756664737,6.0,2.6726124191242437,3.0,9.0,6.0,SJF_NP
1169,clustered,short,10,8.9,1.57797338380595,4.0,3.1,0.7,2.0,4.0,31.0,0.2258064515400624,6.2,1.0,0.68440532323881,0.2333333333333333,5.0,3.0983866769659336,1.0,9.0,8.0,SJF_NP
1170,scattered,long,8,11.5,5.385164807134504,14.0,13.125,1.165922381636102,12.0,16.0,105.0,0.08883218145122056,7.0,0.0,0.6409890128576998,0.2331844763272204,6.125,3.1399641717701177,1.0,10.0,9.0,SJF_NP
1171,mixed,mixed,9,13.222222222222221,3.5832256659104664,11.0,12.11111111111111,4.6772367066331535,3.0,19.0,109.0,0.38619385647910676,9.083333333333334,0.1111111111111111,0.7013978611741278,0.2751315709784208,5.0,3.1269438398822866,1.0,10.0,9.0,SRTF
1172,tight,medium,5,12.8,0.7483314773547883,2.0,7.2,1.7204650534085253,5.0,10.0,36.0,0.23895347960688496,12.0,0.0,0.7505561742150706,0.28674417556808757,4.8,2.7129319932501077,3.0,10.0,7.0,SJF_NP
1173,scattered,medium,8,6.625,6.203577596838779,20.0,6.75,1.8540496217739157,5.0,10.0,54.0,0.27467401799988767,2.5714285714285716,0.0,0.7045915430076772,0.30900827029565264,5.75,3.418698582794336,1.0,10.0,9.0,SJF_NP
1174,clustered,short,11,10.090909090909092,0.51425947722658,2.0,2.272727272727273,1.28564869306645,1.0,4.0,25.0,0.5656854247003363,8.333333333333334,1.0,0.8285801742578066,0.3214121732666125,6.2727272727272725,3.0178532132177875,1.0,10.0,9.0,SRTF
1175,clustered,short,6,11.0,6.377042156569663,14.0,3.8333333333333335,0.3726779962499649,3.0,4.0,23.0,0.09722034682245509,1.5333333333333334,1.0,0.5748638562286892,0.18633899812498245,5.333333333333333,2.9249881291307074,1.0,9.0,8.0,SJF_NP
1176,scattered,short,9,7.333333333333333,5.811865258054231,18.0,2.5555555555555554,0.9558139185602919,1.0,4.0,23.0,0.37401414189897825,1.2105263157894737,1.0,0.6941123548392509,0.23895347964007296,4.888888888888889,1.7916128329552332,2.0,8.0,6.0,SRTF
1177,clustered,mixed,7,11.428571428571429,2.610809554642438,7.0,12.285714285714286,6.016982768186482,2.0,20.0,86.0,0.4897544113241522,10.75,0.14285714285714285,0.6736488056696952,0.31668330358876223,5.142857142857143,2.8996833043120627,1.0,9.0,8.0,SJF_NP
1178,ordered,short,7,5.142857142857143,4.356557337707688,10.0,1.8571428571428572,0.8329931278350429,1.0,3.0,13.0,0.44853476090042743,1.1818181818181819,1.0,0.6039493329356647,0.2776643759450143,5.714285714285714,2.657296462534039,2.0,10.0,8.0,SJF_NP
1179,scattered,medium,9,8.777777777777779,5.1806858786110075,14.0,7.777777777777778,1.4740554623801776,5.0,10.0,70.0,0.1895214165673701,4.666666666666667,0.0,0.6546209414259329,0.24567591039669626,4.666666666666667,2.3570226039551585,2.0,10.0,8.0,SJF_NP
1180,tight,short,10,14.2,0.8717797887081348,2.0,2.1,1.1357816691600546,1.0,4.0,21.0,0.5408484136281934,7.0,1.0,0.7094067370972884,0.28394541729001366,5.7,2.5709920264364885,1.0,10.0,9.0,SJF_NP
1181,tight,medium,10,3.2,0.7483314773547882,2.0,7.2,1.4,5.0,9.0,72.0,0.19444444441743824,24.0,0.0,0.7505561742150706,0.27999999999999997,4.5,3.0413812651491097,1.0,9.0,8.0,SRTF
1182,ordered,medium,9,7.0,5.715476066494082,16.0,8.333333333333334,1.3333333333333333,6.0,10.0,75.0,0.15999999998079997,4.411764705882353,0.0,0.663795525500348,0.26666666666666666,7.111111111111111,2.5141574442188355,2.0,10.0,8.0,SJF_NP
1183,ordered,short,9,11.11111111111111,5.020943790086669,15.0,2.0,0.9428090415820634,1.0,4.0,18.0,0.4714045205553294,1.125,1.0,0.6861910131195832,0.23570226039551584,5.222222222222222,3.154459903684087,1.0,10.0,9.0,SRTF
1184,mixed,mixed,12,8.5,5.795112883571237,19.0,7.416666666666667,5.187458165828638,1.0,20.0,89.0,0.6994325615904546,4.45,0.25,0.7102443558214382,0.2593729082914319,6.25,2.947456530637899,2.0,10.0,8.0,SJF_NP
1185,clustered,short,7,13.571428571428571,5.703561365050608,12.0,2.5714285714285716,1.049781318335648,1.0,4.0,18.0,0.4082482903050998,1.3846153846153846,1.0,0.5612645103807224,0.262445329583912,3.142857142857143,1.6413036132965795,1.0,6.0,5.0,SJF_NP
1186,scattered,short,10,9.4,5.9363288318623315,19.0,2.3,1.1,1.0,4.0,23.0,0.47826086935727796,1.15,1.0,0.7031835584068834,0.275,6.5,3.0413812651491097,1.0,10.0,9.0,SJF_NP
1187,clustered,medium,9,16.555555555555557,5.519885488166319,18.0,8.88888888888889,1.5234788000891208,5.0,10.0,80.0,0.17139136499074456,4.2105263157894735,0.0,0.7094797111491411,0.2539131333481868,5.444444444444445,2.1140330656044943,2.0,8.0,6.0,SJF_NP
1188,ordered,short,10,7.7,5.710516614107694,17.0,2.7,1.1,1.0,4.0,27.0,0.40740740725651575,1.5,1.0,0.682749076994017,0.275,6.1,2.773084924772409,1.0,10.0,9.0,SJF_NP
1189,scattered,long,9,6.777777777777778,5.26577582714346,17.0,15.777777777777779,3.0469576001782417,11.0,20.0,142.0,0.19311703098497268,7.888888888888889,0.0,0.70745689849203,0.30469576001782417,4.444444444444445,3.2697642154582582,1.0,10.0,9.0,SJF_NP
1190,ordered,medium,7,9.857142857142858,4.672979209656036,14.0,6.857142857142857,1.2453996981544782,5.0,9.0,48.0,0.18162078928770836,3.2,0.0,0.6884680526895977,0.24907993963089564,5.571428571428571,3.7361990944634345,1.0,10.0,9.0,SJF_NP
1191,tight,medium,7,11.285714285714286,0.6998542122237652,2.0,7.428571428571429,1.178030178747903,5.0,9.0,52.0,0.1585809855793318,17.333333333333332,0.0,0.7667152625920782,0.2356060357495806,6.0,3.116774889895918,1.0,10.0,9.0,SJF_NP
1192,scattered,medium,10,9.5,5.835237784358063,15.0,8.5,1.6278820596099706,5.0,10.0,85.0,0.19151553640217117,5.3125,0.0,0.635297638477621,0.2713136766016618,6.2,2.8913664589601926,1.0,10.0,9.0,SJF_NP
1193,tight,medium,7,6.571428571428571,0.7284313590846836,2.0,7.714285714285714,1.749635530559413,5.0,10.0,54.0,0.2268046057838566,18.0,0.0,0.7571895469717721,0.29160592175990213,7.285714285714286,1.905952009160905,4.0,10.0,6.0,SJF_NP
1194,tight,medium,5,12.2,0.7483314773547883,2.0,7.2,1.9390719429665317,5.0,10.0,36.0,0.26931554759683557,12.0,0.0,0.7505561742150706,0.3231786571610886,6.4,3.7202150475476548,1.0,10.0,9.0,SJF_NP
1195,scattered,short,9,13.777777777777779,5.632796380282922,18.0,2.2222222222222223,0.9162456945817024,1.0,4.0,20.0,0.41231056237622626,1.0526315789473684,1.0,0.7035370326166883,0.2290614236454256,5.111111111111111,3.5101264442069584,1.0,10.0,9.0,SJF_NP
1196,tight,short,7,10.714285714285714,0.6998542122237652,2.0,3.142857142857143,0.9897433186107869,1.0,4.0,22.0,0.31491832854868546,7.333333333333333,1.0,0.7667152625920782,0.24743582965269673,3.857142857142857,3.602720060833855,1.0,10.0,9.0,SRTF
1197,ordered,medium,9,11.444444444444445,5.599823630379624,18.0,6.333333333333333,1.5634719199411433,5.0,10.0,57.0,0.2468639873201494,3.0,0.0,0.7052724405063355,0.26057865332352387,6.555555555555555,2.1659542988464366,2.0,10.0,8.0,SJF_NP
1198,clustered,medium,9,12.444444444444445,3.744955454745048,10.0,6.444444444444445,1.640535895581489,5.0,9.0,58.0,0.25456591479210877,5.2727272727272725,0.0,0.6595495041140866,0.32810717911629783,5.0,3.0912061651652345,1.0,10.0,9.0,SRTF
1199,mixed,mixed,5,10.6,3.3823069050575527,9.0,15.2,4.261455150532504,10.0,19.0,76.0,0.28035889146395687,7.6,0.0,0.6617693094942447,0.4261455150532504,5.2,2.3151673805580453,3.0,8.0,5.0,SJF_NP
1200,clustered,medium,7,9.428571428571429,1.9166296949998198,6.0,7.428571428571429,1.498298354528788,5.0,10.0,52.0,0.20169400923633957,7.428571428571429,0.0,0.7261957578571686,0.24971639242146468,4.285714285714286,2.4327694808466287,1.0,8.0,7.0,SJF_NP
1201,scattered,medium,8,11.25,6.199798383818623,15.0,8.125,1.6909686573085854,5.0,10.0,65.0,0.20811921933544197,4.0625,0.0,0.6125126010113361,0.2818281095514309,2.375,1.3169567191065923,1.0,4.0,3.0,SRTF
1202,scattered,mixed,12,13.916666666666666,5.808877305947815,20.0,10.916666666666666,6.726295827240691,2.0,20.0,131.0,0.6161492360266756,6.238095238095238,0.3333333333333333,0.7233867949548659,0.3540155698547732,5.75,2.419538523492996,3.0,10.0,7.0,SRTF
1203,ordered,medium,5,14.4,5.314132102234569,14.0,7.6,1.4966629547095764,5.0,9.0,38.0,0.19692933612008515,2.533333333333333,0.0,0.6457245265176954,0.2993325909419153,5.4,2.870540018881465,2.0,9.0,7.0,SRTF
1204,scattered,medium,10,7.5,3.8013155617496426,12.0,8.8,1.32664991614216,6.0,10.0,88.0,0.1507556722717505,6.769230769230769,0.0,0.7075911106346429,0.26532998322843204,6.4,2.835489375751565,2.0,10.0,8.0,SJF_NP
1205,ordered,short,6,10.0,4.725815626252608,15.0,3.0,0.816496580927726,2.0,4.0,18.0,0.2721655268851868,1.125,1.0,0.704636523359212,0.2721655269759087,4.666666666666667,3.5433819375782165,1.0,10.0,9.0,SJF_NP
1206,clustered,medium,6,10.333333333333334,4.642796092394706,13.0,8.833333333333334,0.6871842709362768,8.0,10.0,53.0,0.07779444575756403,3.7857142857142856,0.0,0.6683717076860924,0.2290614236454256,7.333333333333333,1.247219128924647,5.0,9.0,4.0,SJF_NP
1207,scattered,short,8,12.5,3.9370039370059056,12.0,1.875,1.2686114456365274,1.0,4.0,15.0,0.6765927706452984,1.1538461538461537,1.0,0.697153543307238,0.31715286140913185,4.25,2.277608394786075,1.0,8.0,7.0,SRTF
1208,tight,medium,7,9.571428571428571,0.4948716593053935,1.0,8.142857142857142,1.6413036132965795,5.0,10.0,57.0,0.20156360160815986,28.5,0.0,0.7525641703473033,0.27355060221609656,5.428571428571429,2.610809554642438,2.0,9.0,7.0,SJF_NP
1209,ordered,medium,11,5.818181818181818,4.427562058867607,16.0,7.545454545454546,1.6713433009863852,5.0,10.0,83.0,0.2215033290170325,4.882352941176471,0.0,0.7395551730077878,0.2785572168310642,3.8181818181818183,1.7486712783337588,1.0,7.0,6.0,SRTF
1210,ordered,medium,11,8.909090909090908,4.94431805123169,14.0,7.909090909090909,1.9750509984000393,5.0,10.0,87.0,0.2497190917201554,5.8,0.0,0.670378796584554,0.32917516640000655,5.545454545454546,3.7746435440048534,1.0,10.0,9.0,SJF_NP
1211,mixed,mixed,9,12.0,6.666666666666667,19.0,10.777777777777779,5.411464738615964,4.0,20.0,97.0,0.5020946664229363,4.85,0.1111111111111111,0.6666666666666666,0.3183214552127038,4.666666666666667,2.581988897471611,1.0,8.0,7.0,SRTF
1212,ordered,medium,5,6.2,3.867815921162743,11.0,7.2,1.16619037896906,6.0,9.0,36.0,0.16197088594542902,3.0,0.0,0.6776820065697714,0.291547594742265,5.2,2.6381811916545836,1.0,9.0,8.0,SJF_NP
1213,scattered,long,5,8.4,7.116178749862878,17.0,14.6,1.8547236990991407,11.0,16.0,73.0,0.12703586979260992,4.055555555555555,0.0,0.6046567361187289,0.30912061651652345,7.2,2.4819347291981715,4.0,10.0,6.0,SJF_NP
1214,mixed,mixed,10,9.7,4.561797891182818,15.0,12.0,5.9497899122574065,1.0,19.0,120.0,0.4958158259801326,7.5,0.2,0.714887631801074,0.31314683748723193,5.4,3.1368774282716245,2.0,10.0,8.0,SJF_NP
1215,tight,short,10,9.0,0.7745966692414834,2.0,2.4,0.9165151389911681,1.0,4.0,24.0,0.38188130775386947,8.0,1.0,0.7418011102528388,0.22912878474779202,4.8,3.1240998703626617,1.0,10.0,9.0,SJF_NP
1216,clustered,short,10,1.7,5.1000000000000005,17.0,2.4,1.1135528725660044,1.0,4.0,24.0,0.46398036337584336,1.3333333333333333,1.0,0.7166666666666666,0.2783882181415011,5.0,3.3166247903554,1.0,10.0,9.0,SRTF
1217,scattered,short,10,12.0,5.0990195135927845,20.0,2.8,1.077032961426901,1.0,4.0,28.0,0.3846546289436594,1.3333333333333333,1.0,0.7571895469717722,0.26925824035672524,4.6,2.0591260281974,1.0,7.0,6.0,SJF_NP
1218,scattered,mixed,10,5.8,4.66476151587624,13.0,11.3,5.3113086899558,1.0,20.0,113.0,0.4700273176536082,8.071428571428571,0.1,0.6668027488659829,0.26556543449779,6.6,3.3823069050575527,2.0,10.0,8.0,SRTF
1219,scattered,short,6,10.0,4.281744192888376,13.0,3.0,1.0,1.0,4.0,18.0,0.3333333332222222,1.2857142857142858,1.0,0.6941611290794016,0.25,6.333333333333333,3.815174380753199,1.0,10.0,9.0,SRTF
1220,clustered,short,9,4.666666666666667,4.737556801183965,11.0,1.6666666666666667,0.816496580927726,1.0,3.0,15.0,0.4898979482626968,1.25,1.0,0.6052035999013363,0.2721655269759087,4.333333333333333,2.5385910352879693,1.0,9.0,8.0,SJF_NP
1221,clustered,mixed,8,11.375,3.6721077053920954,9.0,7.5,5.172040216394301,2.0,19.0,60.0,0.6896053620939594,6.0,0.25,0.6327892294607904,0.28733556757746115,5.625,3.1598061649411346,2.0,10.0,8.0,SRTF
1222,tight,medium,12,10.75,0.82915619758885,2.0,7.916666666666667,1.3819269959814167,5.0,10.0,95.0,0.17455919947033988,31.666666666666668,0.0,0.7236146008037168,0.23032116599690278,5.5,3.227486121839514,1.0,10.0,9.0,SRTF
1223,clustered,short,12,9.75,5.101061980934297,11.0,2.4166666666666665,1.1873172373979173,1.0,4.0,29.0,0.49130368423721943,2.4166666666666665,1.0,0.5749115015888087,0.2968293093494793,6.0,2.943920288775949,1.0,10.0,9.0,SJF_NP
1224,ordered,medium,7,5.714285714285714,3.1036515689143473,9.0,6.142857142857143,1.4568627181693672,5.0,9.0,43.0,0.2371636982680331,4.3,0.0,0.6896348431085653,0.29137254363387344,6.428571428571429,2.381904571504724,3.0,9.0,6.0,SJF_NP
1225,clustered,short,6,14.333333333333334,3.0912061651652345,7.0,2.0,1.1547005383792515,1.0,4.0,12.0,0.5773502689009505,1.5,1.0,0.6135992293543457,0.28867513459481287,5.166666666666667,1.863389981249825,2.0,8.0,6.0,FCFS
1226,scattered,short,5,9.8,4.791659420284375,14.0,1.8,0.7483314773547883,1.0,3.0,9.0,0.4157397094105825,0.6,1.0,0.6805560386477083,0.24944382578492943,5.4,1.3564659966250536,4.0,8.0,4.0,FCFS
1227,ordered,medium,12,9.0,5.196152422706632,15.0,7.25,1.7853571071357126,5.0,10.0,87.0,0.24625615267440779,5.4375,0.0,0.6752404735808355,0.2975595178559521,5.25,2.1262251370288454,2.0,10.0,8.0,SJF_NP
1228,clustered,short,7,9.571428571428571,8.748177652797064,18.0,2.0,0.7559289460184544,1.0,3.0,14.0,0.3779644728202449,0.7368421052631579,1.0,0.5395695972212071,0.2519763153394848,6.142857142857143,2.747912008810192,1.0,9.0,8.0,SJF_NP
1229,clustered,medium,10,8.1,2.0223748416156684,5.0,7.8,1.5362291495737217,5.0,10.0,78.0,0.19695245504830375,13.0,0.0,0.6629375263973887,0.2560381915956203,5.4,2.9393876913398134,1.0,9.0,8.0,SRTF
1230,clustered,mixed,12,7.75,4.105382645584534,9.0,9.5,6.910137480542627,1.0,20.0,114.0,0.727382892612131,11.4,0.3333333333333333,0.5894617354415466,0.3455068740271313,5.75,2.947456530637899,1.0,10.0,9.0,SRTF
1231,tight,short,9,0.4444444444444444,0.4969039949999533,1.0,2.6666666666666665,1.1547005383792515,1.0,4.0,24.0,0.4330127017298395,12.0,1.0,0.7515480025000234,0.28867513459481287,4.222222222222222,1.7497795275581802,2.0,8.0,6.0,SJF_NP
1232,clustered,mixed,5,9.0,5.019960159204453,13.0,8.2,8.059776671843954,1.0,19.0,41.0,0.9828995940074458,2.9285714285714284,0.6,0.6414314171996819,0.4241987722023134,8.0,2.0976176963403033,5.0,10.0,5.0,SRTF
1233,scattered,long,7,10.571428571428571,6.86309265683675,19.0,15.714285714285714,2.602981022612657,12.0,20.0,110.0,0.16564424688299173,5.5,0.0,0.6568453671581624,0.28922011362362854,6.142857142857143,1.355261854357877,4.0,8.0,4.0,SRTF
1234,mixed,mixed,12,8.5,6.461423991660043,20.0,9.416666666666666,4.554454473979903,2.0,16.0,113.0,0.4836588821411941,5.380952380952381,0.16666666666666666,0.6923131432542837,0.3036302982653269,4.333333333333333,2.211083193570267,2.0,10.0,8.0,SRTF
1235,clustered,medium,7,16.428571428571427,5.653245410688394,13.0,7.142857142857143,1.64130361329658,5.0,10.0,50.0,0.2297825058293516,3.5714285714285716,0.0,0.5961967563794004,0.27355060221609667,7.0,1.5118578920369088,5.0,9.0,4.0,SRTF
1236,tight,medium,5,5.8,0.7483314773547882,2.0,8.2,1.5999999999999999,6.0,10.0,41.0,0.19512195119571685,13.666666666666666,0.0,0.7505561742150706,0.31999999999999995,4.8,3.3704599092705436,1.0,9.0,8.0,SJF_NP
1237,scattered,medium,8,5.75,5.717298313014636,14.0,8.5,1.5811388300841898,5.0,10.0,68.0,0.18601633292919686,4.533333333333333,0.0,0.6188467791323575,0.26352313834736496,6.5,2.7386127875258306,1.0,10.0,9.0,SJF_NP
1238,clustered,mixed,9,10.666666666666666,6.616477747093069,15.0,8.222222222222221,6.267691011631313,1.0,20.0,74.0,0.7622867445651519,4.625,0.3333333333333333,0.5864701408066832,0.31338455058156567,4.0,3.0912061651652345,1.0,10.0,9.0,SRTF
1239,clustered,mixed,5,17.0,6.0,15.0,11.6,6.1838499334961226,1.0,18.0,58.0,0.5330905114623303,3.625,0.2,0.625,0.34354721852756237,5.6,1.9595917942265424,3.0,9.0,6.0,SJF_NP
1240,scattered,long,7,8.428571428571429,4.624689730353899,16.0,14.142857142857142,2.356060357495806,12.0,18.0,99.0,0.16659012627580316,5.823529411764706,0.0,0.7279594276262412,0.33658005107082944,6.285714285714286,3.1036515689143473,1.0,10.0,9.0,SJF_NP
1241,clustered,short,9,12.555555555555555,3.80383172636082,10.0,2.2222222222222223,1.227262335243029,1.0,4.0,20.0,0.5522680506108424,1.8181818181818181,1.0,0.65419711578538,0.30681558381075724,7.222222222222222,2.096440251568134,3.0,10.0,7.0,SJF_NP
1242,scattered,medium,7,12.571428571428571,4.370588154508101,13.0,6.714285714285714,1.2777531299998797,5.0,9.0,47.0,0.19030365763121343,3.357142857142857,0.0,0.6878151318208499,0.2555506259999759,4.714285714285714,2.5475077857324298,1.0,8.0,7.0,SJF_NP
1243,clustered,medium,6,5.5,5.5,11.0,8.0,1.9148542155126762,5.0,10.0,48.0,0.23935677690916493,4.0,0.0,0.5416666666666667,0.3191423692521127,5.666666666666667,3.144660377352201,2.0,10.0,8.0,SJF_NP
1244,clustered,short,12,9.333333333333334,5.185449728701348,11.0,2.4166666666666665,1.3202482931462383,1.0,4.0,29.0,0.5463096383172119,2.4166666666666665,1.0,0.5678791892748876,0.33006207328655957,6.083333333333333,2.9849157814287195,1.0,10.0,9.0,SJF_NP
1245,tight,short,5,6.0,0.8944271909999159,2.0,3.0,0.6324555320336759,2.0,4.0,15.0,0.2108185106076191,5.0,1.0,0.7018576030000281,0.21081851067789195,4.4,3.261901286060018,1.0,10.0,9.0,SJF_NP
1246,mixed,mixed,12,6.333333333333333,3.636237371545238,13.0,9.583333333333334,6.76336126164761,1.0,20.0,115.0,0.705742044620021,8.214285714285714,0.3333333333333333,0.7402687591753401,0.3381680630823805,5.75,2.384848003542364,2.0,10.0,8.0,SRTF
1247,scattered,long,7,11.857142857142858,6.033917737697965,17.0,15.714285714285714,2.813959371941744,11.0,19.0,110.0,0.1790701418394429,6.111111111111111,0.0,0.6647823479056687,0.3126621524379716,6.428571428571429,2.6649654437396615,3.0,10.0,7.0,SJF_NP
1248,tight,short,10,19.3,0.7810249675906655,2.0,2.2,1.077032961426901,1.0,4.0,22.0,0.4895604367897002,7.333333333333333,1.0,0.7396583441364448,0.26925824035672524,5.2,2.1354156504062622,2.0,8.0,6.0,SJF_NP
1249,tight,short,10,5.1,0.8306623862918076,2.0,2.4,1.2806248474865698,1.0,4.0,24.0,0.5335936862304067,8.0,1.0,0.7231125379027308,0.32015621187164245,5.5,3.170173496829472,1.0,10.0,9.0,SJF_NP
1250,mixed,mixed,7,13.285714285714286,6.983946606617323,19.0,12.142857142857142,4.642307659791978,3.0,18.0,85.0,0.38230768959844347,4.25,0.14285714285714285,0.6508026696691338,0.29014422873699863,6.142857142857143,2.695423180587601,1.0,10.0,9.0,SRTF
1251,clustered,medium,7,12.571428571428571,3.2450904833144416,8.0,7.857142857142857,1.7261494247992246,5.0,10.0,55.0,0.21969174494648602,6.111111111111111,0.0,0.6394343907428398,0.2876915707998708,5.571428571428571,2.4411439272335804,3.0,9.0,6.0,SRTF
1252,clustered,mixed,6,12.833333333333334,5.177408189003022,11.0,10.5,5.678908345800274,4.0,19.0,63.0,0.540848413834231,5.25,0.16666666666666666,0.5685493175830816,0.3549317716125171,6.666666666666667,2.8087165910587863,1.0,10.0,9.0,SRTF
1253,ordered,medium,10,10.7,6.067124524847006,19.0,7.6,2.0591260281974,5.0,10.0,76.0,0.2709376352534819,3.8,0.0,0.6966437737576497,0.34318767136623335,4.7,2.570992026436488,1.0,10.0,9.0,SRTF
1254,scattered,short,10,8.6,5.257375771237966,18.0,2.0,1.0954451150103321,1.0,4.0,20.0,0.5477225572313048,1.0526315789473684,1.0,0.7232960120401071,0.27386127875258304,6.7,3.407345007480164,1.0,10.0,9.0,SJF_NP
1255,ordered,medium,12,8.5,5.909032633745278,17.0,7.333333333333333,1.699673171197595,5.0,10.0,88.0,0.231773614222612,4.888888888888889,0.0,0.6717204092363734,0.28327886186626583,5.416666666666667,3.1743328257901515,1.0,10.0,9.0,SJF_NP
1256,clustered,mixed,10,9.7,2.9342801502242417,8.0,10.6,6.468384651518493,2.0,20.0,106.0,0.6102249670668177,11.777777777777779,0.3,0.6739688721973065,0.34044129744834173,6.0,2.5298221281347035,3.0,10.0,7.0,SJF_NP
1257,tight,medium,8,6.25,0.6614378277661477,2.0,6.75,1.0897247358851685,5.0,8.0,54.0,0.1614407015887004,18.0,0.0,0.7795207240779508,0.2724311839712921,4.875,2.027159342528357,2.0,8.0,6.0,SJF_NP
1258,mixed,mixed,5,10.4,5.851495535331117,16.0,15.8,2.481934729198171,13.0,20.0,79.0,0.15708447652158775,4.647058823529412,0.0,0.6557943802746402,0.3102418411497714,6.2,2.3151673805580453,3.0,9.0,6.0,SJF_NP
1259,scattered,long,11,7.090909090909091,5.930729611018214,17.0,16.0,2.412090756622109,13.0,19.0,176.0,0.15075567227945957,9.777777777777779,0.0,0.6705150216100992,0.3445843938031584,4.909090909090909,2.1513017393089515,1.0,8.0,7.0,SJF_NP
1260,scattered,long,6,12.5,5.880759588125784,18.0,16.333333333333332,1.5986105077709065,14.0,19.0,98.0,0.09787411271467546,5.157894736842105,0.0,0.690486337467064,0.2664350846284844,5.666666666666667,2.4267032964268394,3.0,9.0,6.0,SJF_NP
1261,ordered,short,6,9.166666666666666,5.07991688470939,16.0,1.5,0.7637626158259734,1.0,3.0,9.0,0.5091750768778655,0.5294117647058824,1.0,0.701181359722977,0.2545875386086578,5.5,2.5,1.0,9.0,8.0,SRTF
1262,tight,short,12,3.0,0.816496580927726,2.0,2.0833333333333335,1.1873172373979173,1.0,4.0,25.0,0.5699122736774423,8.333333333333334,1.0,0.7278344730240913,0.2968293093494793,6.0,2.886751345948129,1.0,10.0,9.0,SJF_NP
1263,scattered,long,5,14.2,4.578209256903839,14.0,16.4,1.854723699099141,15.0,20.0,82.0,0.11309290847475903,5.466666666666667,0.0,0.6947860495397441,0.3091206165165235,7.2,2.039607805437114,4.0,10.0,6.0,FCFS
1264,scattered,mixed,9,8.0,6.5149400952306875,18.0,10.0,4.570436400267363,2.0,15.0,90.0,0.457043639981032,4.7368421052631575,0.2222222222222222,0.6571084160404901,0.32645974287624024,5.222222222222222,2.0427529234278037,3.0,10.0,7.0,SJF_NP
1265,ordered,medium,9,11.0,6.531972647421808,19.0,7.444444444444445,1.5713484026367723,5.0,10.0,67.0,0.21107665107210838,3.35,0.0,0.6734013676289096,0.2618914004394621,5.666666666666667,2.9059326290271157,1.0,10.0,9.0,SJF_NP
1266,clustered,medium,8,13.375,6.632071697441154,14.0,7.875,2.2603926650031405,5.0,10.0,63.0,0.28703398917029926,4.2,0.0,0.5578618868372563,0.37673211083385677,5.25,1.920286436967152,2.0,8.0,6.0,SRTF
1267,ordered,short,11,9.545454545454545,4.658591991025076,16.0,2.909090909090909,0.9958591954639383,1.0,4.0,32.0,0.342326598323054,1.8823529411764706,1.0,0.7259651769985249,0.24896479886598458,5.454545454545454,2.3496087242400154,2.0,9.0,7.0,SJF_NP
1268,ordered,short,5,15.4,3.7202150475476548,9.0,2.6,1.019803902718557,1.0,4.0,13.0,0.3922322701255095,1.3,1.0,0.6279784952452345,0.25495097567963926,7.2,2.4819347291981715,4.0,10.0,6.0,SJF_NP
1269,ordered,medium,9,5.444444444444445,4.4748956812449485,14.0,8.0,1.699673171197595,5.0,10.0,72.0,0.21245914637314198,4.8,0.0,0.7016736212503367,0.28327886186626583,4.666666666666667,2.581988897471611,2.0,10.0,8.0,SRTF
1270,clustered,medium,12,8.333333333333334,8.259674462242577,18.0,7.083333333333333,1.552328000849763,5.0,10.0,85.0,0.21915218832432154,4.473684210526316,0.0,0.565280291460917,0.2587213334749605,4.916666666666667,1.8008485654145256,2.0,7.0,5.0,SJF_NP
1271,tight,short,6,4.833333333333333,0.8975274678557507,2.0,3.0,1.0,2.0,4.0,18.0,0.3333333332222222,6.0,1.0,0.7008241773814164,0.3333333333333333,6.0,1.632993161855452,3.0,8.0,5.0,SJF_NP
1272,scattered,medium,7,11.0,5.398412465054624,16.0,8.0,1.1952286093343936,6.0,10.0,56.0,0.14940357614812375,3.2941176470588234,0.0,0.6824463255850222,0.23904572186687872,4.0,2.390457218668787,2.0,9.0,7.0,SJF_NP
1273,scattered,long,6,11.666666666666666,4.422166387140534,14.0,16.166666666666668,2.608745973749755,11.0,19.0,97.0,0.161365730325055,6.466666666666667,0.0,0.7051889075239643,0.28986066374997277,6.0,2.0816659994661326,3.0,9.0,6.0,SRTF
1274,clustered,medium,10,11.3,3.950949253027682,9.0,8.1,1.7,5.0,10.0,81.0,0.20987654318396587,8.1,0.0,0.6049050746972318,0.2833333333333333,6.6,1.9595917942265424,3.0,9.0,6.0,SRTF
1275,clustered,medium,11,12.0,1.954016841836789,5.0,7.0,1.5374122295716148,5.0,10.0,77.0,0.21963031847885492,12.833333333333334,0.0,0.6743305263605353,0.25623537159526916,5.545454545454546,2.535695578360246,1.0,10.0,9.0,SJF_NP
1276,clustered,short,5,11.2,0.4,1.0,3.2,1.16619037896906,1.0,4.0,16.0,0.36443449331394545,8.0,1.0,0.8,0.291547594742265,5.0,1.2649110640673518,3.0,6.0,3.0,SJF_NP
1277,scattered,medium,9,9.0,5.773502691896258,16.0,8.0,1.632993161855452,5.0,10.0,72.0,0.20412414520641597,4.235294117647059,0.0,0.6603821945943378,0.2721655269759087,7.0,2.1081851067789197,4.0,10.0,6.0,SJF_NP
1278,mixed,mixed,9,12.777777777777779,6.160407233612938,19.0,10.88888888888889,6.822258414670556,1.0,19.0,98.0,0.6265339359836347,4.9,0.3333333333333333,0.691979638319353,0.3590662323510819,6.555555555555555,2.543449587168799,3.0,10.0,7.0,SRTF
1279,tight,short,5,10.6,0.48989794855663565,1.0,2.4,1.3564659966250538,1.0,4.0,12.0,0.5651941650249416,6.0,1.0,0.7550510257216821,0.33911649915626346,4.2,2.3151673805580453,1.0,8.0,7.0,SJF_NP
1280,clustered,mixed,6,2.5,0.5,1.0,7.666666666666667,4.533823502911814,2.0,14.0,46.0,0.5913682829113625,23.0,0.3333333333333333,0.75,0.3487556540701396,4.5,2.217355782608345,1.0,8.0,7.0,SJF_NP
1281,tight,medium,9,6.888888888888889,0.8748897637790901,2.0,8.0,2.1081851067789197,5.0,10.0,72.0,0.2635231383144246,24.0,0.0,0.7083700787403033,0.35136418446315326,6.333333333333333,2.494438257849294,2.0,10.0,8.0,SJF_NP
1282,clustered,short,11,7.0,7.675225788801975,16.0,2.5454545454545454,0.8907235428302466,1.0,4.0,28.0,0.34992710597441123,1.6470588235294117,1.0,0.5485161300704721,0.22268088570756164,7.2727272727272725,2.259964162664737,3.0,10.0,7.0,SJF_NP
1283,clustered,short,6,8.333333333333334,2.6246692913372702,6.0,2.5,0.9574271077563381,1.0,4.0,15.0,0.3829708429493469,2.142857142857143,1.0,0.6250472440946757,0.23935677693908453,8.0,1.5275252316519468,6.0,10.0,4.0,SRTF
1284,tight,short,10,11.9,0.8306623862918074,2.0,2.9,1.2206555615733703,1.0,4.0,29.0,0.4209157107422257,9.666666666666666,1.0,0.7231125379027308,0.3051638903933426,5.2,2.7856776554368237,1.0,9.0,8.0,SJF_NP
1285,ordered,short,5,10.4,5.083306010855534,16.0,2.0,1.2649110640673518,1.0,4.0,10.0,0.6324555317174481,0.5882352941176471,1.0,0.7009819993614392,0.31622776601683794,5.0,3.1622776601683795,1.0,9.0,8.0,FCFS
1286,mixed,mixed,7,6.0,4.035556254807296,12.0,10.571428571428571,2.0603150145508513,7.0,13.0,74.0,0.19489466352015805,5.6923076923076925,0.0,0.6895725957840542,0.29433071636440733,4.142857142857143,1.8070158058105026,1.0,7.0,6.0,SJF_NP
1287,tight,short,10,13.9,0.8306623862918074,2.0,1.7,1.004987562112089,1.0,4.0,17.0,0.5911691538358351,5.666666666666667,1.0,0.7231125379027308,0.25124689052802224,6.8,2.5612496949731396,1.0,10.0,9.0,SJF_NP
1288,scattered,medium,9,10.666666666666666,4.396968652757639,12.0,7.111111111111111,1.6629588385661962,5.0,10.0,64.0,0.2338535866404857,4.923076923076923,0.0,0.6617716420955662,0.2771598064276994,4.777777777777778,2.3465235646603197,1.0,8.0,7.0,SJF_NP
1289,scattered,medium,11,8.090909090909092,3.6792920626996475,12.0,7.363636363636363,1.6663911618021234,5.0,10.0,81.0,0.2263000342880748,6.230769230769231,0.0,0.7169775336384887,0.2777318603003539,4.7272727272727275,3.1934851036818714,1.0,10.0,9.0,SJF_NP
1290,scattered,long,6,13.5,3.1490739379485304,9.0,14.333333333333334,2.494438257849294,11.0,17.0,86.0,0.17403057611687883,8.6,0.0,0.685092606205147,0.3563483225498992,3.8333333333333335,1.7716909687891083,1.0,6.0,5.0,SJF_NP
1291,mixed,mixed,9,9.666666666666666,7.102425250887506,18.0,13.0,5.637178175095921,1.0,18.0,117.0,0.43362909035863784,6.157894736842105,0.1111111111111111,0.6261881446901313,0.3131765652831067,5.888888888888889,2.4241582476968255,2.0,10.0,8.0,SRTF
1292,scattered,medium,5,10.2,2.7129319932501073,6.0,7.6,1.624807680927192,5.0,10.0,38.0,0.21379048430439496,5.428571428571429,0.0,0.612438286678556,0.27080128015453203,6.6,3.0724582991474434,2.0,10.0,8.0,FCFS
1293,ordered,medium,10,7.9,7.2034713853808015,20.0,6.6,1.2806248474865698,5.0,9.0,66.0,0.19403406777159632,3.142857142857143,0.0,0.6569775530771047,0.25612496949731395,3.9,3.1128764832546763,1.0,10.0,9.0,SRTF
1294,clustered,medium,5,7.8,5.979966555090421,13.0,7.0,1.0954451150103321,6.0,9.0,35.0,0.15649215926483429,2.5,0.0,0.5728595317792556,0.27386127875258304,5.6,2.939387691339814,1.0,10.0,9.0,SJF_NP
1295,clustered,medium,8,8.125,5.134138194478212,12.0,8.75,1.0897247358851685,7.0,10.0,70.0,0.12453996980121469,5.384615384615385,0.0,0.6050662927324453,0.2724311839712921,6.375,2.7357585785299112,1.0,9.0,8.0,SJF_NP
1296,scattered,medium,8,13.125,5.967359131140006,19.0,7.75,1.920286436967152,5.0,10.0,62.0,0.24777889506056427,3.1,0.0,0.7016320434429997,0.3200477394945253,4.625,2.9553976043842223,1.0,8.0,7.0,SJF_NP
1297,tight,medium,10,9.0,0.8944271909999159,2.0,8.6,1.2806248474865698,6.0,10.0,86.0,0.14890986596949535,28.666666666666668,0.0,0.7018576030000281,0.25612496949731395,5.0,2.32379000772445,2.0,9.0,7.0,SJF_NP
1298,clustered,short,12,8.333333333333334,9.366014212151411,20.0,2.4166666666666665,0.8620067027323834,1.0,4.0,29.0,0.3566924285692515,1.380952380952381,1.0,0.5539993232308852,0.21550167568309586,5.833333333333333,2.852873794770615,1.0,9.0,8.0,SJF_NP
1299,scattered,long,5,7.6,5.642694391866353,14.0,16.2,2.1354156504062622,13.0,19.0,81.0,0.13181578088113868,5.4,0.0,0.6238203738755764,0.305059378629466,4.8,2.7856776554368237,1.0,8.0,7.0,SRTF
1300,mixed,mixed,8,11.0,4.69041575982343,14.0,8.125,5.967359131140006,2.0,17.0,65.0,0.7344442006652998,4.333333333333333,0.375,0.6873056160117714,0.37295994569625035,5.5,3.605551275463989,1.0,10.0,9.0,SJF_NP
1301,mixed,mixed,6,13.5,4.4628092796652945,13.0,11.833333333333334,5.07991688470939,3.0,19.0,71.0,0.4292887507842339,5.071428571428571,0.16666666666666666,0.6812279085953361,0.29881864027702293,6.166666666666667,2.266911751455907,3.0,10.0,7.0,SRTF
1302,scattered,long,6,8.333333333333334,6.871842709362768,19.0,15.666666666666666,2.6246692913372702,12.0,19.0,94.0,0.16753208241508968,4.7,0.0,0.6564078645318616,0.3280836614171588,5.166666666666667,1.950783318453271,2.0,8.0,6.0,SJF_NP
1303,clustered,medium,9,7.222222222222222,4.961580791503579,11.0,7.777777777777778,1.3966450099973926,5.0,9.0,70.0,0.17956864411943452,5.833333333333333,0.0,0.5865349340413684,0.2793290019994785,4.888888888888889,2.3306863292670035,2.0,9.0,7.0,SRTF
1304,scattered,mixed,12,10.75,5.673402858955108,17.0,11.166666666666666,5.771096564393594,1.0,20.0,134.0,0.5168146176606071,7.444444444444445,0.16666666666666666,0.6848109522802718,0.2885548282196797,6.083333333333333,2.812422838447701,1.0,10.0,9.0,SRTF
1305,scattered,mixed,11,9.0,4.709757762541316,14.0,10.909090909090908,6.666804406290583,1.0,19.0,120.0,0.6111237371872839,8.0,0.2727272727272727,0.6860161491639123,0.3508844424363465,6.181818181818182,2.328408813611945,2.0,10.0,8.0,SRTF
1306,scattered,long,7,12.0,7.690439333539869,19.0,15.285714285714286,3.0101867865293537,11.0,19.0,107.0,0.19692810751707457,5.35,0.0,0.6154780333230065,0.3344651985032615,5.285714285714286,3.5742845723419445,1.0,10.0,9.0,SRTF
1307,tight,short,12,4.0,0.9128709291752769,2.0,2.6666666666666665,1.0274023338281628,1.0,4.0,32.0,0.3852758750410826,10.666666666666666,1.0,0.6957096902749077,0.2568505834570407,5.416666666666667,2.3964673074247345,2.0,10.0,8.0,SJF_NP
1308,clustered,medium,10,6.4,5.642694391866353,13.0,7.6,1.9595917942265426,5.0,10.0,76.0,0.25784102552219756,5.428571428571429,0.0,0.5969504005809747,0.32659863237109044,5.9,3.014962686336267,1.0,10.0,9.0,SJF_NP
1309,ordered,short,6,8.833333333333334,5.899623340142619,19.0,2.8333333333333335,0.6871842709362768,2.0,4.0,17.0,0.24253562495073214,0.85,1.0,0.705018832992869,0.2290614236454256,5.166666666666667,2.1921577396609844,1.0,8.0,7.0,SJF_NP
1310,tight,short,7,8.285714285714286,0.4517539514526256,1.0,2.7142857142857144,1.2777531299998799,1.0,4.0,19.0,0.47075115298441583,9.5,1.0,0.7741230242736872,0.31943828249996997,5.857142857142857,2.799416848895061,1.0,10.0,9.0,SJF_NP
1311,tight,medium,5,15.4,0.48989794855663565,1.0,7.0,1.0954451150103321,5.0,8.0,35.0,0.15649215926483429,17.5,0.0,0.7550510257216821,0.27386127875258304,3.6,2.0591260281974,2.0,7.0,5.0,SRTF
1312,ordered,short,5,13.2,4.915282290977803,14.0,2.0,1.0954451150103321,1.0,4.0,10.0,0.5477225572313048,0.6666666666666666,1.0,0.6723145139348131,0.27386127875258304,5.8,2.1354156504062622,3.0,9.0,6.0,FCFS
1313,scattered,medium,10,9.3,6.261788881781308,19.0,8.6,1.1135528725660042,7.0,10.0,86.0,0.12948289214378156,4.3,0.0,0.6869105559109346,0.27838821814150105,5.6,3.0066592756745814,1.0,10.0,9.0,SJF_NP
1314,clustered,short,6,8.166666666666666,2.852873794770615,6.0,3.0,1.0,2.0,4.0,18.0,0.3333333332222222,2.5714285714285716,1.0,0.592446600747055,0.3333333333333333,6.166666666666667,2.544056253745625,2.0,10.0,8.0,FCFS
1315,mixed,mixed,7,11.857142857142858,6.833291853200799,18.0,10.0,6.117889458675388,1.0,18.0,70.0,0.6117889458063599,3.6842105263157894,0.2857142857142857,0.6403530603578527,0.33988274770418825,4.571428571428571,3.1102201510110348,1.0,9.0,8.0,SRTF
1316,tight,short,9,3.4444444444444446,0.8314794192830981,2.0,2.3333333333333335,0.9428090415820634,1.0,4.0,21.0,0.40406101764771524,7.0,1.0,0.7228401935723006,0.23570226039551584,3.5555555555555554,2.2166597048066667,1.0,8.0,7.0,SJF_NP
1317,clustered,mixed,7,12.142857142857142,8.509298635334531,18.0,10.0,5.209880722517277,2.0,18.0,70.0,0.520988072199629,3.6842105263157894,0.14285714285714285,0.5521421770876562,0.306463571912781,5.571428571428571,3.45820526768863,1.0,10.0,9.0,SRTF
1318,clustered,mixed,10,8.6,4.476605857119878,12.0,12.6,5.4808758424178885,2.0,20.0,126.0,0.4349901461891189,9.692307692307692,0.1,0.6556457032984708,0.2884671496009415,7.3,2.3685438564654024,3.0,10.0,7.0,SRTF
1319,ordered,short,10,10.3,6.132699242584786,18.0,2.6,1.019803902718557,1.0,4.0,26.0,0.3922322701255095,1.368421052631579,1.0,0.6772263556534324,0.25495097567963926,6.4,3.4985711369071804,1.0,10.0,9.0,SRTF
1320,scattered,long,6,8.5,6.103277807866851,18.0,17.0,2.581988897471611,13.0,20.0,102.0,0.15188169984233704,5.368421052631579,0.0,0.6787748522175341,0.3227486121839514,5.666666666666667,2.8674417556808756,2.0,10.0,8.0,SRTF
1321,ordered,medium,8,11.875,4.621620386834038,15.0,6.875,1.6909686573085854,5.0,10.0,55.0,0.24595907739092746,3.4375,0.0,0.7111487258228726,0.2818281095514309,5.125,2.315032397181517,2.0,8.0,6.0,SJF_NP
1322,tight,short,8,14.75,0.6614378277661477,2.0,2.375,1.2183492931011204,1.0,4.0,19.0,0.5129891758265815,6.333333333333333,1.0,0.7795207240779508,0.3045873232752801,4.125,2.2603926650031405,1.0,7.0,6.0,SJF_NP
1323,ordered,medium,7,9.428571428571429,6.715805299167519,20.0,7.714285714285714,1.749635530559413,5.0,10.0,54.0,0.2268046057838566,2.5714285714285716,0.0,0.6801997476586896,0.29160592175990213,7.285714285714286,2.1189138534559038,4.0,10.0,6.0,SJF_NP
1324,clustered,medium,6,8.166666666666666,6.618576550554926,15.0,7.666666666666667,1.7950549357115015,5.0,10.0,46.0,0.23413760027965616,2.875,0.0,0.5863389655903171,0.2991758226185836,5.5,3.095695936834452,1.0,10.0,9.0,SRTF
1325,tight,medium,7,10.0,0.5345224838248488,2.0,6.285714285714286,1.0301575072754257,5.0,8.0,44.0,0.16388869431319905,14.666666666666666,0.0,0.8218258387250504,0.2575393768188564,4.857142857142857,2.166535841157586,2.0,8.0,6.0,SJF_NP
1326,ordered,short,10,7.0,6.0332412515993425,19.0,2.5,0.9219544457292888,1.0,4.0,25.0,0.36878177814420277,1.25,1.0,0.6983379374200329,0.2304886114323222,6.0,2.0976176963403033,3.0,9.0,6.0,SRTF
1327,scattered,long,10,8.4,6.770524351924303,19.0,16.3,2.9681644159311658,11.0,19.0,163.0,0.1820959764263233,8.15,0.0,0.6614737824037848,0.329796046214574,6.2,2.4819347291981715,2.0,9.0,7.0,SRTF
1328,tight,medium,10,9.0,0.8944271909999159,2.0,7.4,1.9595917942265424,5.0,10.0,74.0,0.2648097018867206,24.666666666666668,0.0,0.7018576030000281,0.3265986323710904,5.4,2.2,2.0,9.0,7.0,SJF_NP
1329,scattered,short,10,12.9,6.139218191268331,20.0,2.3,0.9,1.0,4.0,23.0,0.3913043476559547,1.0952380952380953,1.0,0.70765627660627,0.225,6.2,2.181742422927143,3.0,10.0,7.0,SJF_NP
1330,scattered,medium,12,8.583333333333334,6.129958310534329,18.0,7.833333333333333,1.4043582955293932,6.0,10.0,94.0,0.17927978238512085,4.947368421052632,0.0,0.6773706152350354,0.28087165910587863,6.75,2.9755951785595207,2.0,10.0,8.0,SJF_NP
1331,scattered,long,9,13.444444444444445,5.794846582402354,19.0,14.11111111111111,1.852592444503674,11.0,18.0,127.0,0.13128607873505113,6.35,0.0,0.7102576708798823,0.23157405556295926,6.111111111111111,3.69517536629242,1.0,10.0,9.0,SJF_NP
1332,scattered,long,11,9.0,7.3484692283495345,18.0,15.272727272727273,3.0775110690565013,11.0,19.0,168.0,0.20150370093693434,8.842105263157896,0.0,0.613238461665814,0.34194567433961126,5.2727272727272725,2.766386191764171,1.0,10.0,9.0,SJF_NP
1333,clustered,medium,11,11.818181818181818,7.62553344564028,17.0,7.363636363636363,1.7721444263289026,5.0,10.0,81.0,0.24066158872803273,4.5,0.0,0.5763592530199844,0.29535740438815045,5.0,2.593698657761292,1.0,9.0,8.0,SJF_NP
1334,scattered,mixed,12,8.666666666666666,6.236095644623235,20.0,13.666666666666666,4.0483192671637065,6.0,20.0,164.0,0.29621848294152353,7.809523809523809,0.0,0.7030430645417507,0.2698879511442471,4.583333333333333,2.8418988174966557,1.0,10.0,9.0,SRTF
1335,tight,medium,5,19.8,0.39999999999999997,1.0,8.0,1.7888543819998317,6.0,10.0,40.0,0.2236067977220281,20.0,0.0,0.8,0.35777087639996635,4.6,1.624807680927192,2.0,7.0,5.0,SRTF
1336,clustered,short,9,8.777777777777779,3.794082461991972,8.0,2.111111111111111,1.0999438818457405,1.0,4.0,19.0,0.521026049048549,2.111111111111111,1.0,0.578435282000892,0.27498597046143514,7.333333333333333,2.403700850309326,3.0,10.0,7.0,SJF_NP
1337,scattered,medium,11,7.454545454545454,4.376873860803899,14.0,6.818181818181818,1.4024771473219555,5.0,9.0,75.0,0.20569664824371794,5.0,0.0,0.70820840927974,0.2804954294643911,4.454545454545454,2.641061644787991,1.0,10.0,9.0,SJF_NP
1338,scattered,mixed,9,8.88888888888889,6.063450510952113,19.0,9.0,4.216370213557839,2.0,15.0,81.0,0.4684855792321504,4.05,0.1111111111111111,0.6968274744523943,0.3011693009684171,6.222222222222222,2.249828525701843,3.0,10.0,7.0,SRTF
1339,tight,medium,12,18.916666666666668,0.7592027982620249,2.0,7.333333333333333,1.5986105077709065,5.0,10.0,88.0,0.21799234193903375,29.333333333333332,0.0,0.746932400579325,0.2664350846284844,6.0,2.6457513110645907,1.0,10.0,9.0,SJF_NP
1340,scattered,long,12,7.166666666666667,5.225471802196961,15.0,16.083333333333332,2.43099202430247,12.0,19.0,193.0,0.1511497631596676,12.0625,0.0,0.67340801236269,0.30387400303780876,4.916666666666667,2.722080495176846,1.0,9.0,8.0,SJF_NP
1341,clustered,short,12,9.166666666666666,7.819136070493267,17.0,2.3333333333333335,0.9428090415820634,1.0,4.0,28.0,0.40406101764771524,1.5555555555555556,1.0,0.565603551639263,0.23570226039551584,5.333333333333333,2.7182510717166815,1.0,9.0,8.0,SJF_NP
1342,tight,medium,5,12.0,0.0,0.0,6.8,1.32664991614216,5.0,9.0,34.0,0.19509557587456833,34.0,0.0,1.0,0.26532998322843204,7.2,3.4292856398964497,1.0,10.0,9.0,SJF_NP
1343,tight,medium,8,11.0,0.7071067811865476,2.0,7.75,1.8540496217739157,5.0,10.0,62.0,0.23923220923028174,20.666666666666668,0.0,0.7642977396044841,0.30900827029565264,5.0,2.9154759474226504,2.0,9.0,7.0,SRTF
1344,scattered,long,9,10.666666666666666,5.0990195135927845,19.0,18.0,2.1081851067789197,14.0,20.0,162.0,0.11712139481454435,8.1,0.0,0.7450490243203608,0.3011693009684171,4.777777777777778,2.698879511442471,1.0,9.0,8.0,SJF_NP
1345,ordered,short,7,10.428571428571429,4.403152859263555,13.0,2.7142857142857144,1.1605769149479943,1.0,4.0,19.0,0.4275809685075207,1.3571428571428572,1.0,0.6854890814811747,0.2901442287369986,5.428571428571429,3.063944369932459,1.0,10.0,9.0,SJF_NP
1346,scattered,long,9,8.11111111111111,4.724509250104289,14.0,15.333333333333334,2.9059326290271157,11.0,20.0,138.0,0.1895173453589738,9.2,0.0,0.6850327166597141,0.2905932629027116,6.0,2.8674417556808756,2.0,10.0,8.0,SJF_NP
1347,ordered,short,7,11.285714285714286,4.919764387920733,14.0,2.2857142857142856,1.0301575072754257,1.0,4.0,16.0,0.45069390923582014,1.0666666666666667,1.0,0.6720157074719512,0.2575393768188564,6.0,1.6903085094570331,3.0,8.0,5.0,SJF_NP
1348,ordered,short,5,10.2,6.881860213634101,19.0,2.8,0.7483314773547882,2.0,4.0,14.0,0.2672612418169739,0.7,1.0,0.6559069893182949,0.2494438257849294,3.8,2.481934729198171,1.0,8.0,7.0,FCFS
1349,ordered,short,12,10.333333333333334,6.141841924229427,19.0,2.4166666666666665,1.114924013354971,1.0,4.0,29.0,0.4613478674042578,1.45,1.0,0.6929079037885286,0.27873100333874273,3.6666666666666665,2.1343747458109497,1.0,8.0,7.0,SJF_NP
1350,scattered,short,7,10.428571428571429,4.135461378894322,13.0,2.4285714285714284,1.049781318335648,1.0,4.0,17.0,0.4322628956072762,1.2142857142857142,1.0,0.7046099015075484,0.262445329583912,6.571428571428571,2.4411439272335804,2.0,10.0,8.0,SRTF
1351,scattered,short,6,8.333333333333334,5.312459150169743,15.0,2.5,1.2583057392117916,1.0,4.0,15.0,0.5033222954833877,0.9375,1.0,0.667971303114391,0.3145764348029479,6.0,2.309401076758503,3.0,9.0,6.0,FCFS
1352,ordered,short,6,12.333333333333334,4.988876515698588,14.0,2.1666666666666665,1.3437096247164249,1.0,4.0,13.0,0.6201736726598083,0.8666666666666667,1.0,0.6674082322867607,0.3359274061791062,4.333333333333333,1.9720265943665387,3.0,8.0,5.0,SJF_NP
1353,ordered,medium,8,9.375,6.183395103015818,18.0,7.75,1.3919410907075054,6.0,10.0,62.0,0.1796053020036,3.263157894736842,0.0,0.6745581524728517,0.27838821814150105,6.375,3.1991209730174317,1.0,10.0,9.0,SJF_NP
1354,ordered,short,9,12.222222222222221,6.232134961057848,17.0,2.2222222222222223,1.1331154474650633,1.0,4.0,20.0,0.5099019511298226,1.1111111111111112,1.0,0.6537702799412306,0.28327886186626583,5.111111111111111,2.997941680718231,1.0,10.0,9.0,SRTF
1355,ordered,short,6,6.333333333333333,4.189935029992179,12.0,2.0,0.816496580927726,1.0,3.0,12.0,0.40824829025973886,0.9230769230769231,1.0,0.677697305385217,0.2721655269759087,6.833333333333333,1.6749792701868151,4.0,8.0,4.0,SRTF
1356,scattered,short,10,8.9,5.185556864985669,14.0,2.3,1.1874342087037917,1.0,4.0,23.0,0.5162757426902244,1.5333333333333334,1.0,0.6542962090009554,0.2968585521759479,6.5,2.4596747752497685,1.0,9.0,8.0,SRTF
1357,ordered,medium,12,10.25,4.245095208983343,14.0,7.25,1.8763883748662837,5.0,10.0,87.0,0.25881218960103053,5.8,0.0,0.7169936527344438,0.3127313958110473,5.416666666666667,2.4650332429581736,1.0,10.0,9.0,SRTF
1358,clustered,short,11,8.636363636363637,8.594636036217086,18.0,2.909090909090909,1.083306844346635,1.0,4.0,32.0,0.3723867276161478,1.6842105263157894,1.0,0.5476507349359429,0.27082671108665873,5.636363636363637,3.364864640603954,1.0,10.0,9.0,SRTF
1359,clustered,short,10,4.7,6.753517601961218,15.0,2.6,0.8,1.0,4.0,26.0,0.3076923075739645,1.625,1.0,0.5779051498774239,0.2,4.4,2.416609194718914,1.0,10.0,9.0,SRTF
1360,scattered,mixed,5,10.4,6.343500610861482,20.0,14.8,5.192301994298869,5.0,19.0,74.0,0.3508312158072998,3.5238095238095237,0.0,0.6979285423399294,0.3461534662865912,7.6,1.7435595774162693,5.0,10.0,5.0,SRTF
1361,ordered,medium,5,10.4,6.216108107168021,19.0,6.6,2.0591260281974,5.0,10.0,33.0,0.3119887921038502,1.65,0.0,0.6891945946415989,0.34318767136623335,5.4,2.33238075793812,3.0,9.0,6.0,SRTF
1362,clustered,short,11,12.0,7.36082999272624,17.0,2.4545454545454546,1.0756508696544755,1.0,4.0,27.0,0.4382281319029156,1.5,1.0,0.5910650004040978,0.2689127174136189,4.636363636363637,2.459590774267033,1.0,9.0,8.0,SJF_NP
1363,scattered,medium,11,8.090909090909092,5.72799418255395,16.0,7.7272727272727275,1.7627926754241194,5.0,10.0,85.0,0.22812611090771678,5.0,0.0,0.6630591657321205,0.29379877923735326,5.636363636363637,3.170108322575035,1.0,10.0,9.0,SRTF
1364,scattered,short,12,10.916666666666666,5.282965286865155,16.0,2.8333333333333335,0.8975274678557508,1.0,4.0,34.0,0.31677440030787396,2.0,1.0,0.6892373360667556,0.2243818669639377,6.0,3.0,1.0,10.0,9.0,SRTF
1365,tight,short,9,14.222222222222221,0.628539361054709,2.0,2.3333333333333335,1.1547005383792515,1.0,4.0,21.0,0.4948716590933056,7.0,1.0,0.7904868796484303,0.28867513459481287,4.666666666666667,2.6666666666666665,1.0,8.0,7.0,SJF_NP
1366,tight,short,12,14.75,0.924211375534118,2.0,2.3333333333333335,0.8498365855987975,1.0,4.0,28.0,0.3642156793862493,9.333333333333334,1.0,0.6919295414886273,0.21245914639969937,5.666666666666667,2.9814239699997196,2.0,10.0,8.0,SJF_NP
1367,scattered,mixed,5,6.4,5.161395160225576,12.0,8.6,4.2708313008125245,2.0,14.0,43.0,0.4966082907344089,3.3076923076923075,0.2,0.602969603059571,0.3285254846778865,4.6,3.2,2.0,9.0,7.0,SRTF
1368,ordered,short,6,9.666666666666666,3.590109871423003,11.0,2.6666666666666665,0.9428090415820634,1.0,4.0,16.0,0.35355339046069123,1.3333333333333333,1.0,0.7008241773814163,0.23570226039551584,4.0,2.7688746209726918,1.0,9.0,8.0,SRTF
1369,clustered,medium,12,7.75,6.905613658466566,16.0,7.333333333333333,1.6499158227686108,5.0,10.0,88.0,0.2249885212559485,5.176470588235294,0.0,0.5937874318549079,0.27498597046143514,5.416666666666667,2.782634642844,2.0,9.0,7.0,SRTF
1370,mixed,mixed,6,12.0,5.887840577551898,15.0,13.666666666666666,4.189935029992178,8.0,19.0,82.0,0.30658061192821445,5.125,0.0,0.6320099639030063,0.34916125249934815,5.666666666666667,1.8856180831641267,3.0,8.0,5.0,SRTF
1371,mixed,mixed,5,5.0,5.366563145999495,14.0,10.8,7.678541528180988,1.0,20.0,54.0,0.7109760673583344,3.6,0.4,0.6422291236000337,0.3839270764090494,6.6,3.1368774282716245,3.0,10.0,7.0,SRTF
1372,clustered,medium,10,10.6,1.2,3.0,7.7,1.9,5.0,10.0,77.0,0.24675324672120086,19.25,0.0,0.7,0.31666666666666665,5.6,2.939387691339814,2.0,10.0,8.0,SJF_NP
1373,scattered,long,7,12.0,5.5805785670356025,18.0,14.428571428571429,3.063944369932459,11.0,19.0,101.0,0.21235258007961133,5.315789473684211,0.0,0.7062853385770735,0.34043826332582877,5.857142857142857,1.8844151368961313,4.0,9.0,5.0,SJF_NP
1374,clustered,medium,6,11.333333333333334,3.2998316455372216,7.0,7.833333333333333,1.0671873729054746,6.0,9.0,47.0,0.13623668588543464,5.875,0.0,0.5875210443078474,0.26679684322636865,4.5,3.5,1.0,10.0,9.0,SJF_NP
1375,tight,medium,6,10.333333333333334,0.4714045207910317,1.0,6.166666666666667,1.7716909687891083,5.0,10.0,37.0,0.2873012381354281,18.5,0.0,0.7642977396044841,0.29528182813151804,6.166666666666667,2.544056253745625,2.0,10.0,8.0,SJF_NP
1376,clustered,medium,10,10.1,4.437341546466758,10.0,7.5,1.3601470508735443,5.0,10.0,75.0,0.18135294009229216,6.818181818181818,0.0,0.5966053139575674,0.2266911751455907,6.8,2.181742422927143,4.0,10.0,6.0,SJF_NP
1377,tight,short,12,11.166666666666666,0.7993052538854533,2.0,2.75,1.1636866703140785,1.0,4.0,33.0,0.4231587890512435,11.0,1.0,0.7335649153715156,0.2909216675785196,6.583333333333333,2.3258809561588105,1.0,10.0,9.0,SJF_NP
1378,clustered,short,6,10.833333333333334,6.618576550554926,15.0,2.5,0.9574271077563381,1.0,4.0,15.0,0.3829708429493469,0.9375,1.0,0.5863389655903171,0.23935677693908453,6.5,3.4034296427770228,1.0,10.0,9.0,FCFS
1379,scattered,mixed,5,6.4,2.8705400188814645,8.0,7.6,4.363484845854286,3.0,14.0,38.0,0.5741427428000189,4.222222222222222,0.4,0.6810511090131706,0.36362373715452384,5.2,1.9390719429665317,2.0,7.0,5.0,FCFS
1380,scattered,medium,11,12.272727272727273,3.544288852657805,11.0,7.909090909090909,1.7814470856604934,5.0,10.0,87.0,0.22524043608951475,7.25,0.0,0.7046425956118496,0.2969078476100822,5.454545454545454,3.1439302665073785,2.0,10.0,8.0,SRTF
1381,clustered,short,7,7.857142857142857,5.48839220351387,13.0,1.7142857142857142,0.6998542122237652,1.0,3.0,12.0,0.4082482902257182,0.8571428571428571,1.0,0.607971985463295,0.23328473740792174,7.285714285714286,2.249716535431946,3.0,10.0,7.0,SRTF
1382,ordered,short,6,10.5,7.388053419767167,19.0,2.6666666666666665,1.3743685418725535,1.0,4.0,16.0,0.5153882030089371,0.8,1.0,0.6305973290116417,0.3435921354681384,4.833333333333333,3.0776975521032313,2.0,10.0,8.0,SRTF
1383,scattered,mixed,8,7.875,6.152997237119484,16.0,9.0,5.172040216394301,2.0,14.0,72.0,0.5746711350910699,4.235294117647059,0.375,0.6380589860517951,0.3978492474149462,5.5,1.8027756377319946,3.0,9.0,6.0,SRTF
1384,scattered,long,8,11.375,3.8709656418005056,13.0,14.875,2.521780125229002,11.0,20.0,119.0,0.16953143697878795,8.5,0.0,0.7235024541571067,0.2521780125229002,5.375,3.2379584617471546,2.0,10.0,8.0,SRTF
1385,clustered,medium,9,4.111111111111111,5.363341504954298,12.0,7.555555555555555,1.9499920860871383,5.0,10.0,68.0,0.2580871878303156,5.230769230769231,0.0,0.5874352688496693,0.32499868101452306,4.444444444444445,2.671292284482513,1.0,9.0,8.0,SJF_NP
1386,mixed,mixed,6,8.5,3.095695936834452,8.0,7.5,6.776183783418707,1.0,20.0,45.0,0.9034911710020288,5.0,0.5,0.656033784796172,0.3388091891709354,5.5,2.565800719723442,3.0,10.0,7.0,SRTF
1387,scattered,mixed,5,11.0,5.059644256269407,15.0,7.0,4.560701700396552,1.0,12.0,35.0,0.6515288142492891,2.1875,0.4,0.683772233983162,0.380058475033046,6.6,2.0591260281974,5.0,10.0,5.0,SRTF
1388,scattered,long,12,11.75,4.45580146176495,18.0,16.0,2.6770630673681683,11.0,20.0,192.0,0.16731644170005325,10.105263157894736,0.0,0.7654841335913184,0.26770630673681683,3.5833333333333335,2.6601482832520613,1.0,10.0,9.0,SJF_NP
1389,tight,medium,7,11.142857142857142,0.8329931278350429,2.0,7.571428571428571,1.761261143705422,5.0,10.0,53.0,0.23261939630772865,17.666666666666668,0.0,0.7223356240549856,0.29354352395090366,5.428571428571429,3.499271061118826,1.0,10.0,9.0,SJF_NP
1390,tight,short,6,16.666666666666668,0.9428090415820634,2.0,2.6666666666666665,0.7453559924999298,2.0,4.0,16.0,0.279508497082658,5.333333333333333,1.0,0.6857303194726456,0.2484519974999766,5.166666666666667,2.3392781412697,2.0,9.0,7.0,SJF_NP
1391,clustered,short,6,3.3333333333333335,4.714045207910316,10.0,2.6666666666666665,0.9428090415820634,1.0,4.0,16.0,0.35355339046069123,1.4545454545454546,1.0,0.5714504356445167,0.23570226039551584,6.5,2.9297326385411577,1.0,10.0,9.0,SJF_NP
1392,scattered,short,9,9.0,5.395471352079548,16.0,2.4444444444444446,1.0657403385139377,1.0,4.0,22.0,0.43598468375916255,1.2941176470588236,1.0,0.6826193322306149,0.2664350846284844,5.777777777777778,2.57240820062005,3.0,10.0,7.0,SRTF
1393,clustered,mixed,10,5.8,4.377213725647858,12.0,11.3,5.119570294468081,2.0,20.0,113.0,0.45305931805442673,8.692307692307692,0.1,0.6632912518732417,0.269451068129899,5.6,3.0397368307141326,1.0,9.0,8.0,SJF_NP
1394,tight,short,7,19.571428571428573,0.4948716593053935,1.0,3.4285714285714284,0.7284313590846836,2.0,4.0,24.0,0.21245914633773214,12.0,1.0,0.7525641703473033,0.24281045302822787,4.428571428571429,3.0169588688489823,1.0,9.0,8.0,SRTF
1395,scattered,mixed,5,8.0,5.727128425310541,16.0,11.4,7.863841300534999,1.0,20.0,57.0,0.6898106403372972,3.3529411764705883,0.4,0.6631100926287917,0.39319206502674997,7.0,3.286335345030997,1.0,10.0,9.0,SRTF
1396,clustered,medium,10,12.2,5.362835071116769,12.0,6.6,1.624807680927192,5.0,9.0,66.0,0.24618298192136503,5.076923076923077,0.0,0.5874742252987101,0.32496153618543844,5.2,2.08806130178211,2.0,10.0,8.0,SJF_NP
1397,scattered,short,7,6.857142857142857,6.197431989566818,18.0,2.857142857142857,1.124858267715973,1.0,4.0,20.0,0.3937003935627954,1.0526315789473684,1.0,0.6738193689701675,0.28121456692899327,5.285714285714286,3.0572763655760995,2.0,10.0,8.0,SRTF
1398,tight,short,9,11.0,0.6666666666666666,2.0,2.111111111111111,0.8748897637790901,1.0,3.0,19.0,0.4144214668569483,6.333333333333333,1.0,0.7777777777777778,0.2916299212596967,5.444444444444445,2.7125679146074897,1.0,9.0,8.0,SJF_NP
1399,ordered,medium,7,4.285714285714286,3.534090536243709,11.0,8.428571428571429,1.9897697538834458,5.0,10.0,59.0,0.23607437755138305,4.916666666666667,0.0,0.7054924553130242,0.3316282923139076,6.857142857142857,1.4568627181693672,5.0,9.0,4.0,SRTF
1400,tight,short,9,0.6666666666666666,0.6666666666666666,2.0,2.6666666666666665,1.0540925533894598,1.0,4.0,24.0,0.3952847073728157,8.0,1.0,0.7777777777777778,0.26352313834736496,3.7777777777777777,1.547598697464902,2.0,7.0,5.0,SRTF
1401,tight,medium,6,4.833333333333333,0.372677996249965,1.0,6.833333333333333,1.7716909687891083,5.0,10.0,41.0,0.2592718490531468,20.5,0.0,0.8136610018750174,0.29528182813151804,6.0,2.449489742783178,3.0,9.0,6.0,SJF_NP
1402,scattered,medium,10,8.3,4.775981574503821,15.0,7.5,1.4317821063276353,5.0,10.0,75.0,0.1909042808182308,4.6875,0.0,0.7015011515935112,0.23863035105460587,5.0,2.8284271247461903,1.0,9.0,8.0,SRTF
1403,scattered,long,6,9.666666666666666,3.39934634239519,11.0,15.833333333333334,3.1841621957571333,11.0,20.0,95.0,0.20110498077195968,7.916666666666667,0.0,0.7167211381337342,0.3184162195757133,6.833333333333333,2.1147629234082532,4.0,10.0,6.0,SJF_NP
1404,clustered,short,8,12.5,3.0,7.0,2.375,1.4086784586980805,1.0,4.0,19.0,0.5931277718336643,2.375,1.0,0.625,0.3521696146745201,5.75,3.2307119958300214,1.0,10.0,9.0,SJF_NP
1405,clustered,medium,11,10.727272727272727,2.4896479886598457,6.0,7.454545454545454,1.7248787237282068,5.0,10.0,82.0,0.23138617022518326,11.714285714285714,0.0,0.644336001620022,0.28747978728803447,4.636363636363637,2.2268088570756164,2.0,9.0,7.0,SJF_NP
1406,clustered,mixed,9,7.111111111111111,3.177855476905576,8.0,12.555555555555555,4.763544691161337,6.0,20.0,113.0,0.3793973647525438,12.555555555555555,0.0,0.6469049470104915,0.31756964607742244,6.555555555555555,2.948110924760355,1.0,9.0,8.0,SRTF
1407,scattered,short,8,12.25,3.799671038392666,12.0,2.5,1.118033988749895,1.0,4.0,20.0,0.4472135953210725,1.5384615384615385,1.0,0.7077176124313334,0.2795084971874737,6.875,3.059309562630104,1.0,10.0,9.0,SJF_NP
1408,scattered,short,11,10.363636363636363,5.26174404672283,15.0,2.727272727272727,1.0523488093445659,1.0,4.0,30.0,0.38586122995152505,1.875,1.0,0.6711409970798231,0.26308720233614147,5.181818181818182,3.5628941713209863,1.0,10.0,9.0,SJF_NP
1409,tight,medium,9,8.777777777777779,0.7856742013183862,2.0,7.666666666666667,1.8257418583505538,5.0,10.0,69.0,0.2381402423624887,23.0,0.0,0.7381085995605379,0.3042903097250923,5.888888888888889,3.1778554769055756,1.0,10.0,9.0,SJF_NP
1410,clustered,medium,12,9.833333333333334,4.4503433076062295,10.0,7.666666666666667,1.49071198499986,5.0,10.0,92.0,0.19444069367027209,8.363636363636363,0.0,0.595423335672161,0.24845199749997668,4.416666666666667,3.121386800054674,1.0,10.0,9.0,SJF_NP
1411,clustered,short,7,7.571428571428571,4.499433070863891,11.0,2.5714285714285716,1.178030178747903,1.0,4.0,18.0,0.45812284711269224,1.5,1.0,0.6250472440946757,0.29450754468697576,3.5714285714285716,3.0639443699324596,1.0,10.0,9.0,SJF_NP
1412,clustered,mixed,10,10.5,7.116881339463234,15.0,9.3,6.679071791798618,1.0,20.0,93.0,0.7181797624817675,5.8125,0.4,0.5551949162835479,0.33395358958993093,4.7,2.147091055358389,1.0,9.0,8.0,SJF_NP
1413,tight,short,7,2.5714285714285716,0.7284313590846836,2.0,2.142857142857143,0.8329931278350429,1.0,3.0,15.0,0.3887301261416126,5.0,1.0,0.7571895469717721,0.2776643759450143,3.5714285714285716,1.498298354528788,2.0,6.0,4.0,SJF_NP
1414,tight,medium,12,17.083333333333332,0.8620067027323834,2.0,8.166666666666666,1.343709624716425,6.0,10.0,98.0,0.16453587239410888,32.666666666666664,0.0,0.7126644324225389,0.268741924943285,5.416666666666667,2.899952106884219,1.0,10.0,9.0,SJF_NP
1415,ordered,short,9,8.555555555555555,4.901498888913951,17.0,2.3333333333333335,0.9428090415820634,1.0,4.0,21.0,0.40406101764771524,1.1666666666666667,1.0,0.7276945061714473,0.23570226039551584,6.0,1.3333333333333333,3.0,8.0,5.0,SRTF
1416,ordered,short,7,9.571428571428571,5.368084065158839,18.0,2.7142857142857144,1.0301575072754257,1.0,4.0,19.0,0.37953171306690825,1.0,1.0,0.7174692597284822,0.2575393768188564,4.142857142857143,3.1363569143000216,1.0,10.0,9.0,SJF_NP
1417,scattered,long,5,13.2,3.7094473981982814,10.0,15.6,3.2,11.0,19.0,78.0,0.2051282051150559,7.090909090909091,0.0,0.6627775092547017,0.35555555555555557,4.8,2.7129319932501073,1.0,9.0,8.0,SJF_NP
1418,clustered,mixed,6,8.833333333333334,8.839620404117413,18.0,8.5,4.153311931459037,4.0,14.0,51.0,0.48862493305534266,2.6842105263157894,0.3333333333333333,0.5347568208359257,0.37757381195082157,5.5,2.9297326385411577,1.0,10.0,9.0,SRTF
1419,clustered,medium,12,14.166666666666666,6.148622248565573,14.0,7.5,1.9364916731037085,5.0,10.0,90.0,0.25819888971273464,6.0,0.0,0.5900918500956285,0.3227486121839514,5.0,3.0,1.0,10.0,9.0,SJF_NP
1420,clustered,medium,7,11.428571428571429,4.271404682207444,10.0,8.285714285714286,0.8806305718527109,7.0,10.0,58.0,0.10628300003836197,5.2727272727272725,0.0,0.6116904834356869,0.22015764296317772,5.857142857142857,2.5872528966106905,1.0,8.0,7.0,SJF_NP
1421,scattered,long,6,13.833333333333334,5.871304984602846,13.0,15.666666666666666,3.0912061651652345,11.0,19.0,94.0,0.1973110318064632,6.714285714285714,0.0,0.5806210725283681,0.34346735168502607,7.166666666666667,1.0671873729054746,6.0,9.0,3.0,SRTF
1422,ordered,short,11,11.090909090909092,5.517814874724916,16.0,2.5454545454545454,1.0756508696544755,1.0,4.0,28.0,0.4225771271982458,1.6470588235294117,1.0,0.6754226544279461,0.2689127174136189,5.909090909090909,2.5745095015465993,2.0,10.0,8.0,SRTF
1423,clustered,mixed,7,12.714285714285714,5.256676997992599,12.0,10.571428571428571,6.275966467568228,2.0,20.0,74.0,0.5936725036327283,5.6923076923076925,0.2857142857142857,0.5956402309236462,0.3303140246088541,6.428571428571429,2.1285234893930487,4.0,10.0,6.0,SRTF
1424,scattered,short,11,10.272727272727273,6.467975784107548,19.0,2.090909090909091,0.9958591954639383,1.0,4.0,23.0,0.4762804845593146,1.15,1.0,0.6766012107946227,0.24896479886598458,5.909090909090909,2.466301812045552,1.0,10.0,9.0,SJF_NP
1425,scattered,short,11,7.545454545454546,4.3141129155289715,12.0,3.0,1.1281521496355325,1.0,4.0,33.0,0.37605071641982724,2.5384615384615383,1.0,0.6681451603439252,0.2820380374088831,4.0,2.593698657761292,1.0,9.0,8.0,SRTF
1426,mixed,mixed,12,7.583333333333333,4.95745790591195,17.0,8.916666666666666,6.237765803733113,1.0,17.0,107.0,0.6995625199663795,5.944444444444445,0.4166666666666667,0.7245856718937806,0.3669274002195949,5.583333333333333,3.06752705321766,1.0,10.0,9.0,SRTF
1427,tight,short,9,7.666666666666667,0.816496580927726,2.0,2.4444444444444446,1.0657403385139377,1.0,4.0,22.0,0.43598468375916255,7.333333333333333,1.0,0.7278344730240913,0.2664350846284844,5.444444444444445,2.9855619650098673,1.0,10.0,9.0,SJF_NP
1428,tight,short,9,12.11111111111111,0.5665577237325317,2.0,2.5555555555555554,0.8314794192830981,1.0,4.0,23.0,0.32536151176607087,7.666666666666667,1.0,0.8111474254224894,0.20786985482077452,5.222222222222222,3.392075004994166,1.0,10.0,9.0,SRTF
1429,ordered,short,7,7.714285714285714,4.772369453854305,15.0,3.0,1.1952286093343936,1.0,4.0,21.0,0.39840953631199466,1.3125,1.0,0.701726909134106,0.2988071523335984,3.7142857142857144,1.665986255670086,1.0,6.0,5.0,SRTF
1430,tight,medium,6,12.833333333333334,0.8975274678557508,2.0,8.333333333333334,1.5986105077709065,5.0,10.0,50.0,0.19183326090948877,16.666666666666668,0.0,0.7008241773814163,0.2664350846284844,5.0,2.7688746209726918,2.0,10.0,8.0,SRTF
1431,clustered,medium,7,9.857142857142858,4.5175395145262565,10.0,5.857142857142857,0.9897433186107869,5.0,7.0,41.0,0.16898056656323523,3.727272727272727,0.0,0.5893145895885221,0.32991443953692895,6.857142857142857,2.356060357495806,3.0,10.0,7.0,SJF_NP
1432,clustered,medium,12,14.166666666666666,6.269414291268009,15.0,7.5,1.3228756555322954,5.0,10.0,90.0,0.17638342071412158,5.625,0.0,0.6081616067957494,0.22047927592204922,3.9166666666666665,1.6562172428626492,1.0,7.0,6.0,SJF_NP
1433,clustered,mixed,7,10.142857142857142,0.8329931278350429,2.0,9.571428571428571,4.135461378894322,4.0,15.0,67.0,0.4320631290930719,22.333333333333332,0.14285714285714285,0.7223356240549856,0.3446217815745269,6.857142857142857,3.043896536094645,1.0,10.0,9.0,SJF_NP
1434,mixed,mixed,10,15.2,4.1182520563948,13.0,9.8,4.512205669071391,3.0,15.0,98.0,0.4604291498582614,7.0,0.2,0.7058391388289429,0.3470927437747224,3.3,2.4515301344262523,1.0,9.0,8.0,SRTF
1435,clustered,short,12,4.333333333333333,4.642796092394707,12.0,2.1666666666666665,0.9860132971832694,1.0,4.0,26.0,0.4550830600283937,2.0,1.0,0.642861839046561,0.24650332429581734,5.583333333333333,2.722080495176846,1.0,10.0,9.0,SJF_NP
1436,clustered,medium,11,9.181818181818182,4.4069816885602995,11.0,8.090909090909092,1.2398346997259868,6.0,10.0,89.0,0.15323799657640713,7.416666666666667,0.0,0.6327515259533083,0.24796693994519736,5.545454545454546,3.0559520570857472,1.0,10.0,9.0,SJF_NP
1437,tight,medium,10,14.1,0.8306623862918076,2.0,7.8,1.7776388834631176,5.0,10.0,78.0,0.2279024209275917,26.0,0.0,0.7231125379027308,0.29627314724385295,5.5,1.857417562100671,3.0,9.0,6.0,SJF_NP
1438,tight,short,10,11.0,0.6324555320336759,2.0,2.1,0.9433981132056604,1.0,4.0,21.0,0.4492371965506777,7.0,1.0,0.7891814893221081,0.2358495283014151,6.6,2.4166091947189146,2.0,10.0,8.0,SJF_NP
1439,ordered,short,11,9.636363636363637,6.691551352573798,18.0,2.090909090909091,0.9958591954639384,1.0,4.0,23.0,0.47628048455931465,1.2105263157894737,1.0,0.6478130867066423,0.2489647988659846,5.181818181818182,3.0989200998289657,1.0,10.0,9.0,SRTF
1440,tight,short,6,0.16666666666666666,0.372677996249965,1.0,3.0,1.1547005383792515,1.0,4.0,18.0,0.38490017933145043,9.0,1.0,0.8136610018750174,0.28867513459481287,6.833333333333333,2.6087459737497545,2.0,10.0,8.0,SJF_NP
1441,scattered,short,8,7.625,5.633327169621874,16.0,2.375,0.8569568250501305,1.0,4.0,19.0,0.36082392618497117,1.1176470588235294,1.0,0.6686278135516545,0.21423920626253262,7.125,3.018174116912409,2.0,10.0,8.0,SRTF
1442,clustered,medium,7,7.857142857142857,3.602720060833855,9.0,6.714285714285714,1.2777531299998797,5.0,9.0,47.0,0.19030365763121343,4.7,0.0,0.6397279939166145,0.2555506259999759,5.428571428571429,2.498979383505129,2.0,9.0,7.0,SJF_NP
1443,scattered,medium,7,7.428571428571429,4.776643856371567,12.0,7.428571428571429,1.0497813183356477,5.0,8.0,52.0,0.14131671591077533,4.0,0.0,0.632565857202187,0.2624453295839119,5.428571428571429,2.610809554642438,2.0,10.0,8.0,SJF_NP
1444,ordered,short,7,9.857142857142858,6.151157183317425,16.0,3.2857142857142856,0.6998542122237652,2.0,4.0,23.0,0.21299910800327665,1.3529411764705883,1.0,0.6381672245107397,0.23328473740792174,5.428571428571429,3.499271061118826,2.0,10.0,8.0,FCFS
1445,mixed,mixed,11,10.909090909090908,5.822441622402152,17.0,11.727272727272727,5.275861137653421,2.0,20.0,129.0,0.4498796318545656,7.166666666666667,0.09090909090909091,0.6765310209776583,0.277676901981759,5.363636363636363,2.603240193322973,2.0,10.0,8.0,SRTF
1446,mixed,mixed,6,8.5,5.315072906367325,15.0,7.833333333333333,7.966945601811414,1.0,20.0,47.0,1.0170568852077904,2.9375,0.6666666666666666,0.6678079433520422,0.3983472800905707,4.166666666666667,2.9674156357941426,1.0,9.0,8.0,SRTF
1447,scattered,short,5,11.6,6.499230723708768,18.0,1.8,0.7483314773547883,1.0,3.0,9.0,0.4157397094105825,0.47368421052631576,1.0,0.6579352250679595,0.24944382578492943,6.4,2.33238075793812,3.0,10.0,7.0,FCFS
1448,tight,short,10,11.3,0.6403124237432849,2.0,2.6,1.1135528725660044,1.0,4.0,26.0,0.4282895662068134,8.666666666666666,1.0,0.786562525418905,0.2783882181415011,5.2,2.3151673805580453,3.0,10.0,7.0,SRTF
1449,ordered,medium,8,11.0,4.415880433163924,16.0,7.5,1.3228756555322954,5.0,9.0,60.0,0.17638342071412158,3.5294117647058822,0.0,0.7402423274609456,0.2645751311064591,6.5,2.6457513110645907,1.0,10.0,9.0,SJF_NP
1450,ordered,short,11,9.727272727272727,7.262492798818637,19.0,2.3636363636363638,1.0679400113155209,1.0,4.0,26.0,0.45182077382695,1.3,1.0,0.6368753600590682,0.2669850028288802,5.181818181818182,3.2702010452009,1.0,10.0,9.0,SRTF
1451,scattered,mixed,9,14.11111111111111,4.55691036764664,14.0,11.333333333333334,4.422166387140534,5.0,17.0,102.0,0.390191151772089,6.8,0.0,0.696205975490224,0.34016664516465644,5.777777777777778,2.528845928164676,2.0,10.0,8.0,SJF_NP
1452,scattered,short,12,11.833333333333334,6.656241849238619,19.0,2.25,1.1636866703140785,1.0,4.0,27.0,0.517194075465282,1.35,1.0,0.6671879075380691,0.2909216675785196,6.166666666666667,2.074983266331455,3.0,8.0,5.0,SRTF
1453,tight,short,12,12.5,0.6454972243679028,2.0,2.8333333333333335,1.1426091000668408,1.0,4.0,34.0,0.4032737998812589,11.333333333333334,1.0,0.7848342585440324,0.2856522750167102,5.333333333333333,2.054804667656325,2.0,9.0,7.0,SRTF
1454,tight,medium,8,12.625,0.4841229182759271,1.0,7.375,1.79843682124227,5.0,10.0,59.0,0.24385584013537817,29.5,0.0,0.7579385408620365,0.299739470207045,5.5,2.692582403567252,1.0,10.0,9.0,SJF_NP
1455,mixed,mixed,5,12.0,3.8987177379235853,11.0,12.2,3.9698866482558417,5.0,17.0,61.0,0.3254005449123313,5.083333333333333,0.0,0.6751068551730346,0.3053758960196801,4.2,2.0396078054371136,2.0,7.0,5.0,SRTF
1456,clustered,mixed,12,9.583333333333334,5.544642058379923,13.0,9.416666666666666,6.224391982800855,2.0,20.0,113.0,0.6609973786343212,8.071428571428571,0.3333333333333333,0.6039541386871483,0.32759957804215023,5.666666666666667,3.197221015541813,1.0,10.0,9.0,SJF_NP
1457,ordered,medium,11,10.636363636363637,7.214539956009635,19.0,7.454545454545454,1.9708621262435273,5.0,10.0,82.0,0.2643839437289095,4.1,0.0,0.6392730021995182,0.3284770210405879,4.636363636363637,2.9005556606443306,1.0,9.0,8.0,SRTF
1458,scattered,short,8,10.75,6.5717197140474575,18.0,2.0,1.0,1.0,4.0,16.0,0.49999999975,0.8421052631578947,1.0,0.6541200150501338,0.25,5.75,1.984313483298443,3.0,9.0,6.0,SRTF
1459,mixed,mixed,7,9.428571428571429,3.3745748031479192,10.0,13.0,5.264435935053794,1.0,19.0,91.0,0.4049566103576029,8.272727272727273,0.14285714285714285,0.6932204724410982,0.2770755755291471,4.714285714285714,2.9137254363387344,2.0,10.0,8.0,SJF_NP
1460,scattered,mixed,11,13.090909090909092,5.759648749620784,19.0,11.181818181818182,5.621681757723748,1.0,18.0,123.0,0.5027520270685444,6.15,0.18181818181818182,0.7120175625189608,0.31231565320687493,5.909090909090909,2.7453943400984544,1.0,10.0,9.0,SRTF
1461,tight,short,8,0.375,0.4841229182759271,1.0,2.0,1.118033988749895,1.0,4.0,16.0,0.5590169940954389,8.0,1.0,0.7579385408620365,0.2795084971874737,5.0,2.8284271247461903,1.0,9.0,8.0,SJF_NP
1462,clustered,mixed,5,7.4,9.068627239003707,19.0,7.8,4.166533331199932,2.0,13.0,39.0,0.5341709398289437,1.95,0.2,0.5465686380498147,0.3472111109333276,6.2,2.7129319932501077,1.0,8.0,7.0,SJF_NP
1463,clustered,mixed,8,10.875,6.392133837772798,14.0,11.625,4.741769184597665,5.0,19.0,93.0,0.40789412337116304,6.2,0.0,0.5738577441484801,0.3161179456398443,7.375,1.9324531042175384,4.0,10.0,6.0,SRTF
1464,scattered,mixed,9,11.777777777777779,5.632796380282922,17.0,9.222222222222221,4.340449996583247,3.0,16.0,83.0,0.4706512043977513,4.611111111111111,0.2222222222222222,0.6870668677620599,0.31003214261308903,6.0,2.260776661041756,2.0,9.0,7.0,SRTF
1465,tight,medium,6,14.333333333333334,0.74535599249993,2.0,7.5,1.9790570145063195,5.0,10.0,45.0,0.2638742685656594,15.0,0.0,0.7515480025000233,0.3298428357510533,5.166666666666667,3.3374973990834644,1.0,10.0,9.0,SJF_NP
1466,ordered,short,7,9.142857142857142,5.865847190756518,16.0,2.7142857142857144,1.1605769149479943,1.0,4.0,19.0,0.4275809685075207,1.1176470588235294,1.0,0.6549501652496166,0.2901442287369986,5.714285714285714,2.1189138534559038,3.0,9.0,6.0,FCFS
1467,tight,short,9,16.22222222222222,0.7856742013183861,2.0,2.5555555555555554,1.1653431646335017,1.0,4.0,23.0,0.4560038468520644,7.666666666666667,1.0,0.738108599560538,0.29133579115837543,5.333333333333333,2.160246899469287,2.0,9.0,7.0,SJF_NP
1468,mixed,mixed,8,13.875,5.818880906153691,16.0,8.125,5.4872010169119925,1.0,19.0,65.0,0.6753478173829717,3.823529411764706,0.25,0.6577128878733123,0.2888000535216838,3.75,2.947456530637899,1.0,9.0,8.0,SRTF
1469,scattered,short,7,7.142857142857143,4.120630029101702,11.0,2.142857142857143,0.9897433186107869,1.0,4.0,15.0,0.46188021513615646,1.25,1.0,0.6566141642415249,0.24743582965269673,6.0,3.251373336211726,2.0,10.0,8.0,SRTF
1470,scattered,long,8,11.875,6.173279112432873,16.0,15.125,1.6153559979150107,13.0,18.0,121.0,0.10680039654930316,7.117647058823529,0.0,0.6368659345627722,0.26922599965250177,5.875,3.2185982973959333,1.0,10.0,9.0,SJF_NP
1471,scattered,mixed,8,9.0,7.106335201775948,18.0,11.0,4.6097722286464435,4.0,16.0,88.0,0.41907020256612487,4.631578947368421,0.25,0.625982357801266,0.3545978637420341,5.875,2.9764702249476644,2.0,10.0,8.0,SRTF
1472,clustered,medium,7,8.571428571428571,9.89743318610787,20.0,7.142857142857143,1.4568627181693672,5.0,10.0,50.0,0.2039607805151569,2.380952380952381,0.0,0.5286936578043872,0.24281045302822787,5.571428571428571,3.2888184094918107,1.0,9.0,8.0,SJF_NP
1473,tight,short,7,16.857142857142858,0.8329931278350429,2.0,2.0,0.9258200997725514,1.0,4.0,14.0,0.4629100496548207,4.666666666666667,1.0,0.7223356240549856,0.23145502494313785,5.714285714285714,2.813959371941744,1.0,9.0,8.0,SJF_NP
1474,clustered,mixed,9,10.222222222222221,7.238443322178814,16.0,11.222222222222221,5.553332888711022,3.0,20.0,101.0,0.4948514454846093,5.9411764705882355,0.1111111111111111,0.5742092163424227,0.308518493817279,5.777777777777778,2.779999111821512,1.0,9.0,8.0,SRTF
1475,scattered,long,9,8.444444444444445,5.88993701364381,17.0,15.11111111111111,2.8458329944145997,11.0,20.0,136.0,0.1883271834414445,7.555555555555555,0.0,0.6727812770197883,0.28458329944146,6.555555555555555,2.3622546250521443,3.0,10.0,7.0,SJF_NP
1476,tight,medium,11,8.909090909090908,0.899954085146515,2.0,6.818181818181818,1.6414063713879807,5.0,10.0,75.0,0.24073960110159537,25.0,0.0,0.7000153049511617,0.27356772856466344,5.363636363636363,2.739367122421702,1.0,10.0,9.0,SJF_NP
1477,tight,medium,5,19.0,0.6324555320336759,2.0,6.8,0.39999999999999997,6.0,7.0,34.0,0.05882352940311418,11.333333333333334,0.0,0.7891814893221081,0.19999999999999998,6.8,2.5612496949731396,3.0,10.0,7.0,SJF_NP
1478,ordered,medium,8,11.5,5.979130371550699,18.0,7.125,1.6909686573085854,5.0,10.0,57.0,0.23732893432579039,3.0,0.0,0.685308927813121,0.2818281095514309,5.375,2.7357585785299112,1.0,8.0,7.0,SJF_NP
1479,mixed,mixed,7,8.142857142857142,5.962467644202631,16.0,12.428571428571429,5.178448274397674,4.0,20.0,87.0,0.41665675767663357,5.117647058823529,0.14285714285714285,0.6492666091645511,0.30461460437633375,7.142857142857143,2.8499910490371434,3.0,10.0,7.0,SRTF
1480,ordered,medium,6,9.5,5.439056290693573,14.0,8.5,0.9574271077563381,7.0,10.0,51.0,0.11263848325219995,3.4,0.0,0.6373962472870951,0.23935677693908453,3.6666666666666665,2.4267032964268394,1.0,8.0,7.0,SJF_NP
1481,mixed,mixed,7,13.428571428571429,5.066899385990913,15.0,9.428571428571429,4.952838806674205,2.0,16.0,66.0,0.5253010855006413,4.125,0.2857142857142857,0.6833187883755679,0.3301892537782803,4.857142857142857,2.531435020952764,1.0,9.0,8.0,SJF_NP
1482,ordered,short,6,5.666666666666667,2.8674417556808756,8.0,2.6666666666666665,0.9428090415820634,1.0,4.0,16.0,0.35355339046069123,1.7777777777777777,1.0,0.6813953604799028,0.23570226039551584,5.166666666666667,2.4094720491334933,1.0,8.0,7.0,SJF_NP
1483,scattered,mixed,11,9.454545454545455,5.087661301684808,14.0,12.818181818181818,5.113585858336449,2.0,20.0,141.0,0.39893223005186296,9.4,0.09090909090909091,0.6608225798876795,0.2691360978071815,5.454545454545454,2.9034035313947837,2.0,10.0,8.0,SJF_NP
1484,clustered,short,5,12.2,7.110555533852471,15.0,2.8,1.16619037896906,1.0,4.0,14.0,0.41649656376877264,0.875,1.0,0.5555902791342205,0.291547594742265,6.4,3.1368774282716245,1.0,10.0,9.0,FCFS
1485,clustered,short,8,8.125,3.4798527267687636,8.0,2.375,1.1110243021644486,1.0,4.0,19.0,0.46779970597753634,2.111111111111111,1.0,0.6133496970256929,0.27775607554111215,7.5,2.179449471770337,4.0,10.0,6.0,SRTF
1486,clustered,short,7,11.571428571428571,8.015291508060306,17.0,3.142857142857143,1.124858267715973,1.0,4.0,22.0,0.35790944870483843,1.2222222222222223,1.0,0.554706027329983,0.28121456692899327,6.0,3.2071349029490928,1.0,10.0,9.0,SJF_NP
1487,clustered,short,8,11.125,5.134138194478212,12.0,2.625,1.1110243021644486,1.0,4.0,21.0,0.42324735304426714,1.6153846153846154,1.0,0.6050662927324453,0.27775607554111215,6.125,2.5708704751503917,2.0,10.0,8.0,SJF_NP
1488,scattered,mixed,11,10.090909090909092,5.775410972461306,18.0,10.636363636363637,6.47053078155427,2.0,20.0,117.0,0.6083405007726942,6.157894736842105,0.2727272727272727,0.6960310014494049,0.3405542516607511,5.363636363636363,2.6379305688267105,1.0,9.0,8.0,SRTF
1489,mixed,mixed,6,10.666666666666666,7.295356209413097,19.0,6.666666666666667,4.9216076867444665,3.0,15.0,40.0,0.7382411529009337,2.0,0.6666666666666666,0.6352321895293451,0.3785852066726513,6.333333333333333,2.357022603955158,2.0,9.0,7.0,SRTF
1490,clustered,medium,5,2.4,4.8,12.0,8.6,1.4966629547095764,6.0,10.0,43.0,0.17403057610878442,3.3076923076923075,0.0,0.6307692307692307,0.2993325909419153,6.0,2.898275349237888,3.0,10.0,7.0,SJF_NP
1491,clustered,medium,11,7.7272727272727275,3.0775110690565017,7.0,8.090909090909092,1.6211413181933645,5.0,10.0,89.0,0.20036578087553913,11.125,0.0,0.6153111163679372,0.27019021969889406,5.090909090909091,2.5028908905338554,1.0,8.0,7.0,SJF_NP
1492,mixed,mixed,10,9.0,5.059644256269407,18.0,10.7,6.753517601961218,2.0,19.0,107.0,0.6311698692831821,5.631578947368421,0.4,0.7337029338805575,0.3751954223311788,7.0,2.8284271247461903,1.0,10.0,9.0,SRTF
1493,clustered,short,11,7.363636363636363,8.070966228882922,17.0,2.4545454545454546,1.1570838237598051,1.0,4.0,27.0,0.47140452059897797,1.5,1.0,0.5516129872842821,0.2892709559399513,5.363636363636363,2.7723546694503463,1.0,9.0,8.0,SJF_NP
1494,ordered,short,6,8.5,2.565800719723442,8.0,2.5,1.118033988749895,1.0,4.0,15.0,0.4472135953210725,1.6666666666666667,1.0,0.7149110311418398,0.2795084971874737,4.666666666666667,3.144660377352201,1.0,9.0,8.0,SJF_NP
1495,tight,medium,10,19.7,0.45825756949558394,1.0,7.4,1.8,5.0,10.0,74.0,0.24324324321037252,37.0,0.0,0.770871215252208,0.3,5.6,2.4576411454889016,1.0,10.0,9.0,SRTF
1496,clustered,mixed,6,10.5,2.8722813232690143,7.0,8.833333333333334,6.743309441381303,1.0,19.0,53.0,0.7633935215793859,6.625,0.3333333333333333,0.6409648345913732,0.3549110232305949,5.166666666666667,2.1147629234082532,2.0,9.0,7.0,SJF_NP
1497,clustered,medium,11,8.909090909090908,1.6211413181933645,4.0,7.363636363636363,1.6663911618021234,5.0,10.0,81.0,0.2263000342880748,16.2,0.0,0.6757717363613271,0.2777318603003539,4.545454545454546,2.4257571025684244,1.0,10.0,9.0,SJF_NP
1498,scattered,long,5,10.4,2.870540018881465,8.0,16.6,1.3564659966250536,15.0,18.0,83.0,0.08171481906887583,9.222222222222221,0.0,0.6810511090131706,0.3391164991562634,5.6,2.0591260281974,2.0,8.0,6.0,SJF_NP
1499,scattered,short,5,12.4,7.787168933572714,18.0,2.6,1.2000000000000002,1.0,4.0,13.0,0.4615384613609468,0.6842105263157895,1.0,0.5901490034961729,0.30000000000000004,5.2,1.7204650534085255,2.0,7.0,5.0,SJF_NP
